ISO-10303-21;
HEADER;
FILE_DESCRIPTION (( 'STEP AP214' ),
    '1' );
FILE_NAME ('112TR.STEP',
    '2013-10-10T13:20:47',
    ( '' ),
    ( '' ),
    'SwSTEP 2.0',
    'SolidWorks 2013',
    '' );
FILE_SCHEMA (( 'AUTOMOTIVE_DESIGN' ));
ENDSEC;

DATA;
#1 = FACE_OUTER_BOUND ( 'NONE', #3195, .T. ) ;
#2 = STYLED_ITEM ( 'NONE', ( #2136 ), #2277 ) ;
#3 =( CONVERSION_BASED_UNIT ( 'INCH', #1105 ) LENGTH_UNIT ( ) NAMED_UNIT ( #2745 ) );
#4 = ADVANCED_FACE ( 'NONE', ( #3254 ), #538, .T. ) ;
#5 = CARTESIAN_POINT ( 'NONE',  ( 0.1841165628820210800, 0.03036578378730269200, 0.04700000000000006900 ) ) ;
#6 = CARTESIAN_POINT ( 'NONE',  ( -0.1480472776505953300, 0.01448939085300370700, -0.03239060358527958600 ) ) ;
#7 = ORIENTED_EDGE ( 'NONE', *, *, #3456, .F. ) ;
#8 = CARTESIAN_POINT ( 'NONE',  ( 0.1538063640131546500, 0.02141124267390011700, -0.06621491822377283100 ) ) ;
#9 = CARTESIAN_POINT ( 'NONE',  ( -0.1405628328110793700, 0.02260441136696423800, -0.03874325112191568500 ) ) ;
#10 = SURFACE_SIDE_STYLE ('',( #2375 ) ) ;
#11 = DIRECTION ( 'NONE',  ( 0.9659258262890680900, -0.2588190451025218500, 0.0000000000000000000 ) ) ;
#12 = EDGE_LOOP ( 'NONE', ( #291, #2743, #454, #107, #1917, #3652 ) ) ;
#13 = CIRCLE ( 'NONE', #424, 0.01904313772181160200 ) ;
#14 = UNCERTAINTY_MEASURE_WITH_UNIT (LENGTH_MEASURE( 1.000000000000000100E-005 ), #75, 'distance_accuracy_value', 'NONE');
#15 = EDGE_CURVE ( 'NONE', #573, #2317, #3643, .T. ) ;
#16 = ORIENTED_EDGE ( 'NONE', *, *, #135, .F. ) ;
#17 = MECHANICAL_DESIGN_GEOMETRIC_PRESENTATION_REPRESENTATION (  '', ( #2800 ), #213 ) ;
#18 =( CONVERSION_BASED_UNIT ( 'INCH', #996 ) LENGTH_UNIT ( ) NAMED_UNIT ( #1081 ) );
#19 = CARTESIAN_POINT ( 'NONE',  ( -0.1424340780307524200, 0.01919699563455609000, 0.005062058058026799000 ) ) ;
#20 = ORIENTED_EDGE ( 'NONE', *, *, #1984, .T. ) ;
#21 =( CONVERSION_BASED_UNIT ( 'INCH', #359 ) LENGTH_UNIT ( ) NAMED_UNIT ( #938 ) );
#22 = CARTESIAN_POINT ( 'NONE',  ( -0.07000000000000000700, 0.0000000000000000000, 0.07800000000000000000 ) ) ;
#23 = EDGE_LOOP ( 'NONE', ( #1349, #1578, #3349, #760, #2407 ) ) ;
#24 = ORIENTED_EDGE ( 'NONE', *, *, #82, .F. ) ;
#25 = CARTESIAN_POINT ( 'NONE',  ( 0.1576257156231048200, 0.02451175727244900600, -0.02778508177622728700 ) ) ;
#26 = SURFACE_STYLE_USAGE ( .BOTH. , #1765 ) ;
#27 = DIRECTION ( 'NONE',  ( 0.9659258262890680900, -0.2588190451025215200, -1.169881808018175200E-015 ) ) ;
#28 = DIMENSIONAL_EXPONENTS ( 1.000000000000000000, 0.0000000000000000000, 0.0000000000000000000, 0.0000000000000000000, 0.0000000000000000000, 0.0000000000000000000, 0.0000000000000000000 ) ;
#29 = AXIS2_PLACEMENT_3D ( 'NONE', #1880, #139, #2162 ) ;
#30 = DIRECTION ( 'NONE',  ( 0.2588190451025215200, 0.9659258262890680900, -0.0000000000000000000 ) ) ;
#31 = ORIENTED_EDGE ( 'NONE', *, *, #2217, .T. ) ;
#32 = VECTOR ( 'NONE', #1553, 39.37007874015748100 ) ;
#33 = FILL_AREA_STYLE ('',( #2354 ) ) ;
#34 = SURFACE_SIDE_STYLE ('',( #3111 ) ) ;
#35 = DIRECTION ( 'NONE',  ( -0.2588190451025229000, -0.9659258262890677600, -0.0000000000000000000 ) ) ;
#36 = CARTESIAN_POINT ( 'NONE',  ( -0.07155291427061515100, 0.0002044450422655908300, 0.01533419328487060400 ) ) ;
#37 = LENGTH_MEASURE_WITH_UNIT ( LENGTH_MEASURE( 0.02539999999999999900 ), #2951 );
#38 = CARTESIAN_POINT ( 'NONE',  ( -0.1424340780307523400, 0.01919699563455609700, -0.04700000000000004900 ) ) ;
#39 =( BOUNDED_SURFACE ( )  B_SPLINE_SURFACE ( 3, 3, ( 
 ( #461, #2451, #748, #2757 ),
 ( #1043, #3036, #1332, #3321 ),
 ( #1623, #3443, #809, #2817 ),
 ( #1103, #3094, #1396, #3381 ) ),
 .UNSPECIFIED., .F., .F., .F. ) 
 B_SPLINE_SURFACE_WITH_KNOTS ( ( 4, 4 ),
 ( 4, 4 ),
 ( 0.0000000000000000000, 1.000000000000000000 ),
 ( 0.0000000000000000000, 1.000000000000000000 ),
 .UNSPECIFIED. ) 
 GEOMETRIC_REPRESENTATION_ITEM ( )  RATIONAL_B_SPLINE_SURFACE ( (
 ( 1.000000000000000000, 0.3333333333333335400, 0.3333333333333335400, 1.000000000000000000),
 ( 0.9427141906301176300, 0.3142380635433727500, 0.3142380635433727500, 0.9427141906301176300),
 ( 0.9427141906301176300, 0.3142380635433727500, 0.3142380635433727500, 0.9427141906301176300),
 ( 1.000000000000000000, 0.3333333333333335400, 0.3333333333333335400, 1.000000000000000000) ) ) 
 REPRESENTATION_ITEM ( '' )  SURFACE ( )  );
#40 =( CONVERSION_BASED_UNIT ( 'INCH', #1188 ) LENGTH_UNIT ( ) NAMED_UNIT ( #3062 ) );
#41 = FILL_AREA_STYLE_COLOUR ( '', #604 ) ;
#42 = VERTEX_POINT ( 'NONE', #575 ) ;
#43 = VECTOR ( 'NONE', #1729, 39.37007874015748100 ) ;
#44 = PLANE ( 'NONE',  #2296 ) ;
#45 = EDGE_CURVE ( 'NONE', #2359, #822, #3282, .T. ) ;
#46 = CARTESIAN_POINT ( 'NONE',  ( 0.1799335956404845600, 0.02426590062619857600, 0.04700000000000006900 ) ) ;
#47 = CARTESIAN_POINT ( 'NONE',  ( -0.1799335956404845300, 0.02426590062619858300, -0.04700000000000006300 ) ) ;
#48 = DIMENSIONAL_EXPONENTS ( 1.000000000000000000, 0.0000000000000000000, 0.0000000000000000000, 0.0000000000000000000, 0.0000000000000000000, 0.0000000000000000000, 0.0000000000000000000 ) ;
#49 = LENGTH_MEASURE_WITH_UNIT ( LENGTH_MEASURE( 0.02539999999999999900 ), #930 );
#50 = CARTESIAN_POINT ( 'NONE',  ( -0.1757549444056437100, 0.03857634961290895600, -0.03874325112191569200 ) ) ;
#51 = FILL_AREA_STYLE_COLOUR ( '', #910 ) ;
#52 = AXIS2_PLACEMENT_3D ( 'NONE', #1774, #30, #2056 ) ;
#53 = PRESENTATION_LAYER_ASSIGNMENT (  '', '', ( #3583 ) ) ;
#54 =( NAMED_UNIT ( * ) SI_UNIT ( $, .STERADIAN. ) SOLID_ANGLE_UNIT ( ) );
#55 = ORIENTED_EDGE ( 'NONE', *, *, #2284, .F. ) ;
#56 =( NAMED_UNIT ( * ) PLANE_ANGLE_UNIT ( ) SI_UNIT ( $, .RADIAN. ) );
#57 = FILL_AREA_STYLE_COLOUR ( '', #560 ) ;
#58 = ORIENTED_EDGE ( 'NONE', *, *, #1000, .T. ) ;
#59 =( NAMED_UNIT ( * ) SI_UNIT ( $, .STERADIAN. ) SOLID_ANGLE_UNIT ( ) );
#60 = ORIENTED_EDGE ( 'NONE', *, *, #977, .F. ) ;
#61 = FILL_AREA_STYLE ('',( #935 ) ) ;
#62 =( NAMED_UNIT ( * ) SI_UNIT ( $, .STERADIAN. ) SOLID_ANGLE_UNIT ( ) );
#63 = CARTESIAN_POINT ( 'NONE',  ( 0.07310582854123028100, -0.005591109915468817400, 0.07800000000000000000 ) ) ;
#64 = UNCERTAINTY_MEASURE_WITH_UNIT (LENGTH_MEASURE( 1.000000000000000100E-005 ), #407, 'distance_accuracy_value', 'NONE');
#65 = CIRCLE ( 'NONE', #3243, 0.01023622047244094100 ) ;
#66 = UNCERTAINTY_MEASURE_WITH_UNIT (LENGTH_MEASURE( 1.000000000000000100E-005 ), #2329, 'distance_accuracy_value', 'NONE');
#67 = CARTESIAN_POINT ( 'NONE',  ( 0.1576257156231048200, 0.02451175727244904100, 0.06621491822377280300 ) ) ;
#68 = MECHANICAL_DESIGN_GEOMETRIC_PRESENTATION_REPRESENTATION (  '', ( #3421 ), #275 ) ;
#69 = DIMENSIONAL_EXPONENTS ( 1.000000000000000000, 0.0000000000000000000, 0.0000000000000000000, 0.0000000000000000000, 0.0000000000000000000, 0.0000000000000000000, 0.0000000000000000000 ) ;
#70 = CARTESIAN_POINT ( 'NONE',  ( -0.1670497772732067700, 0.02291494197020654100, -0.03227366782359544100 ) ) ;
#71 = UNCERTAINTY_MEASURE_WITH_UNIT (LENGTH_MEASURE( 1.000000000000000100E-005 ), #2448, 'distance_accuracy_value', 'NONE');
#72 = VECTOR ( 'NONE', #2446, 39.37007874015748100 ) ;
#73 = MECHANICAL_DESIGN_GEOMETRIC_PRESENTATION_REPRESENTATION (  '', ( #3047 ), #276 ) ;
#74 = SURFACE_SIDE_STYLE ('',( #2480 ) ) ;
#75 =( CONVERSION_BASED_UNIT ( 'INCH', #998 ) LENGTH_UNIT ( ) NAMED_UNIT ( #2953 ) );
#76 = FILL_AREA_STYLE_COLOUR ( '', #3112 ) ;
#77 = CARTESIAN_POINT ( 'NONE',  ( -0.07000000000000000700, -2.667820306312757000E-018, -0.01600000000000004200 ) ) ;
#78 = ORIENTED_EDGE ( 'NONE', *, *, #2992, .F. ) ;
#79 = CARTESIAN_POINT ( 'NONE',  ( 0.1856694771522178800, 0.02457022883112959500, -0.04700000000000005600 ) ) ;
#80 = CARTESIAN_POINT ( 'NONE',  ( 0.1538063640131546700, 0.02141124267390016500, 0.02778508177622732500 ) ) ;
#81 = EDGE_CURVE ( 'NONE', #2569, #3017, #705, .T. ) ;
#82 = EDGE_CURVE ( 'NONE', #338, #1709, #614, .T. ) ;
#83 = MECHANICAL_DESIGN_GEOMETRIC_PRESENTATION_REPRESENTATION (  '', ( #3435 ), #290 ) ;
#84 = CARTESIAN_POINT ( 'NONE',  ( -0.1707728864236331100, 0.02232063740079146700, -0.03227366782359544100 ) ) ;
#85 =( NAMED_UNIT ( * ) PLANE_ANGLE_UNIT ( ) SI_UNIT ( $, .RADIAN. ) );
#86 = CARTESIAN_POINT ( 'NONE',  ( 0.07155291427061515100, 0.0002044450422655929700, -0.01600000000000003200 ) ) ;
#87 = SURFACE_SIDE_STYLE ('',( #3008 ) ) ;
#88 = CARTESIAN_POINT ( 'NONE',  ( 0.1757549444056436800, 0.03857634961290894200, -0.05525674887808446100 ) ) ;
#89 = PRODUCT_CONTEXT ( 'NONE', #3535, 'mechanical' ) ;
#91 = VECTOR ( 'NONE', #1762, 39.37007874015748100 ) ;
#90 = DIMENSIONAL_EXPONENTS ( 1.000000000000000000, 0.0000000000000000000, 0.0000000000000000000, 0.0000000000000000000, 0.0000000000000000000, 0.0000000000000000000, 0.0000000000000000000 ) ;
#92 = COLOUR_RGB ( '',1.000000000000000000, 0.8039215686274510100, 0.4941176470588235500 ) ;
#93 = AXIS2_PLACEMENT_3D ( 'NONE', #261, #2270, #562 ) ;
#95 = UNCERTAINTY_MEASURE_WITH_UNIT (LENGTH_MEASURE( 1.000000000000000100E-005 ), #738, 'distance_accuracy_value', 'NONE');
#94 = DIRECTION ( 'NONE',  ( -0.9659258262890682000, -0.2588190451025214600, -8.965985653112920800E-016 ) ) ;
#96 = SURFACE_STYLE_USAGE ( .BOTH. , #1846 ) ;
#97 = ORIENTED_EDGE ( 'NONE', *, *, #1461, .F. ) ;
#98 = AXIS2_PLACEMENT_3D ( 'NONE', #980, #2986, #1276 ) ;
#99 = CARTESIAN_POINT ( 'NONE',  ( -0.1739298971459620500, 0.02025956414486004800, -0.03227366782359544100 ) ) ;
#100 = DIRECTION ( 'NONE',  ( 0.9659258262890676500, -0.2588190451025228500, 0.0000000000000000000 ) ) ;
#101 = CARTESIAN_POINT ( 'NONE',  ( -0.07310582854123025300, -0.005591109915468819200, 0.07800000000000000000 ) ) ;
#102 =( CONVERSION_BASED_UNIT ( 'INCH', #3027 ) LENGTH_UNIT ( ) NAMED_UNIT ( #28 ) );
#103 = VERTEX_POINT ( 'NONE', #3517 ) ;
#104 = DIRECTION ( 'NONE',  ( 1.000000000000000000, -1.778546870875171200E-015, 0.0000000000000000000 ) ) ;
#105 = FILL_AREA_STYLE ('',( #402 ) ) ;
#106 = CARTESIAN_POINT ( 'NONE',  ( 0.1433792542216360300, 0.01996036019956384100, -0.04700000000000006300 ) ) ;
#107 = ORIENTED_EDGE ( 'NONE', *, *, #312, .F. ) ;
#108 = CARTESIAN_POINT ( 'NONE',  ( -0.1799335956404845600, 0.02426590062619856900, -0.08012942142257530000 ) ) ;
#109 = ORIENTED_EDGE ( 'NONE', *, *, #1490, .T. ) ;
#110 = EDGE_CURVE ( 'NONE', #1175, #2015, #2909, .T. ) ;
#111 = AXIS2_PLACEMENT_3D ( 'NONE', #1624, #1611, #1603 ) ;
#112 = ORIENTED_EDGE ( 'NONE', *, *, #2264, .T. ) ;
#113 = CARTESIAN_POINT ( 'NONE',  ( 0.1639028465827198400, 0.01873787774390249900, -0.07799999999999944500 ) ) ;
#114 = CARTESIAN_POINT ( 'NONE',  ( 0.1829430192539159600, 0.03005133372154261300, 0.04700000000000006900 ) ) ;
#115 = EDGE_LOOP ( 'NONE', ( #839, #1807, #1397 ) ) ;
#116 = ORIENTED_EDGE ( 'NONE', *, *, #1702, .T. ) ;
#117 = DIMENSIONAL_EXPONENTS ( 1.000000000000000000, 0.0000000000000000000, 0.0000000000000000000, 0.0000000000000000000, 0.0000000000000000000, 0.0000000000000000000, 0.0000000000000000000 ) ;
#118 = CARTESIAN_POINT ( 'NONE',  ( -0.1609575297236173200, 0.03108441523156372700, -0.04067201956002122800 ) ) ;
#119 = CARTESIAN_POINT ( 'NONE',  ( -0.1576257156231048200, 0.02451175727244900600, 0.06621491822377283100 ) ) ;
#120 = DIRECTION ( 'NONE',  ( -0.9659258262890677600, 0.2588190451025228500, 0.0000000000000000000 ) ) ;
#121 = STYLED_ITEM ( 'NONE', ( #2436 ), #245 ) ;
#122 = CARTESIAN_POINT ( 'NONE',  ( 0.1829430192539159600, 0.03005133372154262000, 0.04700000000000006300 ) ) ;
#123 = CARTESIAN_POINT ( 'NONE',  ( -0.1830201483440818400, 0.03445765854904917600, -0.04700000000000006300 ) ) ;
#124 = CARTESIAN_POINT ( 'NONE',  ( 0.1623775049890052400, 0.02578499539564483800, -0.06621491822377283100 ) ) ;
#125 = LENGTH_MEASURE_WITH_UNIT ( LENGTH_MEASURE( 0.02539999999999999900 ), #2378 );
#126 =( BOUNDED_SURFACE ( )  B_SPLINE_SURFACE ( 3, 3, ( 
 ( #3182, #902, #2915, #1205 ),
 ( #3196, #1493, #3476, #1779 ),
 ( #38, #2063, #334, #2332 ),
 ( #631, #2628, #912, #2927 ) ),
 .UNSPECIFIED., .F., .F., .T. ) 
 B_SPLINE_SURFACE_WITH_KNOTS ( ( 4, 4 ),
 ( 4, 4 ),
 ( 0.0000000000000000000, 1.000000000000000000 ),
 ( 0.0000000000000000000, 1.000000000000000000 ),
 .UNSPECIFIED. ) 
 GEOMETRIC_REPRESENTATION_ITEM ( )  RATIONAL_B_SPLINE_SURFACE ( (
 ( 1.000000000000000000, 0.3333333333333332000, 0.3333333333333332000, 1.000000000000000000),
 ( 0.9427141906301181900, 0.3142380635433725800, 0.3142380635433725800, 0.9427141906301181900),
 ( 0.9427141906301181900, 0.3142380635433725800, 0.3142380635433725800, 0.9427141906301181900),
 ( 1.000000000000000000, 0.3333333333333332000, 0.3333333333333332000, 1.000000000000000000) ) ) 
 REPRESENTATION_ITEM ( '' )  SURFACE ( )  );
#127 =( GEOMETRIC_REPRESENTATION_CONTEXT ( 3 ) GLOBAL_UNCERTAINTY_ASSIGNED_CONTEXT ( ( #1433 ) ) GLOBAL_UNIT_ASSIGNED_CONTEXT ( ( #1240, #3229, #1530 ) ) REPRESENTATION_CONTEXT ( 'NONE', 'WORKASPACE' ) );
#128 =( NAMED_UNIT ( * ) PLANE_ANGLE_UNIT ( ) SI_UNIT ( $, .RADIAN. ) );
#129 = PRESENTATION_LAYER_ASSIGNMENT (  '', '', ( #3286 ) ) ;
#130 = CARTESIAN_POINT ( 'NONE',  ( 0.1428134486740990900, 0.01308699060793902400, 0.04700000000000006300 ) ) ;
#131 =( CONVERSION_BASED_UNIT ( 'INCH', #1990 ) LENGTH_UNIT ( ) NAMED_UNIT ( #417 ) );
#132 = ORIENTED_EDGE ( 'NONE', *, *, #340, .T. ) ;
#133 = LINE ( 'NONE', #3693, #2333 ) ;
#134 = SURFACE_STYLE_USAGE ( .BOTH. , #1879 ) ;
#135 = EDGE_CURVE ( 'NONE', #2100, #1399, #3560, .T. ) ;
#136 = MECHANICAL_DESIGN_GEOMETRIC_PRESENTATION_REPRESENTATION (  '', ( #2379 ), #289 ) ;
#137 = PRESENTATION_STYLE_ASSIGNMENT (( #2059 ) ) ;
#138 = LENGTH_MEASURE_WITH_UNIT ( LENGTH_MEASURE( 0.02539999999999999900 ), #3337 );
#139 = DIRECTION ( 'NONE',  ( 0.2588190451025216800, -0.9659258262890680900, 0.0000000000000000000 ) ) ;
#140 = FACE_OUTER_BOUND ( 'NONE', #12, .T. ) ;
#141 = CYLINDRICAL_SURFACE ( 'NONE', #1368, 0.01199999999999996700 ) ;
#142 = LENGTH_MEASURE_WITH_UNIT ( LENGTH_MEASURE( 0.02539999999999999900 ), #2271 );
#143 = CARTESIAN_POINT ( 'NONE',  ( -0.1739298971459620500, 0.02025956414486004800, -0.06172633217640468400 ) ) ;
#144 = AXIS2_PLACEMENT_3D ( 'NONE', #294, #2300, #590 ) ;
#145 = CARTESIAN_POINT ( 'NONE',  ( 0.1841165628820210800, 0.03036578378730269200, -0.04700000000000005600 ) ) ;
#146 = VERTEX_POINT ( 'NONE', #2997 ) ;
#147 = FILL_AREA_STYLE ('',( #3304 ) ) ;
#148 = CARTESIAN_POINT ( 'NONE',  ( -0.07000000000000000700, 0.005999999999999969800, -0.01600000000000003800 ) ) ;
#149 = AXIS2_PLACEMENT_3D ( 'NONE', #2224, #505, #2503 ) ;
#150 = PRESENTATION_LAYER_ASSIGNMENT (  '', '', ( #3491 ) ) ;
#151 = LENGTH_MEASURE_WITH_UNIT ( LENGTH_MEASURE( 0.02539999999999999900 ), #1690 );
#152 = CARTESIAN_POINT ( 'NONE',  ( -0.1405628328110793100, 0.02260441136696421400, 0.05525674887808448100 ) ) ;
#153 = SURFACE_SIDE_STYLE ('',( #2700 ) ) ;
#154 = FILL_AREA_STYLE ('',( #2667 ) ) ;
#155 = ORIENTED_EDGE ( 'NONE', *, *, #3125, .F. ) ;
#156 =( NAMED_UNIT ( * ) SI_UNIT ( $, .STERADIAN. ) SOLID_ANGLE_UNIT ( ) );
#157 = VERTEX_POINT ( 'NONE', #2984 ) ;
#158 = DIRECTION ( 'NONE',  ( -0.9659258262890679800, -0.2588190451025216800, 0.0000000000000000000 ) ) ;
#159 = CARTESIAN_POINT ( 'NONE',  ( -0.1633699731734308500, 0.02208105370647272700, -0.04700000000000006300 ) ) ;
#160 = EDGE_LOOP ( 'NONE', ( #1847, #892, #3003 ) ) ;
#161 = EDGE_CURVE ( 'NONE', #157, #442, #2050, .T. ) ;
#162 = CARTESIAN_POINT ( 'NONE',  ( -0.1757549444056436800, 0.03857634961290894200, 0.05525674887808446100 ) ) ;
#163 = CARTESIAN_POINT ( 'NONE',  ( 0.1667888944592339800, 0.009321465760776890400, 0.04700000000000006300 ) ) ;
#164 = DIRECTION ( 'NONE',  ( 0.9659258262890682000, -0.2588190451025212400, 0.0000000000000000000 ) ) ;
#165 = VECTOR ( 'NONE', #3565, 39.37007874015748100 ) ;
#166 = CARTESIAN_POINT ( 'NONE',  ( 0.1433792542216360000, 0.01996036019956383800, -0.08671685518007665700 ) ) ;
#167 =( LENGTH_UNIT ( ) NAMED_UNIT ( * ) SI_UNIT ( $, .METRE. ) );
#168 = VERTEX_POINT ( 'NONE', #2932 ) ;
#169 = MECHANICAL_DESIGN_GEOMETRIC_PRESENTATION_REPRESENTATION (  '', ( #2948 ), #372 ) ;
#170 = CIRCLE ( 'NONE', #2837, 0.01904313772181161900 ) ;
#171 = DIRECTION ( 'NONE',  ( -0.0000000000000000000, -0.0000000000000000000, -1.000000000000000000 ) ) ;
#172 = LINE ( 'NONE', #2031, #1629 ) ;
#173 = VECTOR ( 'NONE', #2759, 39.37007874015748100 ) ;
#174 = FACE_OUTER_BOUND ( 'NONE', #1024, .T. ) ;
#175 =( GEOMETRIC_REPRESENTATION_CONTEXT ( 3 ) GLOBAL_UNCERTAINTY_ASSIGNED_CONTEXT ( ( #1145 ) ) GLOBAL_UNIT_ASSIGNED_CONTEXT ( ( #2396, #692, #2695 ) ) REPRESENTATION_CONTEXT ( 'NONE', 'WORKASPACE' ) );
#176 = CYLINDRICAL_SURFACE ( 'NONE', #2934, 0.03100000000000002800 ) ;
#177 = CARTESIAN_POINT ( 'NONE',  ( 0.1492725953844384100, 0.01830367271251572400, -0.01781064113762794600 ) ) ;
#178 = UNCERTAINTY_MEASURE_WITH_UNIT (LENGTH_MEASURE( 1.000000000000000100E-005 ), #1627, 'distance_accuracy_value', 'NONE');
#179 = ORIENTED_EDGE ( 'NONE', *, *, #3152, .F. ) ;
#180 = CARTESIAN_POINT ( 'NONE',  ( 0.1588741825631810300, 0.01739045128085960800, -0.02533794633706631900 ) ) ;
#181 = CARTESIAN_POINT ( 'NONE',  ( 0.1757549444056437100, 0.03857634961290895600, 0.03874325112191569200 ) ) ;
#182 = STYLED_ITEM ( 'NONE', ( #2858 ), #2601 ) ;
#183 = COLOUR_RGB ( '',1.000000000000000000, 0.8039215686274510100, 0.4941176470588235500 ) ;
#184 = FILL_AREA_STYLE_COLOUR ( '', #2483 ) ;
#185 = EDGE_CURVE ( 'NONE', #934, #2380, #2816, .T. ) ;
#186 = LINE ( 'NONE', #2024, #969 ) ;
#187 = LINE ( 'NONE', #1680, #2391 ) ;
#188 = PRESENTATION_STYLE_ASSIGNMENT (( #1813 ) ) ;
#189 = CARTESIAN_POINT ( 'NONE',  ( 0.1428134486736807600, 0.01308699060950033000, -0.04700000000000005600 ) ) ;
#190 = PRESENTATION_STYLE_ASSIGNMENT (( #134 ) ) ;
#191 = CARTESIAN_POINT ( 'NONE',  ( -0.1412605344030655500, 0.01888254556723473200, 0.09136782547080582500 ) ) ;
#192 = LENGTH_MEASURE_WITH_UNIT ( LENGTH_MEASURE( 0.02539999999999999900 ), #627 );
#193 = DIMENSIONAL_EXPONENTS ( 1.000000000000000000, 0.0000000000000000000, 0.0000000000000000000, 0.0000000000000000000, 0.0000000000000000000, 0.0000000000000000000, 0.0000000000000000000 ) ;
#194 = DIRECTION ( 'NONE',  ( 0.0000000000000000000, 0.0000000000000000000, -1.000000000000000000 ) ) ;
#195 = CARTESIAN_POINT ( 'NONE',  ( 0.1839155224249372500, 0.02410025807421049500, -0.03818361718566981600 ) ) ;
#196 = ORIENTED_EDGE ( 'NONE', *, *, #1050, .F. ) ;
#197 = CARTESIAN_POINT ( 'NONE',  ( 0.1455688335271081200, 0.01382529375162962400, 0.03608474682119568200 ) ) ;
#198 = CARTESIAN_POINT ( 'NONE',  ( 0.1551355555319929600, 0.01522363548712235200, 0.06172633217640468400 ) ) ;
#199 = EDGE_LOOP ( 'NONE', ( #3127, #483, #2626, #3561, #1204, #1209 ) ) ;
#200 = MECHANICAL_DESIGN_GEOMETRIC_PRESENTATION_REPRESENTATION (  '', ( #3162 ), #408 ) ;
#201 = CARTESIAN_POINT ( 'NONE',  ( 0.1428134486736807000, 0.01308699060950033000, 0.002632174529194312200 ) ) ;
#202 =( CONVERSION_BASED_UNIT ( 'INCH', #3422 ) LENGTH_UNIT ( ) NAMED_UNIT ( #732 ) );
#203 = VERTEX_POINT ( 'NONE', #2091 ) ;
#204 = CARTESIAN_POINT ( 'NONE',  ( -0.1440475445044094300, 0.01341766558654319000, -0.05445676915181252300 ) ) ;
#205 = CARTESIAN_POINT ( 'NONE',  ( 0.07000000000000000700, -0.006000000000000001900, -0.01600000000000004900 ) ) ;
#206 =( NAMED_UNIT ( * ) PLANE_ANGLE_UNIT ( ) SI_UNIT ( $, .RADIAN. ) );
#207 = ORIENTED_EDGE ( 'NONE', *, *, #135, .T. ) ;
#208 = ORIENTED_EDGE ( 'NONE', *, *, #2239, .F. ) ;
#209 = CARTESIAN_POINT ( 'NONE',  ( 0.1466691064876640700, 0.01412011100286441100, 0.03413842939723127400 ) ) ;
#210 = DIMENSIONAL_EXPONENTS ( 1.000000000000000000, 0.0000000000000000000, 0.0000000000000000000, 0.0000000000000000000, 0.0000000000000000000, 0.0000000000000000000, 0.0000000000000000000 ) ;
#211 = EDGE_CURVE ( 'NONE', #3526, #2497, #1294, .T. ) ;
#212 = EDGE_CURVE ( 'NONE', #613, #3526, #526, .T. ) ;
#213 =( GEOMETRIC_REPRESENTATION_CONTEXT ( 3 ) GLOBAL_UNCERTAINTY_ASSIGNED_CONTEXT ( ( #3485 ) ) GLOBAL_UNIT_ASSIGNED_CONTEXT ( ( #2653, #2387, #2370 ) ) REPRESENTATION_CONTEXT ( 'NONE', 'WORKASPACE' ) );
#214 = DIRECTION ( 'NONE',  ( 0.9659258262890680900, 0.2588190451025214100, 0.0000000000000000000 ) ) ;
#215 = DIRECTION ( 'NONE',  ( -1.000000000000000000, 0.0000000000000000000, 0.0000000000000000000 ) ) ;
#216 = CARTESIAN_POINT ( 'NONE',  ( -0.1708504590932609400, 0.02059948490542634600, -0.06811423959819090700 ) ) ;
#217 = B_SPLINE_CURVE_WITH_KNOTS ( 'NONE', 3,
 ( #1437, #1742, #297, #1183, #1155, #1144, #883, #869, #858, #594, #582, #569, #283, #271, #1719, #2584, #2856, #1179, #3168, #1467, #3450, #1752, #6, #2032, #308, #2309, #603, #2607, #890, #2904 ),
 .UNSPECIFIED., .F., .F.,
 ( 4, 1, 2, 2, 2, 1, 2, 2, 2, 1, 2, 2, 2, 1, 2, 2, 4 ),
 ( 0.0000000000000000000, 0.06249999999999716900, 0.09374999999999594800, 0.1249999999999947300, 0.2499999999999907900, 0.3124999999999889000, 0.3437499999999885600, 0.3749999999999882900, 0.4999999999999885600, 0.5624999999999885600, 0.5937499999999894500, 0.6249999999999902300, 0.7499999999999935600, 0.8124999999999952300, 0.8437499999999961100, 0.8749999999999968900, 1.000000000000000000 ),
 .UNSPECIFIED. ) ;
#218 = CARTESIAN_POINT ( 'NONE',  ( 0.07000000000000000700, -1.600692183787654200E-018, 0.07800000000000000000 ) ) ;
#219 = CARTESIAN_POINT ( 'NONE',  ( -0.1609575297236173200, 0.03108441523156371000, 0.04067201956002123400 ) ) ;
#220 = CARTESIAN_POINT ( 'NONE',  ( -0.1428134486736807000, 0.01308699060950033000, 0.09136782547080582500 ) ) ;
#221 = COLOUR_RGB ( '',1.000000000000000000, 0.8039215686274510100, 0.4941176470588235500 ) ;
#222 = COLOUR_RGB ( '',1.000000000000000000, 0.8039215686274510100, 0.4941176470588235500 ) ;
#223 = ADVANCED_FACE ( 'NONE', ( #2141 ), #141, .T. ) ;
#224 = CARTESIAN_POINT ( 'NONE',  ( 0.1480472776505938600, 0.01448939085300330600, 0.03239060358528264600 ) ) ;
#225 = CARTESIAN_POINT ( 'NONE',  ( -0.07000000000000000700, -0.006000000000000000100, -0.07800000000000000000 ) ) ;
#226 = CARTESIAN_POINT ( 'NONE',  ( 0.1707728864236330900, 0.02232063740079143900, -0.06172633217640467700 ) ) ;
#227 = SURFACE_STYLE_USAGE ( .BOTH. , #1955 ) ;
#228 = CIRCLE ( 'NONE', #2113, 0.01459467943118608100 ) ;
#229 = ORIENTED_EDGE ( 'NONE', *, *, #1075, .F. ) ;
#230 = STYLED_ITEM ( 'NONE', ( #2608 ), #1712 ) ;
#231 = CARTESIAN_POINT ( 'NONE',  ( 0.1736604839337968800, 0.03174243744389466200, 0.05332798043997889800 ) ) ;
#232 = DIRECTION ( 'NONE',  ( 0.9659258262890680900, -0.2588190451025214600, 0.0000000000000000000 ) ) ;
#233 = VECTOR ( 'NONE', #3416, 39.37007874015748900 ) ;
#234 = CARTESIAN_POINT ( 'NONE',  ( -0.1938465471976809100, 0.02676126814208081000, 0.04699999999999888300 ) ) ;
#235 = CARTESIAN_POINT ( 'NONE',  ( -0.07000000000000000700, 0.005999999999999969800, 0.07800000000000000000 ) ) ;
#236 = CARTESIAN_POINT ( 'NONE',  ( -0.1639028465827197800, 0.01873787774390259900, 0.01600000000000002800 ) ) ;
#237 = SURFACE_STYLE_FILL_AREA ( #1044 ) ;
#238 = SURFACE_STYLE_FILL_AREA ( #3028 ) ;
#239 = DIRECTION ( 'NONE',  ( -1.000000000000000000, 0.0000000000000000000, -0.0000000000000000000 ) ) ;
#240 = CARTESIAN_POINT ( 'NONE',  ( 0.1609575297236173200, 0.03108441523156372400, -0.05332798043997891800 ) ) ;
#241 = CARTESIAN_POINT ( 'NONE',  ( -0.1609575297236173200, 0.03108441523156372000, -0.04067201956002123400 ) ) ;
#242 = SURFACE_SIDE_STYLE ('',( #1793 ) ) ;
#243 = ORIENTED_EDGE ( 'NONE', *, *, #3686, .T. ) ;
#244 = CARTESIAN_POINT ( 'NONE',  ( 0.1518181397021370900, 0.01549979029448347700, 0.06519224204185258800 ) ) ;
#245 = ADVANCED_FACE ( 'NONE', ( #1699 ), #2789, .F. ) ;
#246 =( BOUNDED_SURFACE ( )  B_SPLINE_SURFACE ( 3, 3, ( 
 ( #1983, #1148, #3134, #1441 ),
 ( #3420, #2357, #667, #2665 ),
 ( #960, #2965, #1252, #3240 ),
 ( #1543, #3528, #1833, #79 ) ),
 .UNSPECIFIED., .F., .F., .F. ) 
 B_SPLINE_SURFACE_WITH_KNOTS ( ( 4, 4 ),
 ( 4, 4 ),
 ( 0.0000000000000000000, 1.000000000000000000 ),
 ( 0.0000000000000000000, 1.000000000000000000 ),
 .UNSPECIFIED. ) 
 GEOMETRIC_REPRESENTATION_ITEM ( )  RATIONAL_B_SPLINE_SURFACE ( (
 ( 1.000000000000000000, 0.3333333333333332000, 0.3333333333333332000, 1.000000000000000000),
 ( 0.9427141906301195200, 0.3142380635433730300, 0.3142380635433730300, 0.9427141906301195200),
 ( 0.9427141906301195200, 0.3142380635433730300, 0.3142380635433730300, 0.9427141906301195200),
 ( 1.000000000000000000, 0.3333333333333332000, 0.3333333333333332000, 1.000000000000000000) ) ) 
 REPRESENTATION_ITEM ( '' )  SURFACE ( )  );
#247 =( NAMED_UNIT ( * ) PLANE_ANGLE_UNIT ( ) SI_UNIT ( $, .RADIAN. ) );
#248 = VERTEX_POINT ( 'NONE', #635 ) ;
#249 = FILL_AREA_STYLE ('',( #1413 ) ) ;
#250 = CARTESIAN_POINT ( 'NONE',  ( 0.1669530362584811000, 0.01955517360428445800, -0.06918126958837483900 ) ) ;
#251 = DIRECTION ( 'NONE',  ( 0.0000000000000000000, 0.0000000000000000000, -1.000000000000000000 ) ) ;
#252 = AXIS2_PLACEMENT_3D ( 'NONE', #1500, #3481, #1788 ) ;
#253 = ORIENTED_EDGE ( 'NONE', *, *, #1487, .T. ) ;
#254 = MECHANICAL_DESIGN_GEOMETRIC_PRESENTATION_REPRESENTATION (  '', ( #3583 ), #455 ) ;
#255 = CARTESIAN_POINT ( 'NONE',  ( 0.1804356481773945800, 0.02316782857981954100, 0.06160939641471863100 ) ) ;
#256 = VERTEX_POINT ( 'NONE', #2943 ) ;
#257 = ORIENTED_EDGE ( 'NONE', *, *, #686, .F. ) ;
#258 = CARTESIAN_POINT ( 'NONE',  ( 0.1546761943016616600, 0.02940133647786168400, -0.04067201956002123400 ) ) ;
#259 = CARTESIAN_POINT ( 'NONE',  ( -0.1841165628820210800, 0.03036578378730269600, -0.04700000000000006900 ) ) ;
#260 = CARTESIAN_POINT ( 'NONE',  ( 0.1433201161844079000, 0.01322275175564724600, -0.05256337331910306000 ) ) ;
#261 = CARTESIAN_POINT ( 'NONE',  ( -0.07000000000000000700, 0.005999999999999969800, -0.01600000000000003800 ) ) ;
#262 = VECTOR ( 'NONE', #2691, 39.37007874015748900 ) ;
#263 = ADVANCED_FACE ( 'NONE', ( #566 ), #3210, .T. ) ;
#264 = SURFACE_STYLE_USAGE ( .BOTH. , #1998 ) ;
#265 = EDGE_LOOP ( 'NONE', ( #1171, #2553, #2278, #488, #207 ) ) ;
#266 = ORIENTED_EDGE ( 'NONE', *, *, #490, .F. ) ;
#267 = EDGE_CURVE ( 'NONE', #354, #1231, #2228, .T. ) ;
#268 = CARTESIAN_POINT ( 'NONE',  ( -0.1634080012417073700, 0.02193913102355123100, 0.06172633217640468400 ) ) ;
#269 = CYLINDRICAL_SURFACE ( 'NONE', #864, 0.005999999999999975000 ) ;
#270 = CARTESIAN_POINT ( 'NONE',  ( -0.1588741825631824500, 0.01739045128086000000, 0.02533794633706630200 ) ) ;
#271 = CARTESIAN_POINT ( 'NONE',  ( -0.1696087432648116000, 0.02026676815196440000, -0.02533794633706634400 ) ) ;
#272 = EDGE_LOOP ( 'NONE', ( #303, #1878, #2673, #734, #2021 ) ) ;
#273 = CARTESIAN_POINT ( 'NONE',  ( -0.1850077238629865600, 0.02439291256750789400, 0.05251637122293459400 ) ) ;
#274 =( NAMED_UNIT ( * ) SI_UNIT ( $, .STERADIAN. ) SOLID_ANGLE_UNIT ( ) );
#275 =( GEOMETRIC_REPRESENTATION_CONTEXT ( 3 ) GLOBAL_UNCERTAINTY_ASSIGNED_CONTEXT ( ( #1552 ) ) GLOBAL_UNIT_ASSIGNED_CONTEXT ( ( #1533, #3513, #1819 ) ) REPRESENTATION_CONTEXT ( 'NONE', 'WORKASPACE' ) );
#276 =( GEOMETRIC_REPRESENTATION_CONTEXT ( 3 ) GLOBAL_UNCERTAINTY_ASSIGNED_CONTEXT ( ( #1871 ) ) GLOBAL_UNIT_ASSIGNED_CONTEXT ( ( #131, #2154, #440 ) ) REPRESENTATION_CONTEXT ( 'NONE', 'WORKASPACE' ) );
#277 = CARTESIAN_POINT ( 'NONE',  ( -0.1672388651455729800, 0.03276749398526573900, 0.05332798043997889800 ) ) ;
#278 = ADVANCED_FACE ( 'NONE', ( #1737, #3245 ), #382, .F. ) ;
#279 = COLOUR_RGB ( '',1.000000000000000000, 0.8039215686274510100, 0.4941176470588235500 ) ;
#280 = DIRECTION ( 'NONE',  ( 0.2588190451025215200, 0.9659258262890680900, -0.0000000000000000000 ) ) ;
#281 = CARTESIAN_POINT ( 'NONE',  ( -0.1839155224249373600, 0.02410025807421050900, 0.03818361718566966300 ) ) ;
#282 = DIRECTION ( 'NONE',  ( 0.0000000000000000000, 1.000000000000000000, -0.0000000000000000000 ) ) ;
#283 = CARTESIAN_POINT ( 'NONE',  ( -0.1727590661736551900, 0.02111089463128629200, -0.02663258524927427200 ) ) ;
#284 = COLOUR_RGB ( '',1.000000000000000000, 0.8039215686274510100, 0.4941176470588235500 ) ;
#285 = CARTESIAN_POINT ( 'NONE',  ( -0.1608828939028326400, 0.01792868386214650800, 0.06899152921377253700 ) ) ;
#286 =( NAMED_UNIT ( * ) PLANE_ANGLE_UNIT ( ) SI_UNIT ( $, .RADIAN. ) );
#287 = PRESENTATION_STYLE_ASSIGNMENT (( #2788 ) ) ;
#288 = EDGE_CURVE ( 'NONE', #1125, #1706, #1383, .T. ) ;
#289 =( GEOMETRIC_REPRESENTATION_CONTEXT ( 3 ) GLOBAL_UNCERTAINTY_ASSIGNED_CONTEXT ( ( #3440 ) ) GLOBAL_UNIT_ASSIGNED_CONTEXT ( ( #920, #714, #700 ) ) REPRESENTATION_CONTEXT ( 'NONE', 'WORKASPACE' ) );
#290 =( GEOMETRIC_REPRESENTATION_CONTEXT ( 3 ) GLOBAL_UNCERTAINTY_ASSIGNED_CONTEXT ( ( #444 ) ) GLOBAL_UNIT_ASSIGNED_CONTEXT ( ( #1864, #2406, #3665 ) ) REPRESENTATION_CONTEXT ( 'NONE', 'WORKASPACE' ) );
#291 = ORIENTED_EDGE ( 'NONE', *, *, #1272, .F. ) ;
#292 = EDGE_LOOP ( 'NONE', ( #959, #2869, #1495, #1256 ) ) ;
#293 = VERTEX_POINT ( 'NONE', #3172 ) ;
#294 = CARTESIAN_POINT ( 'NONE',  ( 0.1623278859655180900, 0.02597017611232081300, 0.04700000000000006300 ) ) ;
#295 = CARTESIAN_POINT ( 'NONE',  ( 0.07000000000000000700, -1.600692183787654200E-018, -0.07800000000000000000 ) ) ;
#296 = ORIENTED_EDGE ( 'NONE', *, *, #541, .F. ) ;
#297 = CARTESIAN_POINT ( 'NONE',  ( -0.1854769149748961000, 0.02451863194703994600, -0.04350529656604756200 ) ) ;
#298 = ORIENTED_EDGE ( 'NONE', *, *, #3572, .F. ) ;
#299 = AXIS2_PLACEMENT_3D ( 'NONE', #3457, #1755, #11 ) ;
#300 = CARTESIAN_POINT ( 'NONE',  ( -0.1428134486740990900, 0.01308699060793902400, 0.04700000000000005600 ) ) ;
#301 = ADVANCED_FACE ( 'NONE', ( #609 ), #2390, .T. ) ;
#302 =( CONVERSION_BASED_UNIT ( 'INCH', #884 ) LENGTH_UNIT ( ) NAMED_UNIT ( #1760 ) );
#303 = ORIENTED_EDGE ( 'NONE', *, *, #804, .F. ) ;
#304 = ORIENTED_EDGE ( 'NONE', *, *, #542, .T. ) ;
#305 = AXIS2_PLACEMENT_3D ( 'NONE', #3544, #1852, #104 ) ;
#306 =( NAMED_UNIT ( * ) SI_UNIT ( $, .STERADIAN. ) SOLID_ANGLE_UNIT ( ) );
#307 = CARTESIAN_POINT ( 'NONE',  ( 0.1412605344030656000, 0.01888254556723474200, 0.002632174529194380700 ) ) ;
#308 = CARTESIAN_POINT ( 'NONE',  ( -0.1455688335271101400, 0.01382529375163018100, -0.03608474682119148400 ) ) ;
#309 = CARTESIAN_POINT ( 'NONE',  ( 0.1623775049890052400, 0.02578499539564483100, -0.06621491822377284500 ) ) ;
#310 = CARTESIAN_POINT ( 'NONE',  ( -0.1576257156231048200, 0.02451175727244904500, -0.02778508177622732500 ) ) ;
#311 =( LENGTH_UNIT ( ) NAMED_UNIT ( * ) SI_UNIT ( $, .METRE. ) );
#312 = EDGE_CURVE ( 'NONE', #1621, #3518, #186, .T. ) ;
#313 = CARTESIAN_POINT ( 'NONE',  ( -0.1841165628816027500, 0.03036578378886400600, 0.002632174529194380700 ) ) ;
#314 = EDGE_CURVE ( 'NONE', #2675, #442, #217, .T. ) ;
#315 =( NAMED_UNIT ( * ) SI_UNIT ( $, .STERADIAN. ) SOLID_ANGLE_UNIT ( ) );
#316 = CARTESIAN_POINT ( 'NONE',  ( -0.1841165628816027700, 0.03036578378886399500, 0.04700000000000005600 ) ) ;
#317 =( NAMED_UNIT ( * ) SI_UNIT ( $, .STERADIAN. ) SOLID_ANGLE_UNIT ( ) );
#318 = CARTESIAN_POINT ( 'NONE',  ( -0.1922936329270657800, 0.03255682309981521000, 0.04699999999999888300 ) ) ;
#319 = ORIENTED_EDGE ( 'NONE', *, *, #919, .F. ) ;
#320 =( CONVERSION_BASED_UNIT ( 'INCH', #3454 ) LENGTH_UNIT ( ) NAMED_UNIT ( #3267 ) );
#321 = UNCERTAINTY_MEASURE_WITH_UNIT (LENGTH_MEASURE( 1.000000000000000100E-005 ), #1109, 'distance_accuracy_value', 'NONE');
#322 = PLANE ( 'NONE',  #2453 ) ;
#323 = STYLED_ITEM ( 'NONE', ( #3680 ), #1162 ) ;
#324 = STYLED_ITEM ( 'NONE', ( #3575 ), #3458 ) ;
#325 = VECTOR ( 'NONE', #769, 39.37007874015748100 ) ;
#326 = CARTESIAN_POINT ( 'NONE',  ( 0.1841165628816027700, 0.03036578378886399500, -0.04700000000000005600 ) ) ;
#327 = CARTESIAN_POINT ( 'NONE',  ( -0.1639028465827197800, 0.01873787774390259200, 0.01599999999999886900 ) ) ;
#328 = SURFACE_SIDE_STYLE ('',( #1156 ) ) ;
#329 = MECHANICAL_DESIGN_GEOMETRIC_PRESENTATION_REPRESENTATION (  '', ( #3286 ), #532 ) ;
#330 =( LENGTH_UNIT ( ) NAMED_UNIT ( * ) SI_UNIT ( $, .METRE. ) );
#331 = CARTESIAN_POINT ( 'NONE',  ( 0.1807221445045955100, 0.03089890283323588200, -0.04700000000000005600 ) ) ;
#332 = DIRECTION ( 'NONE',  ( 0.2588190451025215200, 0.9659258262890680900, -0.0000000000000000000 ) ) ;
#333 = CIRCLE ( 'NONE', #1575, 0.004236220472440949800 ) ;
#334 = CARTESIAN_POINT ( 'NONE',  ( -0.1829430192539159600, 0.03005133372154262700, -0.005062058058026705300 ) ) ;
#335 =( NAMED_UNIT ( * ) SI_UNIT ( $, .STERADIAN. ) SOLID_ANGLE_UNIT ( ) );
#336 = LENGTH_MEASURE_WITH_UNIT ( LENGTH_MEASURE( 0.02539999999999999900 ), #978 );
#337 = FILL_AREA_STYLE ('',( #41 ) ) ;
#338 = VERTEX_POINT ( 'NONE', #1482 ) ;
#339 = EDGE_CURVE ( 'NONE', #1616, #2033, #1647, .T. ) ;
#340 = EDGE_CURVE ( 'NONE', #613, #3437, #874, .T. ) ;
#341 = COLOUR_RGB ( '',1.000000000000000000, 0.8039215686274510100, 0.4941176470588235500 ) ;
#342 = CARTESIAN_POINT ( 'NONE',  ( -0.1841165628820210800, 0.03036578378730269600, -0.04700000000000006900 ) ) ;
#343 = CARTESIAN_POINT ( 'NONE',  ( 0.1479330318784047600, 0.01569137540880861200, 0.08012942142257543900 ) ) ;
#344 = CARTESIAN_POINT ( 'NONE',  ( -0.1456491488892807900, 0.01384681419224713600, -0.008503640305183312500 ) ) ;
#345 = VERTEX_POINT ( 'NONE', #318 ) ;
#346 = STYLED_ITEM ( 'NONE', ( #487 ), #1106 ) ;
#347 = CARTESIAN_POINT ( 'NONE',  ( -0.07310582854123028100, -0.005591109915468813100, -0.01600000000000005200 ) ) ;
#348 = CARTESIAN_POINT ( 'NONE',  ( -0.1591801297522013600, 0.03771776223025956300, -0.03874325112191568500 ) ) ;
#349 = DIRECTION ( 'NONE',  ( 0.0000000000000000000, 0.0000000000000000000, 1.000000000000000000 ) ) ;
#350 =( LENGTH_UNIT ( ) NAMED_UNIT ( * ) SI_UNIT ( $, .METRE. ) );
#351 = LINE ( 'NONE', #386, #262 ) ;
#352 =( LENGTH_UNIT ( ) NAMED_UNIT ( * ) SI_UNIT ( $, .METRE. ) );
#353 = CARTESIAN_POINT ( 'NONE',  ( -0.07310582854123026700, -0.005591109915468820900, 0.07800000000000000000 ) ) ;
#354 = VERTEX_POINT ( 'NONE', #619 ) ;
#355 = PLANE ( 'NONE',  #1787 ) ;
#356 = UNCERTAINTY_MEASURE_WITH_UNIT (LENGTH_MEASURE( 1.000000000000000100E-005 ), #3158, 'distance_accuracy_value', 'NONE');
#357 = DIMENSIONAL_EXPONENTS ( 1.000000000000000000, 0.0000000000000000000, 0.0000000000000000000, 0.0000000000000000000, 0.0000000000000000000, 0.0000000000000000000, 0.0000000000000000000 ) ;
#358 = ORIENTED_EDGE ( 'NONE', *, *, #1200, .F. ) ;
#359 = LENGTH_MEASURE_WITH_UNIT ( LENGTH_MEASURE( 0.02539999999999999900 ), #1761 );
#360 =( BOUNDED_CURVE ( )  B_SPLINE_CURVE ( 3, ( #1381, #1668, #514, #2512 ),
 .UNSPECIFIED., .F., .F. ) 
 B_SPLINE_CURVE_WITH_KNOTS ( ( 4, 4 ),
 ( 0.0000000000000000000, 1.000000000000000000 ),
 .UNSPECIFIED. ) 
 CURVE ( )  GEOMETRIC_REPRESENTATION_ITEM ( )  RATIONAL_B_SPLINE_CURVE ( ( 1.000000000000000000, 0.3333333333333335400, 0.3333333333333335400, 1.000000000000000000 ) ) 
 REPRESENTATION_ITEM ( '' )  );
#361 = CARTESIAN_POINT ( 'NONE',  ( 0.1623775049890052400, 0.02578499539564485900, 0.06621491822377280300 ) ) ;
#362 = EDGE_CURVE ( 'NONE', #1025, #2015, #3069, .T. ) ;
#363 = CARTESIAN_POINT ( 'NONE',  ( 0.1428134486740990900, 0.01308699060793902200, -0.04700000000000006900 ) ) ;
#364 = STYLED_ITEM ( 'NONE', ( #1407 ), #588 ) ;
#365 = PRESENTATION_STYLE_ASSIGNMENT (( #1341 ) ) ;
#366 = ORIENTED_EDGE ( 'NONE', *, *, #3597, .F. ) ;
#367 = CARTESIAN_POINT ( 'NONE',  ( 0.1412605344030655500, 0.01888254556723473200, 0.002632174529194312200 ) ) ;
#368 = SURFACE_STYLE_USAGE ( .BOTH. , #2095 ) ;
#369 = CARTESIAN_POINT ( 'NONE',  ( -0.07000000000000000700, 0.0000000000000000000, 0.07800000000000000000 ) ) ;
#370 = DIRECTION ( 'NONE',  ( 0.9659258262890679800, 0.2588190451025216300, 0.0000000000000000000 ) ) ;
#371 = CARTESIAN_POINT ( 'NONE',  ( -0.1428134486736807600, 0.01308699060950033000, 0.04700000000000005600 ) ) ;
#372 =( GEOMETRIC_REPRESENTATION_CONTEXT ( 3 ) GLOBAL_UNCERTAINTY_ASSIGNED_CONTEXT ( ( #66 ) ) GLOBAL_UNIT_ASSIGNED_CONTEXT ( ( #2329, #628, #2625 ) ) REPRESENTATION_CONTEXT ( 'NONE', 'WORKASPACE' ) );
#373 = CARTESIAN_POINT ( 'NONE',  ( 0.1515836178269698900, 0.01702261681971245200, 0.06621491822377280300 ) ) ;
#374 = DIRECTION ( 'NONE',  ( 0.0000000000000000000, -1.000000000000000000, 0.0000000000000000000 ) ) ;
#375 = AXIS2_PLACEMENT_3D ( 'NONE', #637, #2636, #921 ) ;
#376 = PRESENTATION_STYLE_ASSIGNMENT (( #3463 ) ) ;
#377 = CARTESIAN_POINT ( 'NONE',  ( -0.1672388651455729800, 0.03276749398526576000, -0.04067201956002122100 ) ) ;
#378 = CIRCLE ( 'NONE', #909, 0.01023622047244094100 ) ;
#379 = LINE ( 'NONE', #1491, #3335 ) ;
#380 = DIRECTION ( 'NONE',  ( 0.2588190451025229000, 0.9659258262890677600, 0.0000000000000000000 ) ) ;
#381 = SURFACE_STYLE_USAGE ( .BOTH. , #399 ) ;
#382 = PLANE ( 'NONE',  #3009 ) ;
#383 = CARTESIAN_POINT ( 'NONE',  ( 0.07000000000000000700, 0.005999999999999997500, -0.07800000000000000000 ) ) ;
#384 =( NAMED_UNIT ( * ) SI_UNIT ( $, .STERADIAN. ) SOLID_ANGLE_UNIT ( ) );
#385 = SURFACE_SIDE_STYLE ('',( #3380 ) ) ;
#386 = CARTESIAN_POINT ( 'NONE',  ( -0.1938465471976809100, 0.02676126814208081000, -0.04699999999999888300 ) ) ;
#387 = AXIS2_PLACEMENT_3D ( 'NONE', #493, #2488, #786 ) ;
#388 = ORIENTED_EDGE ( 'NONE', *, *, #1770, .F. ) ;
#389 = CARTESIAN_POINT ( 'NONE',  ( -0.1623278859655180900, 0.02597017611232081300, -0.04700000000000006300 ) ) ;
#390 = EDGE_LOOP ( 'NONE', ( #2348, #3234, #863, #3128, #1250 ) ) ;
#391 = EDGE_CURVE ( 'NONE', #3218, #2191, #2299, .T. ) ;
#392 = EDGE_LOOP ( 'NONE', ( #3436, #1033, #3441, #3120, #759, #715 ) ) ;
#393 = FACE_OUTER_BOUND ( 'NONE', #265, .T. ) ;
#394 = VERTEX_POINT ( 'NONE', #1203 ) ;
#395 = VERTEX_POINT ( 'NONE', #1195 ) ;
#396 = ORIENTED_EDGE ( 'NONE', *, *, #339, .F. ) ;
#397 = ORIENTED_EDGE ( 'NONE', *, *, #2525, .T. ) ;
#398 = CARTESIAN_POINT ( 'NONE',  ( -0.1639028465827197800, 0.01873787774390259600, 0.04699999999999888300 ) ) ;
#399 = SURFACE_SIDE_STYLE ('',( #917 ) ) ;
#400 = ORIENTED_EDGE ( 'NONE', *, *, #1561, .T. ) ;
#401 = DIRECTION ( 'NONE',  ( 0.2588190451025215200, 0.9659258262890680900, -0.0000000000000000000 ) ) ;
#402 = FILL_AREA_STYLE_COLOUR ( '', #766 ) ;
#403 = ORIENTED_EDGE ( 'NONE', *, *, #1888, .T. ) ;
#404 =( LENGTH_UNIT ( ) NAMED_UNIT ( * ) SI_UNIT ( $, .METRE. ) );
#405 = APPLICATION_PROTOCOL_DEFINITION ( 'draft international standard', 'automotive_design', 1998, #2117 ) ;
#406 = SURFACE_SIDE_STYLE ('',( #1431 ) ) ;
#407 =( CONVERSION_BASED_UNIT ( 'INCH', #3405 ) LENGTH_UNIT ( ) NAMED_UNIT ( #193 ) );
#408 =( GEOMETRIC_REPRESENTATION_CONTEXT ( 3 ) GLOBAL_UNCERTAINTY_ASSIGNED_CONTEXT ( ( #356 ) ) GLOBAL_UNIT_ASSIGNED_CONTEXT ( ( #3158, #1458, #3445 ) ) REPRESENTATION_CONTEXT ( 'NONE', 'WORKASPACE' ) );
#409 = CARTESIAN_POINT ( 'NONE',  ( -0.1736604839337968800, 0.03174243744389465500, -0.04067201956002122100 ) ) ;
#410 = VECTOR ( 'NONE', #840, 39.37007874015748100 ) ;
#411 = CARTESIAN_POINT ( 'NONE',  ( 0.1439336274264407000, 0.02104144939140573800, 0.04700000000000006300 ) ) ;
#412 = SURFACE_STYLE_FILL_AREA ( #3236 ) ;
#413 = CARTESIAN_POINT ( 'NONE',  ( 0.1412605344034839300, 0.01888254556567343200, 0.04700000000000006300 ) ) ;
#414 = DIRECTION ( 'NONE',  ( 0.9659258262890678700, 0.2588190451025221800, 0.0000000000000000000 ) ) ;
#415 = CARTESIAN_POINT ( 'NONE',  ( 0.1829430192539159600, 0.03005133372154261300, -0.005062058058026729600 ) ) ;
#416 = CARTESIAN_POINT ( 'NONE',  ( -0.1479330318784047000, 0.01569137540880860500, -0.04700000000000006900 ) ) ;
#417 = DIMENSIONAL_EXPONENTS ( 1.000000000000000000, 0.0000000000000000000, 0.0000000000000000000, 0.0000000000000000000, 0.0000000000000000000, 0.0000000000000000000, 0.0000000000000000000 ) ;
#418 = FACE_OUTER_BOUND ( 'NONE', #392, .T. ) ;
#419 =( BOUNDED_SURFACE ( )  B_SPLINE_SURFACE ( 3, 3, ( 
 ( #1082, #2504, #800, #2805 ),
 ( #1093, #3087, #1386, #3371 ),
 ( #1671, #3647, #1951, #219 ),
 ( #2232, #519, #2517, #3356 ) ),
 .UNSPECIFIED., .F., .F., .F. ) 
 B_SPLINE_SURFACE_WITH_KNOTS ( ( 4, 4 ),
 ( 4, 4 ),
 ( 0.0000000000000000000, 1.000000000000000000 ),
 ( 0.0000000000000000000, 1.000000000000000000 ),
 .UNSPECIFIED. ) 
 GEOMETRIC_REPRESENTATION_ITEM ( )  RATIONAL_B_SPLINE_SURFACE ( (
 ( 1.000000000000000000, 0.9420348673768949000, 0.9420348673768949000, 1.000000000000000000),
 ( 0.7757257530573673500, 0.7307607069022389300, 0.7307607069022389300, 0.7757257530573673500),
 ( 0.7757257530573673500, 0.7307607069022389300, 0.7307607069022389300, 0.7757257530573673500),
 ( 1.000000000000000000, 0.9420348673768949000, 0.9420348673768949000, 1.000000000000000000) ) ) 
 REPRESENTATION_ITEM ( '' )  SURFACE ( )  );
#420 = CARTESIAN_POINT ( 'NONE',  ( 0.1412605344034839300, 0.01888254556567343200, -0.04700000000000006900 ) ) ;
#421 = CARTESIAN_POINT ( 'NONE',  ( 0.1424340780307523900, 0.01919699563455607200, 0.08893794194197347800 ) ) ;
#422 = EDGE_CURVE ( 'NONE', #3526, #1337, #789, .T. ) ;
#423 = STYLED_ITEM ( 'NONE', ( #1331 ), #263 ) ;
#424 = AXIS2_PLACEMENT_3D ( 'NONE', #389, #3557, #3542 ) ;
#425 = EDGE_LOOP ( 'NONE', ( #2541, #2724, #3474, #3645, #704 ) ) ;
#426 =( CONVERSION_BASED_UNIT ( 'INCH', #2714 ) LENGTH_UNIT ( ) NAMED_UNIT ( #2924 ) );
#427 = CARTESIAN_POINT ( 'NONE',  ( -0.1938465471976809100, 0.02676126814208081000, -0.04699999999999888300 ) ) ;
#428 = DIRECTION ( 'NONE',  ( 1.182917971378669600E-016, 3.169619151431774200E-017, 1.000000000000000000 ) ) ;
#429 = CARTESIAN_POINT ( 'NONE',  ( 0.07310582854123025300, -0.005591109915468819200, -0.07800000000000000000 ) ) ;
#430 = DIRECTION ( 'NONE',  ( 0.0000000000000000000, 0.0000000000000000000, 1.000000000000000000 ) ) ;
#431 = LENGTH_MEASURE_WITH_UNIT ( LENGTH_MEASURE( 0.02539999999999999900 ), #3298 );
#432 = DIRECTION ( 'NONE',  ( 0.0000000000000000000, -0.0000000000000000000, -1.000000000000000000 ) ) ;
#433 = CARTESIAN_POINT ( 'NONE',  ( 0.1671292943549056700, 0.02705823351884064900, -0.06621491822377283100 ) ) ;
#434 = DIMENSIONAL_EXPONENTS ( 1.000000000000000000, 0.0000000000000000000, 0.0000000000000000000, 0.0000000000000000000, 0.0000000000000000000, 0.0000000000000000000, 0.0000000000000000000 ) ;
#435 = EDGE_LOOP ( 'NONE', ( #109, #3149, #1725, #366 ) ) ;
#436 = PRESENTATION_LAYER_ASSIGNMENT (  '', '', ( #230 ) ) ;
#437 = ORIENTED_EDGE ( 'NONE', *, *, #1335, .F. ) ;
#438 = CARTESIAN_POINT ( 'NONE',  ( 0.07000000000000000700, 0.005999999999999997500, -0.01533419328487058000 ) ) ;
#439 = CARTESIAN_POINT ( 'NONE',  ( 0.1830201483440818400, 0.03445765854904917600, 0.04700000000000006300 ) ) ;
#440 =( NAMED_UNIT ( * ) SI_UNIT ( $, .STERADIAN. ) SOLID_ANGLE_UNIT ( ) );
#441 =( CONVERSION_BASED_UNIT ( 'INCH', #3076 ) LENGTH_UNIT ( ) NAMED_UNIT ( #434 ) );
#442 = VERTEX_POINT ( 'NONE', #3309 ) ;
#443 = ORIENTED_EDGE ( 'NONE', *, *, #1074, .F. ) ;
#444 = UNCERTAINTY_MEASURE_WITH_UNIT (LENGTH_MEASURE( 1.000000000000000100E-005 ), #1864, 'distance_accuracy_value', 'NONE');
#445 =( LENGTH_UNIT ( ) NAMED_UNIT ( * ) SI_UNIT ( $, .METRE. ) );
#446 = ORIENTED_EDGE ( 'NONE', *, *, #3342, .T. ) ;
#447 =( NAMED_UNIT ( * ) SI_UNIT ( $, .STERADIAN. ) SOLID_ANGLE_UNIT ( ) );
#448 = CARTESIAN_POINT ( 'NONE',  ( 0.1841165628816027200, 0.03036578378886401300, -0.09136782547080575500 ) ) ;
#449 = DIMENSIONAL_EXPONENTS ( 1.000000000000000000, 0.0000000000000000000, 0.0000000000000000000, 0.0000000000000000000, 0.0000000000000000000, 0.0000000000000000000, 0.0000000000000000000 ) ;
#450 = ORIENTED_EDGE ( 'NONE', *, *, #3273, .T. ) ;
#451 = AXIS2_PLACEMENT_3D ( 'NONE', #638, #2637, #922 ) ;
#452 = SURFACE_STYLE_USAGE ( .BOTH. , #2170 ) ;
#453 = DIRECTION ( 'NONE',  ( -1.000000000000000000, 0.0000000000000000000, 0.0000000000000000000 ) ) ;
#454 = ORIENTED_EDGE ( 'NONE', *, *, #1217, .F. ) ;
#455 =( GEOMETRIC_REPRESENTATION_CONTEXT ( 3 ) GLOBAL_UNCERTAINTY_ASSIGNED_CONTEXT ( ( #2463 ) ) GLOBAL_UNIT_ASSIGNED_CONTEXT ( ( #1339, #3327, #1626 ) ) REPRESENTATION_CONTEXT ( 'NONE', 'WORKASPACE' ) );
#456 = PRESENTATION_STYLE_ASSIGNMENT (( #1659 ) ) ;
#457 =( LENGTH_UNIT ( ) NAMED_UNIT ( * ) SI_UNIT ( $, .METRE. ) );
#458 = SURFACE_STYLE_USAGE ( .BOTH. , #2174 ) ;
#459 = MECHANICAL_DESIGN_GEOMETRIC_PRESENTATION_REPRESENTATION (  '', ( #3214 ), #655 ) ;
#460 = VECTOR ( 'NONE', #3263, 39.37007874015748100 ) ;
#461 = CARTESIAN_POINT ( 'NONE',  ( -0.1807221445045954500, 0.03089890283323590600, -0.04700000000000006900 ) ) ;
#462 =( NAMED_UNIT ( * ) PLANE_ANGLE_UNIT ( ) SI_UNIT ( $, .RADIAN. ) );
#463 = DIRECTION ( 'NONE',  ( 0.9659258262890680900, -0.2588190451025213500, 0.0000000000000000000 ) ) ;
#464 = VERTEX_POINT ( 'NONE', #3585 ) ;
#465 = CARTESIAN_POINT ( 'NONE',  ( -0.1591801297522013600, 0.03771776223025955600, 0.03874325112191566400 ) ) ;
#466 = DIRECTION ( 'NONE',  ( 0.0000000000000000000, 0.0000000000000000000, 1.000000000000000000 ) ) ;
#467 = CARTESIAN_POINT ( 'NONE',  ( 0.1671292943549056700, 0.02705823351884065200, -0.02778508177622729000 ) ) ;
#468 = CARTESIAN_POINT ( 'NONE',  ( -0.1439336274264406700, 0.02104144939140570300, 0.04700000000000006300 ) ) ;
#469 = DIMENSIONAL_EXPONENTS ( 1.000000000000000000, 0.0000000000000000000, 0.0000000000000000000, 0.0000000000000000000, 0.0000000000000000000, 0.0000000000000000000, 0.0000000000000000000 ) ;
#470 = EDGE_CURVE ( 'NONE', #1125, #887, #2216, .T. ) ;
#471 = CARTESIAN_POINT ( 'NONE',  ( 0.1817427903790547200, 0.03023983873174638700, -0.04700000000000005600 ) ) ;
#472 = CARTESIAN_POINT ( 'NONE',  ( 0.1430060108530942800, 0.01313858748578346100, -0.04350529656604725700 ) ) ;
#473 =( NAMED_UNIT ( * ) PLANE_ANGLE_UNIT ( ) SI_UNIT ( $, .RADIAN. ) );
#474 = FILL_AREA_STYLE ('',( #3603 ) ) ;
#475 = UNCERTAINTY_MEASURE_WITH_UNIT (LENGTH_MEASURE( 1.000000000000000100E-005 ), #2624, 'distance_accuracy_value', 'NONE');
#476 = CARTESIAN_POINT ( 'NONE',  ( 0.1799335956404845800, 0.02426590062619857900, -0.04700000000000006300 ) ) ;
#477 = CARTESIAN_POINT ( 'NONE',  ( -0.1807221445045955100, 0.03089890283323588200, 0.08508627544362330800 ) ) ;
#478 = EDGE_LOOP ( 'NONE', ( #2654, #443, #1443 ) ) ;
#479 = ORIENTED_EDGE ( 'NONE', *, *, #1417, .F. ) ;
#480 = B_SPLINE_CURVE_WITH_KNOTS ( 'NONE', 3,
 ( #848, #2563, #2002, #273, #2280, #572, #2574, #860, #2872, #1157, #3150, #1449, #3429, #1733, #3705, #2014, #285, #2294, #584, #2586, #870, #2885, #1173, #3160, #1459, #3446, #1745, #3713, #2025, #300 ),
 .UNSPECIFIED., .F., .F.,
 ( 4, 1, 2, 2, 2, 1, 2, 2, 2, 1, 2, 2, 2, 1, 2, 2, 4 ),
 ( 0.0000000000000000000, 0.06250000000000012500, 0.09375000000000038900, 0.1250000000000006400, 0.2500000000000018300, 0.3125000000000023900, 0.3437500000000033300, 0.3750000000000043300, 0.5000000000000056600, 0.5625000000000062200, 0.5937500000000058800, 0.6250000000000054400, 0.7500000000000032200, 0.8125000000000021100, 0.8437500000000016700, 0.8750000000000013300, 1.000000000000000000 ),
 .UNSPECIFIED. ) ;
#481 = CARTESIAN_POINT ( 'NONE',  ( 0.1655972495862393100, 0.01919189166034839700, -0.02481476569108318600 ) ) ;
#482 = CARTESIAN_POINT ( 'NONE',  ( 0.1591801297522013600, 0.03771776223025956300, 0.03874325112191568500 ) ) ;
#483 = ORIENTED_EDGE ( 'NONE', *, *, #2703, .T. ) ;
#484 = CARTESIAN_POINT ( 'NONE',  ( 0.1511741509129517200, 0.01532723401848656900, 0.02915960744407305000 ) ) ;
#485 = ORIENTED_EDGE ( 'NONE', *, *, #1956, .T. ) ;
#486 = CARTESIAN_POINT ( 'NONE',  ( 0.1634080012417073700, 0.02193913102355123400, 0.06172633217640468400 ) ) ;
#487 = PRESENTATION_STYLE_ASSIGNMENT (( #2892 ) ) ;
#488 = ORIENTED_EDGE ( 'NONE', *, *, #2938, .F. ) ;
#489 = EDGE_CURVE ( 'NONE', #103, #168, #1560, .T. ) ;
#490 = EDGE_CURVE ( 'NONE', #293, #943, #696, .T. ) ;
#491 = STYLED_ITEM ( 'NONE', ( #1027 ), #837 ) ;
#492 = CARTESIAN_POINT ( 'NONE',  ( 0.1774673509624233900, 0.02585843470042971700, 0.01781064113762785600 ) ) ;
#493 = CARTESIAN_POINT ( 'NONE',  ( 0.07000000000000000700, 0.005999999999999997500, -0.01600000000000004900 ) ) ;
#494 = CARTESIAN_POINT ( 'NONE',  ( -0.1841165628816027700, 0.03036578378886400200, 0.04700000000000005600 ) ) ;
#495 = CARTESIAN_POINT ( 'NONE',  ( 0.07000000000000000700, 0.0000000000000000000, 0.07800000000000000000 ) ) ;
#496 = CARTESIAN_POINT ( 'NONE',  ( 0.1856643087384482200, 0.02456884395465036900, -0.04415855365266215700 ) ) ;
#497 = CARTESIAN_POINT ( 'NONE',  ( 0.1536145131421810300, 0.01598112710704798300, 0.02749341820852030700 ) ) ;
#498 = AXIS2_PLACEMENT_3D ( 'NONE', #3468, #1767, #27 ) ;
#499 = FACE_OUTER_BOUND ( 'NONE', #617, .T. ) ;
#500 = CARTESIAN_POINT ( 'NONE',  ( 0.1546761943016616600, 0.02940133647786168400, 0.05332798043997890500 ) ) ;
#501 = AXIS2_PLACEMENT_3D ( 'NONE', #3596, #1901, #164 ) ;
#502 = CARTESIAN_POINT ( 'NONE',  ( 0.1856694771522179000, 0.02457022883112959500, 0.04700000000000006900 ) ) ;
#503 =( NAMED_UNIT ( * ) SI_UNIT ( $, .STERADIAN. ) SOLID_ANGLE_UNIT ( ) );
#504 = CARTESIAN_POINT ( 'NONE',  ( -0.1470089669930941000, 0.01421117635083361500, -0.06052827685667083700 ) ) ;
#505 = DIRECTION ( 'NONE',  ( -0.2588190451025215200, 0.9659258262890680900, -0.0000000000000000000 ) ) ;
#506 = CARTESIAN_POINT ( 'NONE',  ( -0.1774673509624233900, 0.02585843470042970700, 0.07618935886237227000 ) ) ;
#507 = ORIENTED_EDGE ( 'NONE', *, *, #3614, .T. ) ;
#508 = CARTESIAN_POINT ( 'NONE',  ( 0.1570387770095847400, 0.01689865584498986800, 0.02609371728141073000 ) ) ;
#509 = EDGE_CURVE ( 'NONE', #2317, #1839, #1734, .T. ) ;
#510 =( GEOMETRIC_REPRESENTATION_CONTEXT ( 3 ) GLOBAL_UNCERTAINTY_ASSIGNED_CONTEXT ( ( #1576 ) ) GLOBAL_UNIT_ASSIGNED_CONTEXT ( ( #426, #128, #3022 ) ) REPRESENTATION_CONTEXT ( 'NONE', 'WORKASPACE' ) );
#511 = FACE_BOUND ( 'NONE', #1843, .T. ) ;
#512 = SURFACE_STYLE_FILL_AREA ( #3164 ) ;
#513 = SURFACE_SIDE_STYLE ('',( #2811 ) ) ;
#514 = CARTESIAN_POINT ( 'NONE',  ( -0.1841165628816027500, 0.03036578378886400600, -0.09136782547080575500 ) ) ;
#515 = CARTESIAN_POINT ( 'NONE',  ( -0.1748684126858161500, 0.02167609232577724600, -0.06650658179147342400 ) ) ;
#516 = EDGE_CURVE ( 'NONE', #3007, #1231, #2988, .T. ) ;
#517 = PRESENTATION_STYLE_ASSIGNMENT (( #2511 ) ) ;
#518 = CARTESIAN_POINT ( 'NONE',  ( -0.1623278859655180900, 0.02597017611232081700, -0.06604313772181165400 ) ) ;
#519 = CARTESIAN_POINT ( 'NONE',  ( -0.1568390703895839700, 0.01858708264698416900, 0.03227366782359544800 ) ) ;
#520 = CARTESIAN_POINT ( 'NONE',  ( -0.1856694771522178800, 0.02457022883112959500, 0.04700000000000005600 ) ) ;
#521 = ORIENTED_EDGE ( 'NONE', *, *, #2917, .T. ) ;
#522 = CARTESIAN_POINT ( 'NONE',  ( 0.1576324667347329700, 0.01705773452739800500, 0.02588576040180929100 ) ) ;
#523 =( LENGTH_UNIT ( ) NAMED_UNIT ( * ) SI_UNIT ( $, .METRE. ) );
#524 = CARTESIAN_POINT ( 'NONE',  ( 0.1670497772732067700, 0.02291494197020651700, -0.06172633217640467700 ) ) ;
#525 =( CONVERSION_BASED_UNIT ( 'INCH', #1291 ) LENGTH_UNIT ( ) NAMED_UNIT ( #1002 ) );
#526 = CIRCLE ( 'NONE', #2623, 0.005999999999999975000 ) ;
#527 = ORIENTED_EDGE ( 'NONE', *, *, #3315, .F. ) ;
#528 = CARTESIAN_POINT ( 'NONE',  ( 0.1609575297236173200, 0.03108441523156372700, 0.05332798043997891800 ) ) ;
#529 = CARTESIAN_POINT ( 'NONE',  ( -0.1856694771526362100, 0.02457022882956828900, 0.04700000000000004900 ) ) ;
#530 = UNCERTAINTY_MEASURE_WITH_UNIT (LENGTH_MEASURE( 1.000000000000000100E-005 ), #1055, 'distance_accuracy_value', 'NONE');
#531 = FILL_AREA_STYLE ('',( #1367 ) ) ;
#532 =( GEOMETRIC_REPRESENTATION_CONTEXT ( 3 ) GLOBAL_UNCERTAINTY_ASSIGNED_CONTEXT ( ( #3302 ) ) GLOBAL_UNIT_ASSIGNED_CONTEXT ( ( #2699, #985, #2990 ) ) REPRESENTATION_CONTEXT ( 'NONE', 'WORKASPACE' ) );
#533 = ORIENTED_EDGE ( 'NONE', *, *, #1532, .T. ) ;
#534 = DIRECTION ( 'NONE',  ( -1.000000000000000000, 0.0000000000000000000, 0.0000000000000000000 ) ) ;
#535 = CARTESIAN_POINT ( 'NONE',  ( 0.1850077238629864700, 0.02439291256750788700, -0.05251637122293498900 ) ) ;
#536 = ORIENTED_EDGE ( 'NONE', *, *, #3432, .T. ) ;
#537 = ADVANCED_FACE ( 'NONE', ( #605 ), #3166, .T. ) ;
#538 = PLANE ( 'NONE',  #1462 ) ;
#539 = VERTEX_POINT ( 'NONE', #1293 ) ;
#540 = CARTESIAN_POINT ( 'NONE',  ( -0.1496274375683258300, 0.02530280207860691500, -0.04067201956002123400 ) ) ;
#541 = EDGE_CURVE ( 'NONE', #103, #1248, #3200, .T. ) ;
#542 = EDGE_CURVE ( 'NONE', #2591, #394, #1778, .T. ) ;
#543 = FILL_AREA_STYLE ('',( #2824 ) ) ;
#544 = LENGTH_MEASURE_WITH_UNIT ( LENGTH_MEASURE( 0.02539999999999999900 ), #1403 );
#545 = CARTESIAN_POINT ( 'NONE',  ( 0.1549940764063776900, 0.01635077996959712100, 0.06702678571309922400 ) ) ;
#546 = EDGE_LOOP ( 'NONE', ( #1959, #885, #1114, #1031, #1985, #2961, #1972, #2910 ) ) ;
#547 = SURFACE_STYLE_USAGE ( .BOTH. , #2257 ) ;
#548 = CARTESIAN_POINT ( 'NONE',  ( 0.1608828939028336700, 0.01792868386214675800, -0.06899152921377305100 ) ) ;
#549 = FACE_OUTER_BOUND ( 'NONE', #3433, .T. ) ;
#550 = VECTOR ( 'NONE', #776, 39.37007874015748100 ) ;
#551 = CARTESIAN_POINT ( 'NONE',  ( -0.07000000000000000700, 0.005999999999999969800, -0.07800000000000000000 ) ) ;
#552 = VECTOR ( 'NONE', #2648, 39.37007874015748100 ) ;
#553 = COLOUR_RGB ( '',1.000000000000000000, 0.8039215686274510100, 0.4941176470588235500 ) ;
#554 = ORIENTED_EDGE ( 'NONE', *, *, #3365, .T. ) ;
#555 = CARTESIAN_POINT ( 'NONE',  ( 0.1829140923008796000, 0.02383192568119304000, 0.05791525317880601200 ) ) ;
#556 = ADVANCED_FACE ( 'NONE', ( #1013 ), #2085, .T. ) ;
#557 = CARTESIAN_POINT ( 'NONE',  ( 0.1551355555319929600, 0.01522363548712236100, -0.03227366782359544800 ) ) ;
#558 = CARTESIAN_POINT ( 'NONE',  ( -0.1430060108530942500, 0.01313858748578346200, 0.04350529656604618100 ) ) ;
#559 = CARTESIAN_POINT ( 'NONE',  ( 0.1428134486740990900, 0.01308699060793902200, -0.04700000000000006900 ) ) ;
#560 = COLOUR_RGB ( '',1.000000000000000000, 0.8039215686274510100, 0.4941176470588235500 ) ;
#561 = FACE_OUTER_BOUND ( 'NONE', #1009, .T. ) ;
#562 = DIRECTION ( 'NONE',  ( 1.000000000000000000, 0.0000000000000000000, -0.0000000000000000000 ) ) ;
#563 =( CONVERSION_BASED_UNIT ( 'INCH', #142 ) LENGTH_UNIT ( ) NAMED_UNIT ( #3283 ) );
#564 = EDGE_CURVE ( 'NONE', #2497, #3089, #2853, .T. ) ;
#565 = FACE_OUTER_BOUND ( 'NONE', #1927, .T. ) ;
#566 = FACE_OUTER_BOUND ( 'NONE', #3442, .T. ) ;
#567 = SURFACE_SIDE_STYLE ('',( #2479 ) ) ;
#568 = CARTESIAN_POINT ( 'NONE',  ( -0.1655972495862379200, 0.01919189166034800800, 0.02481476569108315800 ) ) ;
#569 = CARTESIAN_POINT ( 'NONE',  ( -0.1734888494216127200, 0.02130643946322630100, -0.02697321428690047100 ) ) ;
#570 = STYLED_ITEM ( 'NONE', ( #1327 ), #2873 ) ;
#571 = VERTEX_POINT ( 'NONE', #3258 ) ;
#572 = CARTESIAN_POINT ( 'NONE',  ( -0.1844353813235809500, 0.02423955384628020300, 0.05445676915181218300 ) ) ;
#573 = VERTEX_POINT ( 'NONE', #2701 ) ;
#574 = ADVANCED_FACE ( 'NONE', ( #1757 ), #1122, .F. ) ;
#575 = CARTESIAN_POINT ( 'NONE',  ( -0.1938465471976809100, 0.02676126814208081000, 0.04699999999999888300 ) ) ;
#576 = EDGE_LOOP ( 'NONE', ( #1531, #3394, #396, #2643 ) ) ;
#577 = CARTESIAN_POINT ( 'NONE',  ( -0.1791056961341458100, 0.02818749822255071600, 0.05332798043997891800 ) ) ;
#578 = CIRCLE ( 'NONE', #3672, 0.005999999999999975000 ) ;
#579 = PRESENTATION_LAYER_ASSIGNMENT (  '', '', ( #182 ) ) ;
#580 = FILL_AREA_STYLE_COLOUR ( '', #3530 ) ;
#581 = CARTESIAN_POINT ( 'NONE',  ( -0.1856643087384483000, 0.02456884395465038300, 0.04415855365266272600 ) ) ;
#582 = CARTESIAN_POINT ( 'NONE',  ( -0.1747847878598890200, 0.02165368512120288000, -0.02766867157013303700 ) ) ;
#583 = EDGE_CURVE ( 'NONE', #1078, #934, #3661, .T. ) ;
#584 = CARTESIAN_POINT ( 'NONE',  ( -0.1576324667347318600, 0.01705773452739770700, 0.06811423959819057300 ) ) ;
#585 = SURFACE_STYLE_USAGE ( .BOTH. , #823 ) ;
#586 = UNCERTAINTY_MEASURE_WITH_UNIT (LENGTH_MEASURE( 1.000000000000000100E-005 ), #3508, 'distance_accuracy_value', 'NONE');
#587 = FILL_AREA_STYLE_COLOUR ( '', #2760 ) ;
#588 = ADVANCED_FACE ( 'NONE', ( #1326 ), #2055, .F. ) ;
#589 = PRESENTATION_STYLE_ASSIGNMENT (( #3477 ) ) ;
#590 = DIRECTION ( 'NONE',  ( -0.9659258262890680900, -0.2588190451025214600, 0.0000000000000000000 ) ) ;
#591 = CARTESIAN_POINT ( 'NONE',  ( -0.1538063640131546700, 0.02141124267390014400, -0.06621491822377280300 ) ) ;
#592 = COLOUR_RGB ( '',1.000000000000000000, 0.8039215686274510100, 0.4941176470588235500 ) ;
#593 = DIRECTION ( 'NONE',  ( 0.0000000000000000000, 0.0000000000000000000, 1.000000000000000000 ) ) ;
#594 = CARTESIAN_POINT ( 'NONE',  ( -0.1766647861258534300, 0.02215742913833995000, -0.02880775795814663100 ) ) ;
#595 = CARTESIAN_POINT ( 'NONE',  ( -0.1633699731734308800, 0.02208105370647273100, -0.03240532056881398300 ) ) ;
#596 = FACE_OUTER_BOUND ( 'NONE', #1521, .T. ) ;
#597 = PRESENTATION_LAYER_ASSIGNMENT (  '', '', ( #346 ) ) ;
#598 = STYLED_ITEM ( 'NONE', ( #1634 ), #3402 ) ;
#599 = VERTEX_POINT ( 'NONE', #974 ) ;
#600 = SURFACE_STYLE_FILL_AREA ( #1083 ) ;
#601 = PRESENTATION_LAYER_ASSIGNMENT (  '', '', ( #2 ) ) ;
#602 = CARTESIAN_POINT ( 'NONE',  ( -0.1807221445045954800, 0.03089890283323587900, 0.008913724556376840000 ) ) ;
#603 = CARTESIAN_POINT ( 'NONE',  ( -0.1445674034030531000, 0.01355696135861290600, -0.03818361718566838000 ) ) ;
#604 = COLOUR_RGB ( '',1.000000000000000000, 0.8039215686274510100, 0.4941176470588235500 ) ;
#605 = FACE_OUTER_BOUND ( 'NONE', #1099, .T. ) ;
#606 = CARTESIAN_POINT ( 'NONE',  ( 0.1443966255079769400, 0.03017391338828151800, -0.05525674887808449500 ) ) ;
#607 = CIRCLE ( 'NONE', #1186, 0.02568503937007874200 ) ;
#608 = CARTESIAN_POINT ( 'NONE',  ( -0.1515836178269698900, 0.01702261681971246900, -0.02778508177622731800 ) ) ;
#609 = FACE_OUTER_BOUND ( 'NONE', #2742, .T. ) ;
#610 =( NAMED_UNIT ( * ) PLANE_ANGLE_UNIT ( ) SI_UNIT ( $, .RADIAN. ) );
#611 = LENGTH_MEASURE_WITH_UNIT ( LENGTH_MEASURE( 0.02539999999999999900 ), #1236 );
#612 = EDGE_CURVE ( 'NONE', #2017, #2931, #1038, .T. ) ;
#613 = VERTEX_POINT ( 'NONE', #77 ) ;
#614 = CIRCLE ( 'NONE', #3098, 0.01904313772181160200 ) ;
#615 = CARTESIAN_POINT ( 'NONE',  ( 0.07155291427061515100, 0.0002044450422655929700, 0.07800000000000000000 ) ) ;
#616 = CARTESIAN_POINT ( 'NONE',  ( -0.1412605344030656000, 0.01888254556723473500, 0.002632174529194355100 ) ) ;
#617 = EDGE_LOOP ( 'NONE', ( #2322, #304, #2914, #1303 ) ) ;
#618 = CARTESIAN_POINT ( 'NONE',  ( -0.07155291427061515100, 0.0002044450422655972600, 0.07800000000000000000 ) ) ;
#619 = CARTESIAN_POINT ( 'NONE',  ( -0.1841165628820210800, 0.03036578378730269600, 0.04700000000000005600 ) ) ;
#620 =( NAMED_UNIT ( * ) SI_UNIT ( $, .STERADIAN. ) SOLID_ANGLE_UNIT ( ) );
#621 = DIRECTION ( 'NONE',  ( -0.0000000000000000000, -0.0000000000000000000, 1.000000000000000000 ) ) ;
#622 = EDGE_LOOP ( 'NONE', ( #2949, #1322 ) ) ;
#623 = ORIENTED_EDGE ( 'NONE', *, *, #2917, .F. ) ;
#624 = MECHANICAL_DESIGN_GEOMETRIC_PRESENTATION_REPRESENTATION (  '', ( #230 ), #816 ) ;
#625 = CARTESIAN_POINT ( 'NONE',  ( 0.1412605344030656000, 0.01888254556723473500, -0.002632174529194355100 ) ) ;
#626 = PLANE ( 'NONE',  #2361 ) ;
#627 =( LENGTH_UNIT ( ) NAMED_UNIT ( * ) SI_UNIT ( $, .METRE. ) );
#628 =( NAMED_UNIT ( * ) PLANE_ANGLE_UNIT ( ) SI_UNIT ( $, .RADIAN. ) );
#629 = DIMENSIONAL_EXPONENTS ( 1.000000000000000000, 0.0000000000000000000, 0.0000000000000000000, 0.0000000000000000000, 0.0000000000000000000, 0.0000000000000000000, 0.0000000000000000000 ) ;
#630 = CARTESIAN_POINT ( 'NONE',  ( -0.1412605344034839300, 0.01888254556567343200, 0.04700000000000006300 ) ) ;
#631 = CARTESIAN_POINT ( 'NONE',  ( -0.1412605344030655500, 0.01888254556723473200, -0.04700000000000006300 ) ) ;
#632 = CARTESIAN_POINT ( 'NONE',  ( 0.07000000000000000700, -0.006000000000000001900, 0.07800000000000000000 ) ) ;
#633 = EDGE_CURVE ( 'NONE', #934, #3089, #351, .T. ) ;
#634 = SURFACE_STYLE_USAGE ( .BOTH. , #2334 ) ;
#635 = CARTESIAN_POINT ( 'NONE',  ( -0.1639028465827197800, 0.01873787774390259600, 0.07799999999999944500 ) ) ;
#636 = FACE_OUTER_BOUND ( 'NONE', #1120, .T. ) ;
#637 = CARTESIAN_POINT ( 'NONE',  ( 0.1401641198655446700, 0.02297442032741993000, 0.04700000000000006300 ) ) ;
#638 = CARTESIAN_POINT ( 'NONE',  ( 0.1401641198655446700, 0.02297442032741993000, -0.04700000000000006300 ) ) ;
#639 = CARTESIAN_POINT ( 'NONE',  ( 0.1828337769366178100, 0.02381040524838278300, 0.04700000000000006900 ) ) ;
#640 = CARTESIAN_POINT ( 'NONE',  ( -0.1828337769366177900, 0.02381040524838278300, -0.04700000000000006900 ) ) ;
#641 = LINE ( 'NONE', #2108, #2077 ) ;
#642 = CIRCLE ( 'NONE', #1409, 0.01199999999999996700 ) ;
#643 = VERTEX_POINT ( 'NONE', #1247 ) ;
#644 = DIRECTION ( 'NONE',  ( 0.0000000000000000000, 0.0000000000000000000, 1.000000000000000000 ) ) ;
#645 = UNCERTAINTY_MEASURE_WITH_UNIT (LENGTH_MEASURE( 1.000000000000000100E-005 ), #1637, 'distance_accuracy_value', 'NONE');
#646 = CARTESIAN_POINT ( 'NONE',  ( -0.1719872071743819300, 0.02628278491666792600, -0.02778508177622731800 ) ) ;
#647 = SURFACE_SIDE_STYLE ('',( #1687 ) ) ;
#648 = AXIS2_PLACEMENT_3D ( 'NONE', #654, #2649, #936 ) ;
#649 = LINE ( 'NONE', #2360, #2852 ) ;
#650 = STYLED_ITEM ( 'NONE', ( #1857 ), #3674 ) ;
#651 = FACE_OUTER_BOUND ( 'NONE', #2871, .T. ) ;
#652 = FILL_AREA_STYLE_COLOUR ( '', #3205 ) ;
#653 = DIRECTION ( 'NONE',  ( 1.000000000000000000, 0.0000000000000000000, -0.0000000000000000000 ) ) ;
#654 = CARTESIAN_POINT ( 'NONE',  ( -0.1639028465827197800, 0.01873787774390259600, 0.04699999999999888300 ) ) ;
#655 =( GEOMETRIC_REPRESENTATION_CONTEXT ( 3 ) GLOBAL_UNCERTAINTY_ASSIGNED_CONTEXT ( ( #645 ) ) GLOBAL_UNIT_ASSIGNED_CONTEXT ( ( #1637, #3618, #1924 ) ) REPRESENTATION_CONTEXT ( 'NONE', 'WORKASPACE' ) );
#656 = CARTESIAN_POINT ( 'NONE',  ( -0.1428134486736807600, 0.01308699060950033400, 0.002632174529194423700 ) ) ;
#657 = CIRCLE ( 'NONE', #2913, 0.01904313772181161900 ) ;
#658 = DIRECTION ( 'NONE',  ( -0.2588190451025217400, 0.9659258262890679800, 0.0000000000000000000 ) ) ;
#659 = DIMENSIONAL_EXPONENTS ( 1.000000000000000000, 0.0000000000000000000, 0.0000000000000000000, 0.0000000000000000000, 0.0000000000000000000, 0.0000000000000000000, 0.0000000000000000000 ) ;
#660 = VERTEX_POINT ( 'NONE', #955 ) ;
#661 = ORIENTED_EDGE ( 'NONE', *, *, #3664, .F. ) ;
#662 = EDGE_CURVE ( 'NONE', #3063, #3007, #3314, .T. ) ;
#663 =( CONVERSION_BASED_UNIT ( 'INCH', #1594 ) LENGTH_UNIT ( ) NAMED_UNIT ( #2377 ) );
#664 = DIRECTION ( 'NONE',  ( 0.0000000000000000000, -0.0000000000000000000, -1.000000000000000000 ) ) ;
#665 = CARTESIAN_POINT ( 'NONE',  ( -0.1856694771522178500, 0.02457022883112957400, 0.002632174529194423700 ) ) ;
#666 = VERTEX_POINT ( 'NONE', #2982 ) ;
#667 = CARTESIAN_POINT ( 'NONE',  ( 0.1799335956404845300, 0.02426590062619856900, -0.08012942142257531400 ) ) ;
#668 = CIRCLE ( 'NONE', #3110, 0.004236220472440934200 ) ;
#669 = CARTESIAN_POINT ( 'NONE',  ( 0.1509842432936335800, 0.03552168107242913800, 0.05525674887808443300 ) ) ;
#670 = CARTESIAN_POINT ( 'NONE',  ( 0.1639028465827198400, 0.01873787774390249900, 0.01600000000000002800 ) ) ;
#671 = STYLED_ITEM ( 'NONE', ( #2388 ), #3161 ) ;
#672 = CARTESIAN_POINT ( 'NONE',  ( -0.1791056961341458100, 0.02818749822255071900, -0.04067201956002122800 ) ) ;
#673 = DIRECTION ( 'NONE',  ( 0.9659258262890682000, -0.2588190451025214600, 0.0000000000000000000 ) ) ;
#674 = DIRECTION ( 'NONE',  ( -1.000000000000000000, 0.0000000000000000000, 0.0000000000000000000 ) ) ;
#675 = AXIS2_PLACEMENT_3D ( 'NONE', #159, #2177, #463 ) ;
#676 = DIRECTION ( 'NONE',  ( 1.000000000000000000, 0.0000000000000000000, 0.0000000000000000000 ) ) ;
#677 = DIRECTION ( 'NONE',  ( 1.000000000000000000, 0.0000000000000000000, 0.0000000000000000000 ) ) ;
#678 = CARTESIAN_POINT ( 'NONE',  ( 0.1828598572846589200, 0.03393786491689935300, -0.05525674887808446100 ) ) ;
#679 =( LENGTH_UNIT ( ) NAMED_UNIT ( * ) SI_UNIT ( $, .METRE. ) );
#680 = DIMENSIONAL_EXPONENTS ( 1.000000000000000000, 0.0000000000000000000, 0.0000000000000000000, 0.0000000000000000000, 0.0000000000000000000, 0.0000000000000000000, 0.0000000000000000000 ) ;
#681 = CARTESIAN_POINT ( 'NONE',  ( -0.1856694771522178800, 0.02457022883112957800, 0.04700000000000005600 ) ) ;
#682 = LENGTH_MEASURE_WITH_UNIT ( LENGTH_MEASURE( 0.02539999999999999900 ), #3044 );
#683 = PRESENTATION_STYLE_ASSIGNMENT (( #3224 ) ) ;
#684 = FILL_AREA_STYLE ('',( #2422 ) ) ;
#685 = EDGE_CURVE ( 'NONE', #248, #943, #2452, .T. ) ;
#686 = EDGE_CURVE ( 'NONE', #2047, #1442, #2557, .T. ) ;
#687 = AXIS2_PLACEMENT_3D ( 'NONE', #1128, #1113, #829 ) ;
#688 = DIRECTION ( 'NONE',  ( 0.9659258262890682000, -0.2588190451025214600, 8.965985653112920800E-016 ) ) ;
#689 = DIRECTION ( 'NONE',  ( 0.2588190451025215200, 0.9659258262890680900, -0.0000000000000000000 ) ) ;
#690 = CARTESIAN_POINT ( 'NONE',  ( 0.07000000000000000700, -1.600692183787654200E-018, 0.01600000000000004900 ) ) ;
#691 = DIRECTION ( 'NONE',  ( -0.9659258262890680900, 0.2588190451025214100, 0.0000000000000000000 ) ) ;
#692 =( NAMED_UNIT ( * ) PLANE_ANGLE_UNIT ( ) SI_UNIT ( $, .RADIAN. ) );
#693 =( LENGTH_UNIT ( ) NAMED_UNIT ( * ) SI_UNIT ( $, .METRE. ) );
#694 =( NAMED_UNIT ( * ) SI_UNIT ( $, .STERADIAN. ) SOLID_ANGLE_UNIT ( ) );
#695 = CIRCLE ( 'NONE', #3623, 0.02568503937007874200 ) ;
#696 = LINE ( 'NONE', #2426, #3633 ) ;
#697 = CARTESIAN_POINT ( 'NONE',  ( -0.1609575297236173200, 0.03108441523156372700, -0.05332798043997891800 ) ) ;
#698 = CARTESIAN_POINT ( 'NONE',  ( 0.07155291427061515100, 0.0002044450422655929700, -0.07800000000000000000 ) ) ;
#699 = CARTESIAN_POINT ( 'NONE',  ( -0.1623278859655180900, 0.02597017611232079300, 0.04700000000000006300 ) ) ;
#700 =( NAMED_UNIT ( * ) SI_UNIT ( $, .STERADIAN. ) SOLID_ANGLE_UNIT ( ) );
#701 =( BOUNDED_CURVE ( )  B_SPLINE_CURVE ( 3, ( #342, #2069, #1222, #3212 ),
 .UNSPECIFIED., .F., .F. ) 
 B_SPLINE_CURVE_WITH_KNOTS ( ( 4, 4 ),
 ( 0.0000000000000000000, 1.000000000000000000 ),
 .UNSPECIFIED. ) 
 CURVE ( )  GEOMETRIC_REPRESENTATION_ITEM ( )  RATIONAL_B_SPLINE_CURVE ( ( 1.000000000000000000, 0.3333333333333332000, 0.3333333333333332000, 1.000000000000000000 ) ) 
 REPRESENTATION_ITEM ( '' )  );
#702 = FACE_OUTER_BOUND ( 'NONE', #478, .T. ) ;
#703 = CARTESIAN_POINT ( 'NONE',  ( -0.1828337769366177900, 0.02381040524838276900, -0.08549635969481667000 ) ) ;
#704 = ORIENTED_EDGE ( 'NONE', *, *, #3295, .F. ) ;
#705 = CIRCLE ( 'NONE', #3709, 0.01023622047244094100 ) ;
#706 = EDGE_CURVE ( 'NONE', #2591, #256, #1804, .T. ) ;
#707 = MECHANICAL_DESIGN_GEOMETRIC_PRESENTATION_REPRESENTATION (  '', ( #1098 ), #510 ) ;
#708 = EDGE_LOOP ( 'NONE', ( #1420, #1947, #2708, #2801, #1893 ) ) ;
#709 = SURFACE_STYLE_FILL_AREA ( #1539 ) ;
#710 = CARTESIAN_POINT ( 'NONE',  ( 0.1841165628816027700, 0.03036578378886399500, 0.04700000000000006900 ) ) ;
#711 = SURFACE_STYLE_USAGE ( .BOTH. , #723 ) ;
#712 = DIRECTION ( 'NONE',  ( 0.2588190451025215200, 0.9659258262890680900, -0.0000000000000000000 ) ) ;
#713 =( GEOMETRIC_REPRESENTATION_CONTEXT ( 3 ) GLOBAL_UNCERTAINTY_ASSIGNED_CONTEXT ( ( #2903 ) ) GLOBAL_UNIT_ASSIGNED_CONTEXT ( ( #1824, #1800, #1551 ) ) REPRESENTATION_CONTEXT ( 'NONE', 'WORKASPACE' ) );
#714 =( NAMED_UNIT ( * ) PLANE_ANGLE_UNIT ( ) SI_UNIT ( $, .RADIAN. ) );
#715 = ORIENTED_EDGE ( 'NONE', *, *, #1652, .T. ) ;
#716 = DIRECTION ( 'NONE',  ( -1.182917971378669600E-016, 3.169619151431774200E-017, -1.000000000000000000 ) ) ;
#717 = FILL_AREA_STYLE_COLOUR ( '', #222 ) ;
#718 = FILL_AREA_STYLE ('',( #2146 ) ) ;
#719 = CARTESIAN_POINT ( 'NONE',  ( -0.1623499323121046500, 0.02453343270163699600, -0.01599999999999945900 ) ) ;
#720 = DIRECTION ( 'NONE',  ( 0.9659258262890680900, 0.2588190451025215200, 0.0000000000000000000 ) ) ;
#721 = PRESENTATION_LAYER_ASSIGNMENT (  '', '', ( #324 ) ) ;
#722 = UNCERTAINTY_MEASURE_WITH_UNIT (LENGTH_MEASURE( 1.000000000000000100E-005 ), #3588, 'distance_accuracy_value', 'NONE');
#723 = SURFACE_SIDE_STYLE ('',( #2898 ) ) ;
#724 = ORIENTED_EDGE ( 'NONE', *, *, #3461, .F. ) ;
#725 = PRESENTATION_STYLE_ASSIGNMENT (( #2116 ) ) ;
#726 = DIRECTION ( 'NONE',  ( -0.9659258262890680900, 0.2588190451025215200, 0.0000000000000000000 ) ) ;
#727 = CARTESIAN_POINT ( 'NONE',  ( -0.07000000000000000700, 0.005999999999999969800, 0.01533419328487060400 ) ) ;
#728 =( NAMED_UNIT ( * ) SI_UNIT ( $, .STERADIAN. ) SOLID_ANGLE_UNIT ( ) );
#729 = CIRCLE ( 'NONE', #149, 0.01904313772181160200 ) ;
#730 = DIRECTION ( 'NONE',  ( -0.2588190451025215200, 0.9659258262890680900, -0.0000000000000000000 ) ) ;
#731 = EDGE_CURVE ( 'NONE', #1399, #2310, #3221, .T. ) ;
#732 = DIMENSIONAL_EXPONENTS ( 1.000000000000000000, 0.0000000000000000000, 0.0000000000000000000, 0.0000000000000000000, 0.0000000000000000000, 0.0000000000000000000, 0.0000000000000000000 ) ;
#733 = EDGE_CURVE ( 'NONE', #3411, #2304, #940, .T. ) ;
#734 = ORIENTED_EDGE ( 'NONE', *, *, #161, .T. ) ;
#735 = FILL_AREA_STYLE ('',( #1889 ) ) ;
#736 = PRESENTATION_STYLE_ASSIGNMENT (( #2882 ) ) ;
#737 = CARTESIAN_POINT ( 'NONE',  ( 0.07000000000000000700, -1.600692183787654200E-018, -0.01600000000000004900 ) ) ;
#738 =( CONVERSION_BASED_UNIT ( 'INCH', #828 ) LENGTH_UNIT ( ) NAMED_UNIT ( #1504 ) );
#739 = CARTESIAN_POINT ( 'NONE',  ( 0.1412605344030656000, 0.01888254556723474200, -0.09136782547080575500 ) ) ;
#740 = COLOUR_RGB ( '',1.000000000000000000, 0.8039215686274510100, 0.4941176470588235500 ) ;
#741 =( CONVERSION_BASED_UNIT ( 'INCH', #1288 ) LENGTH_UNIT ( ) NAMED_UNIT ( #2728 ) );
#742 = CARTESIAN_POINT ( 'NONE',  ( -0.1428134486740990900, 0.01308699060793902500, -0.04700000000000009700 ) ) ;
#743 = AXIS2_PLACEMENT_3D ( 'NONE', #1092, #3086, #1385 ) ;
#744 = MECHANICAL_DESIGN_GEOMETRIC_PRESENTATION_REPRESENTATION (  '', ( #3491 ), #932 ) ;
#745 =( NAMED_UNIT ( * ) PLANE_ANGLE_UNIT ( ) SI_UNIT ( $, .RADIAN. ) );
#746 =( CONVERSION_BASED_UNIT ( 'INCH', #1556 ) LENGTH_UNIT ( ) NAMED_UNIT ( #1342 ) );
#747 = ORIENTED_EDGE ( 'NONE', *, *, #662, .F. ) ;
#748 = CARTESIAN_POINT ( 'NONE',  ( -0.1439336274264406700, 0.02104144939140573400, -0.08508627544362330800 ) ) ;
#749 =( LENGTH_UNIT ( ) NAMED_UNIT ( * ) SI_UNIT ( $, .METRE. ) );
#750 = CARTESIAN_POINT ( 'NONE',  ( -0.1639028465827197800, 0.01873787774390259600, 0.01599999999999944900 ) ) ;
#752 = ORIENTED_EDGE ( 'NONE', *, *, #1822, .T. ) ;
#751 = DIMENSIONAL_EXPONENTS ( 1.000000000000000000, 0.0000000000000000000, 0.0000000000000000000, 0.0000000000000000000, 0.0000000000000000000, 0.0000000000000000000, 0.0000000000000000000 ) ;
#753 = PRESENTATION_STYLE_ASSIGNMENT (( #2727 ) ) ;
#754 = EDGE_CURVE ( 'NONE', #3284, #573, #3133, .T. ) ;
#755 =( BOUNDED_SURFACE ( )  B_SPLINE_SURFACE ( 3, 3, ( 
 ( #361, #67, #2101, #373 ),
 ( #2374, #669, #2666, #961 ),
 ( #2966, #1253, #3241, #1544 ),
 ( #3531, #1834, #80, #2112 ) ),
 .UNSPECIFIED., .F., .F., .F. ) 
 B_SPLINE_SURFACE_WITH_KNOTS ( ( 4, 4 ),
 ( 4, 4 ),
 ( 0.0000000000000000000, 1.000000000000000000 ),
 ( 0.0000000000000000000, 1.000000000000000000 ),
 .UNSPECIFIED. ) 
 GEOMETRIC_REPRESENTATION_ITEM ( )  RATIONAL_B_SPLINE_SURFACE ( (
 ( 1.000000000000000000, 0.9420348673768949000, 0.9420348673768949000, 1.000000000000000000),
 ( 0.7757257530573673500, 0.7307607069022389300, 0.7307607069022389300, 0.7757257530573673500),
 ( 0.7757257530573673500, 0.7307607069022389300, 0.7307607069022389300, 0.7757257530573673500),
 ( 1.000000000000000000, 0.9420348673768949000, 0.9420348673768949000, 1.000000000000000000) ) ) 
 REPRESENTATION_ITEM ( '' )  SURFACE ( )  );
#756 = ORIENTED_EDGE ( 'NONE', *, *, #2901, .F. ) ;
#757 = CARTESIAN_POINT ( 'NONE',  ( -0.1757549444056436800, 0.03857634961290894200, 0.03874325112191566400 ) ) ;
#758 = FILL_AREA_STYLE ('',( #3595 ) ) ;
#759 = ORIENTED_EDGE ( 'NONE', *, *, #3663, .T. ) ;
#760 = ORIENTED_EDGE ( 'NONE', *, *, #161, .F. ) ;
#761 = DIRECTION ( 'NONE',  ( 0.0000000000000000000, 0.0000000000000000000, 1.000000000000000000 ) ) ;
#762 =( BOUNDED_SURFACE ( )  B_SPLINE_SURFACE ( 3, 3, ( 
 ( #879, #602, #2606, #888 ),
 ( #2902, #1192, #3177, #1479 ),
 ( #3462, #1759, #19, #2044 ),
 ( #316, #2320, #616, #2613 ) ),
 .UNSPECIFIED., .F., .F., .F. ) 
 B_SPLINE_SURFACE_WITH_KNOTS ( ( 4, 4 ),
 ( 4, 4 ),
 ( 0.0000000000000000000, 1.000000000000000000 ),
 ( 0.0000000000000000000, 1.000000000000000000 ),
 .UNSPECIFIED. ) 
 GEOMETRIC_REPRESENTATION_ITEM ( )  RATIONAL_B_SPLINE_SURFACE ( (
 ( 1.000000000000000000, 0.3333333333333335400, 0.3333333333333335400, 1.000000000000000000),
 ( 0.9427141906301189600, 0.3142380635433731900, 0.3142380635433731900, 0.9427141906301189600),
 ( 0.9427141906301189600, 0.3142380635433731900, 0.3142380635433731900, 0.9427141906301189600),
 ( 1.000000000000000000, 0.3333333333333335400, 0.3333333333333335400, 1.000000000000000000) ) ) 
 REPRESENTATION_ITEM ( '' )  SURFACE ( )  );
#763 = CARTESIAN_POINT ( 'NONE',  ( 0.1424340780307523600, 0.01919699563455609300, -0.08893794194197350600 ) ) ;
#764 = CARTESIAN_POINT ( 'NONE',  ( 0.1438500405667839100, 0.01336474456595446000, -0.04014903521097113600 ) ) ;
#765 = SURFACE_STYLE_USAGE ( .BOTH. , #2465 ) ;
#766 = COLOUR_RGB ( '',1.000000000000000000, 0.8039215686274510100, 0.4941176470588235500 ) ;
#767 = EDGE_LOOP ( 'NONE', ( #78, #116, #16 ) ) ;
#768 = STYLED_ITEM ( 'NONE', ( #1369 ), #1450 ) ;
#769 = DIRECTION ( 'NONE',  ( -0.0000000000000000000, 0.0000000000000000000, 1.000000000000000000 ) ) ;
#770 = DIRECTION ( 'NONE',  ( 0.2588190451025229000, 0.9659258262890677600, 0.0000000000000000000 ) ) ;
#771 = CARTESIAN_POINT ( 'NONE',  ( 0.1479330318784047900, 0.01569137540880861200, -0.01387057857742482100 ) ) ;
#772 = CARTESIAN_POINT ( 'NONE',  ( -0.1433792542216360000, 0.01996036019956383800, 0.04700000000000006300 ) ) ;
#773 = DIMENSIONAL_EXPONENTS ( 1.000000000000000000, 0.0000000000000000000, 0.0000000000000000000, 0.0000000000000000000, 0.0000000000000000000, 0.0000000000000000000, 0.0000000000000000000 ) ;
#774 = CIRCLE ( 'NONE', #451, 0.01023622047244094100 ) ;
#775 = LENGTH_MEASURE_WITH_UNIT ( LENGTH_MEASURE( 0.02539999999999999900 ), #2773 );
#776 = DIRECTION ( 'NONE',  ( -0.0000000000000000000, 0.0000000000000000000, 1.000000000000000000 ) ) ;
#777 = CARTESIAN_POINT ( 'NONE',  ( 0.1695564677599082900, 0.02025276097264162500, -0.02549570706449342000 ) ) ;
#778 = CARTESIAN_POINT ( 'NONE',  ( 0.1719872071743819300, 0.02628278491666792600, 0.02778508177622731800 ) ) ;
#779 = LENGTH_MEASURE_WITH_UNIT ( LENGTH_MEASURE( 0.02539999999999999900 ), #311 );
#780 = MECHANICAL_DESIGN_GEOMETRIC_PRESENTATION_REPRESENTATION (  '', ( #182 ), #968 ) ;
#781 = PRESENTATION_STYLE_ASSIGNMENT (( #820 ) ) ;
#782 = CARTESIAN_POINT ( 'NONE',  ( 0.1589264580680847000, 0.01740445846018246600, 0.02549570706449342400 ) ) ;
#783 = SURFACE_SIDE_STYLE ('',( #3252 ) ) ;
#784 = EDGE_CURVE ( 'NONE', #3516, #2047, #1625, .T. ) ;
#785 = CARTESIAN_POINT ( 'NONE',  ( 0.1479330318784047300, 0.01569137540880862300, 0.04700000000000006300 ) ) ;
#786 = DIRECTION ( 'NONE',  ( 1.000000000000000000, 0.0000000000000000000, -0.0000000000000000000 ) ) ;
#787 = EDGE_CURVE ( 'NONE', #3411, #3296, #2364, .T. ) ;
#788 = UNCERTAINTY_MEASURE_WITH_UNIT (LENGTH_MEASURE( 1.000000000000000100E-005 ), #2861, 'distance_accuracy_value', 'NONE');
#789 = LINE ( 'NONE', #36, #3715 ) ;
#790 = CARTESIAN_POINT ( 'NONE',  ( 0.1608828939028349200, 0.01792868386214707300, 0.02500847078622708100 ) ) ;
#791 = CARTESIAN_POINT ( 'NONE',  ( 0.1466892150844986700, 0.01950152830383892000, 0.05332798043997891100 ) ) ;
#792 = MECHANICAL_DESIGN_GEOMETRIC_PRESENTATION_REPRESENTATION (  '', ( #346 ), #984 ) ;
#793 = AXIS2_PLACEMENT_3D ( 'NONE', #3171, #1472, #3455 ) ;
#794 = ORIENTED_EDGE ( 'NONE', *, *, #1097, .T. ) ;
#795 = DIRECTION ( 'NONE',  ( -0.9659258262890677600, 0.2588190451025228500, 0.0000000000000000000 ) ) ;
#796 = CARTESIAN_POINT ( 'NONE',  ( -0.1518181397021370100, 0.01549979029448346100, -0.06519224204185360100 ) ) ;
#797 = MECHANICAL_DESIGN_GEOMETRIC_PRESENTATION_REPRESENTATION (  '', ( #2 ), #992 ) ;
#798 = ORIENTED_EDGE ( 'NONE', *, *, #2027, .F. ) ;
#799 = VECTOR ( 'NONE', #1518, 39.37007874015748100 ) ;
#800 = CARTESIAN_POINT ( 'NONE',  ( -0.1597662252102079700, 0.02096332007689595500, 0.06172633217640469800 ) ) ;
#801 = CARTESIAN_POINT ( 'NONE',  ( -0.1479330318784047600, 0.01569137540880862300, 0.04700000000000006300 ) ) ;
#802 = CARTESIAN_POINT ( 'NONE',  ( 0.1628856762417529000, 0.01846532777247550400, 0.02481476569108317200 ) ) ;
#803 = CLOSED_SHELL ( 'NONE', ( #2003, #1673, #245, #1712, #1991, #2519, #3439, #854, #2020, #871, #3689, #3658, #574, #1747, #2565, #1162, #889, #2601, #3142, #223, #837, #301, #1450, #3123, #2307, #1416, #263, #2889, #1727, #1394, #4, #2580, #2038, #819, #1130, #3402, #278, #1185, #2242, #3674, #1967, #1147, #1465, #2832, #556, #3458, #3385, #1432, #3103, #3419, #3161, #537, #1694, #2873, #3707, #1106, #2855, #3178, #2545, #2295, #2277, #2814, #2260, #588 ) ) ;
#804 = EDGE_CURVE ( 'NONE', #1529, #2675, #65, .T. ) ;
#805 = STYLED_ITEM ( 'NONE', ( #3646 ), #889 ) ;
#806 =( LENGTH_UNIT ( ) NAMED_UNIT ( * ) SI_UNIT ( $, .METRE. ) );
#807 = UNCERTAINTY_MEASURE_WITH_UNIT (LENGTH_MEASURE( 1.000000000000000100E-005 ), #320, 'distance_accuracy_value', 'NONE');
#808 = CARTESIAN_POINT ( 'NONE',  ( -0.1804356481773941300, 0.02316782857981945400, -0.06160939641471971400 ) ) ;
#809 = CARTESIAN_POINT ( 'NONE',  ( -0.1424340780307523900, 0.01919699563455607200, -0.08893794194197347800 ) ) ;
#810 = DIRECTION ( 'NONE',  ( 0.2588190451025217400, -0.9659258262890680900, -0.0000000000000000000 ) ) ;
#811 =( NAMED_UNIT ( * ) SI_UNIT ( $, .STERADIAN. ) SOLID_ANGLE_UNIT ( ) );
#812 =( NAMED_UNIT ( * ) SI_UNIT ( $, .STERADIAN. ) SOLID_ANGLE_UNIT ( ) );
#813 = ORIENTED_EDGE ( 'NONE', *, *, #2668, .T. ) ;
#814 = FACE_OUTER_BOUND ( 'NONE', #1165, .T. ) ;
#815 = COLOUR_RGB ( '',1.000000000000000000, 0.8039215686274510100, 0.4941176470588235500 ) ;
#816 =( GEOMETRIC_REPRESENTATION_CONTEXT ( 3 ) GLOBAL_UNCERTAINTY_ASSIGNED_CONTEXT ( ( #71 ) ) GLOBAL_UNIT_ASSIGNED_CONTEXT ( ( #2448, #745, #2754 ) ) REPRESENTATION_CONTEXT ( 'NONE', 'WORKASPACE' ) );
#817 = CARTESIAN_POINT ( 'NONE',  ( 0.1736604839337968800, 0.03174243744389465500, 0.04067201956002122100 ) ) ;
#818 = FILL_AREA_STYLE_COLOUR ( '', #92 ) ;
#819 = ADVANCED_FACE ( 'NONE', ( #2281 ), #2547, .F. ) ;
#820 = SURFACE_STYLE_USAGE ( .BOTH. , #2531 ) ;
#821 = CARTESIAN_POINT ( 'NONE',  ( 0.1844353813235810600, 0.02423955384628023000, -0.05445676915181207900 ) ) ;
#822 = VERTEX_POINT ( 'NONE', #2838 ) ;
#823 = SURFACE_SIDE_STYLE ('',( #2490 ) ) ;
#824 = LINE ( 'NONE', #1448, #43 ) ;
#825 =( NAMED_UNIT ( * ) PLANE_ANGLE_UNIT ( ) SI_UNIT ( $, .RADIAN. ) );
#826 = CARTESIAN_POINT ( 'NONE',  ( -0.1634080012417073700, 0.02193913102355123800, -0.03227366782359544800 ) ) ;
#827 = EDGE_CURVE ( 'NONE', #3089, #2227, #3301, .T. ) ;
#828 = LENGTH_MEASURE_WITH_UNIT ( LENGTH_MEASURE( 0.02539999999999999900 ), #749 );
#829 = DIRECTION ( 'NONE',  ( -0.9659258262890677600, 0.2588190451025228500, 0.0000000000000000000 ) ) ;
#830 = CARTESIAN_POINT ( 'NONE',  ( -0.1856694771522179300, 0.02457022883112959900, -0.002632174529194329100 ) ) ;
#831 = CARTESIAN_POINT ( 'NONE',  ( 0.1588741825631775600, 0.01739045128085867800, 0.06866205366293438900 ) ) ;
#832 = LENGTH_MEASURE_WITH_UNIT ( LENGTH_MEASURE( 0.02539999999999999900 ), #1610 );
#833 = CARTESIAN_POINT ( 'NONE',  ( 0.1568390703895839700, 0.01858708264698416900, -0.06172633217640469800 ) ) ;
#834 =( CONVERSION_BASED_UNIT ( 'INCH', #2652 ) LENGTH_UNIT ( ) NAMED_UNIT ( #2397 ) );
#835 = CARTESIAN_POINT ( 'NONE',  ( 0.1576324667347323300, 0.01705773452739782800, -0.06811423959819083700 ) ) ;
#836 = DIRECTION ( 'NONE',  ( -1.000000000000000000, 2.667820306312764300E-015, 0.0000000000000000000 ) ) ;
#837 = ADVANCED_FACE ( 'NONE', ( #651 ), #1973, .T. ) ;
#838 = DIRECTION ( 'NONE',  ( 0.0000000000000000000, 0.0000000000000000000, 1.000000000000000000 ) ) ;
#839 = ORIENTED_EDGE ( 'NONE', *, *, #2149, .F. ) ;
#840 = DIRECTION ( 'NONE',  ( -0.9659258262890679800, -0.2588190451025215700, -0.0000000000000000000 ) ) ;
#841 = CARTESIAN_POINT ( 'NONE',  ( 0.1839155224249373100, 0.02410025807421050200, 0.05581638281433031600 ) ) ;
#842 = CARTESIAN_POINT ( 'NONE',  ( 0.1597662252102079700, 0.02096332007689595500, -0.03227366782359544800 ) ) ;
#843 = AXIS2_PLACEMENT_3D ( 'NONE', #3640, #1948, #214 ) ;
#844 = CARTESIAN_POINT ( 'NONE',  ( -0.1438500405667839100, 0.01336474456595446200, 0.04014903521097058100 ) ) ;
#845 = CARTESIAN_POINT ( 'NONE',  ( 0.1841165628820210800, 0.03036578378730269200, 0.04700000000000006900 ) ) ;
#846 = ORIENTED_EDGE ( 'NONE', *, *, #2555, .T. ) ;
#847 = ORIENTED_EDGE ( 'NONE', *, *, #1097, .F. ) ;
#848 = CARTESIAN_POINT ( 'NONE',  ( -0.1856694771526362100, 0.02457022882956828900, 0.04700000000000004900 ) ) ;
#849 = CARTESIAN_POINT ( 'NONE',  ( 0.1841165628816027500, 0.03036578378886400600, -0.002632174529194380700 ) ) ;
#850 =( NAMED_UNIT ( * ) SI_UNIT ( $, .STERADIAN. ) SOLID_ANGLE_UNIT ( ) );
#851 = PRESENTATION_LAYER_ASSIGNMENT (  '', '', ( #423 ) ) ;
#852 = VECTOR ( 'NONE', #2719, 39.37007874015748100 ) ;
#853 =( LENGTH_UNIT ( ) NAMED_UNIT ( * ) SI_UNIT ( $, .METRE. ) );
#854 = ADVANCED_FACE ( 'NONE', ( #2186 ), #3104, .T. ) ;
#855 = ORIENTED_EDGE ( 'NONE', *, *, #2428, .F. ) ;
#856 = CARTESIAN_POINT ( 'NONE',  ( -0.1695564677599062900, 0.02025276097264109100, 0.02549570706449339600 ) ) ;
#857 = DIRECTION ( 'NONE',  ( -0.2588190451025215200, 0.9659258262890680900, -0.0000000000000000000 ) ) ;
#858 = CARTESIAN_POINT ( 'NONE',  ( -0.1783530562174676900, 0.02260979974599362800, -0.03023454573565453200 ) ) ;
#859 = CIRCLE ( 'NONE', #3400, 0.02568503937007874200 ) ;
#860 = CARTESIAN_POINT ( 'NONE',  ( -0.1814739588349015600, 0.02344604308199118800, 0.06052827685666655600 ) ) ;
#861 = LINE ( 'NONE', #327, #1542 ) ;
#862 = AXIS2_PLACEMENT_3D ( 'NONE', #2102, #374, #2376 ) ;
#863 = ORIENTED_EDGE ( 'NONE', *, *, #489, .T. ) ;
#864 = AXIS2_PLACEMENT_3D ( 'NONE', #727, #2735, #1023 ) ;
#865 = CARTESIAN_POINT ( 'NONE',  ( -0.1672388651455729800, 0.03276749398526573900, 0.04067201956002122800 ) ) ;
#866 = UNCERTAINTY_MEASURE_WITH_UNIT (LENGTH_MEASURE( 1.000000000000000100E-005 ), #2680, 'distance_accuracy_value', 'NONE');
#867 = FILL_AREA_STYLE_COLOUR ( '', #1724 ) ;
#868 = SURFACE_SIDE_STYLE ('',( #3018 ) ) ;
#869 = CARTESIAN_POINT ( 'NONE',  ( -0.1814739588348962300, 0.02344604308198977600, -0.03347172314332935700 ) ) ;
#870 = CARTESIAN_POINT ( 'NONE',  ( -0.1536145131421792800, 0.01598112710704752500, 0.06650658179147862800 ) ) ;
#871 = ADVANCED_FACE ( 'NONE', ( #393 ), #2841, .T. ) ;
#872 = UNCERTAINTY_MEASURE_WITH_UNIT (LENGTH_MEASURE( 1.000000000000000100E-005 ), #746, 'distance_accuracy_value', 'NONE');
#873 = EDGE_CURVE ( 'NONE', #1078, #2227, #2999, .T. ) ;
#874 = LINE ( 'NONE', #22, #3154 ) ;
#875 = EDGE_CURVE ( 'NONE', #2191, #2193, #13, .T. ) ;
#876 = AXIS2_PLACEMENT_3D ( 'NONE', #981, #1298, #3389 ) ;
#877 = VECTOR ( 'NONE', #2826, 39.37007874015748100 ) ;
#878 = UNCERTAINTY_MEASURE_WITH_UNIT (LENGTH_MEASURE( 1.000000000000000100E-005 ), #1117, 'distance_accuracy_value', 'NONE');
#879 = CARTESIAN_POINT ( 'NONE',  ( -0.1807221445045955100, 0.03089890283323588200, 0.04700000000000005600 ) ) ;
#880 = SURFACE_SIDE_STYLE ('',( #1263 ) ) ;
#881 = CARTESIAN_POINT ( 'NONE',  ( -0.1591801297522013600, 0.03771776223025954200, -0.05525674887808444000 ) ) ;
#882 = FILL_AREA_STYLE ('',( #2894 ) ) ;
#883 = CARTESIAN_POINT ( 'NONE',  ( -0.1830833740490091000, 0.02387728458889767600, -0.03599817203083082600 ) ) ;
#884 = LENGTH_MEASURE_WITH_UNIT ( LENGTH_MEASURE( 0.02539999999999999900 ), #523 );
#885 = ORIENTED_EDGE ( 'NONE', *, *, #2468, .F. ) ;
#886 = ORIENTED_EDGE ( 'NONE', *, *, #1392, .F. ) ;
#887 = VERTEX_POINT ( 'NONE', #3226 ) ;
#888 = CARTESIAN_POINT ( 'NONE',  ( -0.1439336274264407000, 0.02104144939140570300, 0.04700000000000005600 ) ) ;
#889 = ADVANCED_FACE ( 'NONE', ( #2229 ), #1445, .T. ) ;
#890 = CARTESIAN_POINT ( 'NONE',  ( -0.1428186170895420200, 0.01308837547817301400, -0.04415855365266822800 ) ) ;
#891 = ORIENTED_EDGE ( 'NONE', *, *, #45, .F. ) ;
#892 = ORIENTED_EDGE ( 'NONE', *, *, #82, .T. ) ;
#893 = CARTESIAN_POINT ( 'NONE',  ( 0.1591801297522013600, 0.03771776223025956300, -0.05525674887808448100 ) ) ;
#894 = EDGE_CURVE ( 'NONE', #1529, #2931, #2960, .T. ) ;
#895 = PRESENTATION_LAYER_ASSIGNMENT (  '', '', ( #1098 ) ) ;
#896 = UNCERTAINTY_MEASURE_WITH_UNIT (LENGTH_MEASURE( 1.000000000000000100E-005 ), #302, 'distance_accuracy_value', 'NONE');
#897 = EDGE_CURVE ( 'NONE', #146, #3063, #2195, .T. ) ;
#898 = ORIENTED_EDGE ( 'NONE', *, *, #918, .T. ) ;
#899 = DIRECTION ( 'NONE',  ( 0.9659258262890679800, 0.2588190451025215700, 0.0000000000000000000 ) ) ;
#900 = DIRECTION ( 'NONE',  ( 0.9659258262890679800, -0.2588190451025216300, 0.0000000000000000000 ) ) ;
#901 = PRESENTATION_STYLE_ASSIGNMENT (( #941 ) ) ;
#902 = CARTESIAN_POINT ( 'NONE',  ( -0.1439336274264407000, 0.02104144939140573400, -0.008913724556376841800 ) ) ;
#903 = CARTESIAN_POINT ( 'NONE',  ( 0.07155291427061515100, 0.0002044450422655908300, 0.07800000000000002800 ) ) ;
#904 = PRESENTATION_LAYER_ASSIGNMENT (  '', '', ( #323 ) ) ;
#905 = ORIENTED_EDGE ( 'NONE', *, *, #662, .T. ) ;
#906 = CIRCLE ( 'NONE', #2790, 0.01459467943118608100 ) ;
#907 = DIRECTION ( 'NONE',  ( -0.2588190451025228500, -0.9659258262890676500, -0.0000000000000000000 ) ) ;
#908 =( NAMED_UNIT ( * ) PLANE_ANGLE_UNIT ( ) SI_UNIT ( $, .RADIAN. ) );
#909 = AXIS2_PLACEMENT_3D ( 'NONE', #1581, #3562, #1868 ) ;
#910 = COLOUR_RGB ( '',1.000000000000000000, 0.8039215686274510100, 0.4941176470588235500 ) ;
#911 = FACE_OUTER_BOUND ( 'NONE', #272, .T. ) ;
#912 = CARTESIAN_POINT ( 'NONE',  ( -0.1841165628816028000, 0.03036578378886400200, -0.002632174529194201200 ) ) ;
#913 = UNCERTAINTY_MEASURE_WITH_UNIT (LENGTH_MEASURE( 1.000000000000000100E-005 ), #563, 'distance_accuracy_value', 'NONE');
#914 = CARTESIAN_POINT ( 'NONE',  ( -0.1671292943549056200, 0.02705823351884067300, -0.06621491822377283100 ) ) ;
#915 =( CONVERSION_BASED_UNIT ( 'INCH', #2616 ) LENGTH_UNIT ( ) NAMED_UNIT ( #1902 ) );
#916 = SURFACE_STYLE_FILL_AREA ( #1060 ) ;
#917 = SURFACE_STYLE_FILL_AREA ( #1863 ) ;
#918 = EDGE_CURVE ( 'NONE', #2235, #42, #3697, .T. ) ;
#919 = EDGE_CURVE ( 'NONE', #2310, #539, #3610, .T. ) ;
#920 =( CONVERSION_BASED_UNIT ( 'INCH', #336 ) LENGTH_UNIT ( ) NAMED_UNIT ( #1489 ) );
#921 = DIRECTION ( 'NONE',  ( -0.9659258262890682000, -0.2588190451025212400, 0.0000000000000000000 ) ) ;
#922 = DIRECTION ( 'NONE',  ( -0.9659258262890680900, -0.2588190451025218500, 0.0000000000000000000 ) ) ;
#923 = CARTESIAN_POINT ( 'NONE',  ( 0.1456491488892808200, 0.01384681419224712900, 0.08549635969481680900 ) ) ;
#924 = CARTESIAN_POINT ( 'NONE',  ( -0.1428134486736807000, 0.01308699060950033000, -0.002632174529194312200 ) ) ;
#925 = ORIENTED_EDGE ( 'NONE', *, *, #2284, .T. ) ;
#926 = DIMENSIONAL_EXPONENTS ( 1.000000000000000000, 0.0000000000000000000, 0.0000000000000000000, 0.0000000000000000000, 0.0000000000000000000, 0.0000000000000000000, 0.0000000000000000000 ) ;
#927 = CARTESIAN_POINT ( 'NONE',  ( -0.1633699731734308800, 0.02208105370647273100, -0.06159467943118614200 ) ) ;
#928 = UNCERTAINTY_MEASURE_WITH_UNIT (LENGTH_MEASURE( 1.000000000000000100E-005 ), #1358, 'distance_accuracy_value', 'NONE');
#929 = CARTESIAN_POINT ( 'NONE',  ( -0.1623775049890052400, 0.02578499539564488300, -0.02778508177622731800 ) ) ;
#930 =( LENGTH_UNIT ( ) NAMED_UNIT ( * ) SI_UNIT ( $, .METRE. ) );
#931 = CARTESIAN_POINT ( 'NONE',  ( 0.1807221445045955100, 0.03089890283323589900, 0.04700000000000006900 ) ) ;
#932 =( GEOMETRIC_REPRESENTATION_CONTEXT ( 3 ) GLOBAL_UNCERTAINTY_ASSIGNED_CONTEXT ( ( #807 ) ) GLOBAL_UNIT_ASSIGNED_CONTEXT ( ( #320, #2321, #620 ) ) REPRESENTATION_CONTEXT ( 'NONE', 'WORKASPACE' ) );
#933 = CARTESIAN_POINT ( 'NONE',  ( -0.1412605344034839300, 0.01888254556567343200, 0.04700000000000006300 ) ) ;
#934 = VERTEX_POINT ( 'NONE', #427 ) ;
#935 = FILL_AREA_STYLE_COLOUR ( '', #1007 ) ;
#936 = DIRECTION ( 'NONE',  ( -0.9659258262890677600, 0.2588190451025228500, 0.0000000000000000000 ) ) ;
#937 = SURFACE_SIDE_STYLE ('',( #1832 ) ) ;
#938 = DIMENSIONAL_EXPONENTS ( 1.000000000000000000, 0.0000000000000000000, 0.0000000000000000000, 0.0000000000000000000, 0.0000000000000000000, 0.0000000000000000000, 0.0000000000000000000 ) ;
#939 = CARTESIAN_POINT ( 'NONE',  ( -0.1456491488892808500, 0.01384681419224714600, 0.04700000000000006300 ) ) ;
#940 = CIRCLE ( 'NONE', #2877, 0.01904313772181160200 ) ;
#941 = SURFACE_STYLE_USAGE ( .BOTH. , #2655 ) ;
#942 = EDGE_CURVE ( 'NONE', #3218, #1978, #2874, .T. ) ;
#943 = VERTEX_POINT ( 'NONE', #101 ) ;
#944 = FILL_AREA_STYLE ('',( #57 ) ) ;
#945 = PRESENTATION_LAYER_ASSIGNMENT (  '', '', ( #364 ) ) ;
#946 = CIRCLE ( 'NONE', #3208, 0.005999999999999975000 ) ;
#947 = CARTESIAN_POINT ( 'NONE',  ( 0.1424340780307523400, 0.01919699563455609700, 0.04700000000000004900 ) ) ;
#948 = CIRCLE ( 'NONE', #52, 0.01459467943118608100 ) ;
#949 = COLOUR_RGB ( '',1.000000000000000000, 0.8039215686274510100, 0.4941176470588235500 ) ;
#950 = CARTESIAN_POINT ( 'NONE',  ( -0.1841165628820210800, 0.03036578378730269600, 0.04700000000000005600 ) ) ;
#951 =( NAMED_UNIT ( * ) SI_UNIT ( $, .STERADIAN. ) SOLID_ANGLE_UNIT ( ) );
#952 = FILL_AREA_STYLE_COLOUR ( '', #1858 ) ;
#953 = COLOUR_RGB ( '',1.000000000000000000, 0.8039215686274510100, 0.4941176470588235500 ) ;
#954 =( CONVERSION_BASED_UNIT ( 'INCH', #2532 ) LENGTH_UNIT ( ) NAMED_UNIT ( #751 ) );
#955 = CARTESIAN_POINT ( 'NONE',  ( -0.1623499323121046500, 0.02453343270163699600, 0.01599999999999944900 ) ) ;
#956 = SURFACE_STYLE_FILL_AREA ( #1168 ) ;
#957 = CARTESIAN_POINT ( 'NONE',  ( -0.1456491488892808500, 0.01384681419224714800, 0.008503640305183449500 ) ) ;
#958 = PRESENTATION_LAYER_ASSIGNMENT (  '', '', ( #570 ) ) ;
#959 = ORIENTED_EDGE ( 'NONE', *, *, #583, .T. ) ;
#960 = CARTESIAN_POINT ( 'NONE',  ( 0.1456491488892808200, 0.01384681419224713700, -0.04700000000000006300 ) ) ;
#961 = CARTESIAN_POINT ( 'NONE',  ( 0.1405628328110793700, 0.02260441136696423800, 0.05525674887808444000 ) ) ;
#962 = CARTESIAN_POINT ( 'NONE',  ( -0.1672388651455729800, 0.03276749398526576000, -0.05332798043997889800 ) ) ;
#963 = SURFACE_STYLE_FILL_AREA ( #154 ) ;
#964 = CARTESIAN_POINT ( 'NONE',  ( 0.1817427903790546900, 0.03023983873174639100, 0.04700000000000006300 ) ) ;
#965 = CARTESIAN_POINT ( 'NONE',  ( -0.07000000000000000700, -0.005999999999999998400, 0.07800000000000000000 ) ) ;
#966 = CARTESIAN_POINT ( 'NONE',  ( 0.1591801297522013600, 0.03771776223025955600, -0.03874325112191566400 ) ) ;
#967 =( NAMED_UNIT ( * ) PLANE_ANGLE_UNIT ( ) SI_UNIT ( $, .RADIAN. ) );
#968 =( GEOMETRIC_REPRESENTATION_CONTEXT ( 3 ) GLOBAL_UNCERTAINTY_ASSIGNED_CONTEXT ( ( #1039 ) ) GLOBAL_UNIT_ASSIGNED_CONTEXT ( ( #202, #2221, #503 ) ) REPRESENTATION_CONTEXT ( 'NONE', 'WORKASPACE' ) );
#969 = VECTOR ( 'NONE', #1170, 39.37007874015748100 ) ;
#970 = CYLINDRICAL_SURFACE ( 'NONE', #1554, 0.03100000000000002800 ) ;
#971 = COLOUR_RGB ( '',1.000000000000000000, 0.8039215686274510100, 0.4941176470588235500 ) ;
#972 = CARTESIAN_POINT ( 'NONE',  ( -0.1828337769366177900, 0.02381040524838277600, 0.008503640305183449500 ) ) ;
#973 = SURFACE_STYLE_FILL_AREA ( #684 ) ;
#974 = CARTESIAN_POINT ( 'NONE',  ( 0.1428134486740990900, 0.01308699060793902200, -0.04700000000000006900 ) ) ;
#975 = DIRECTION ( 'NONE',  ( 0.2588190451025215200, 0.9659258262890680900, -0.0000000000000000000 ) ) ;
#976 = DIRECTION ( 'NONE',  ( -1.182917971378669600E-016, 3.169619151431774200E-017, -1.000000000000000000 ) ) ;
#977 = EDGE_CURVE ( 'NONE', #146, #354, #668, .T. ) ;
#978 =( LENGTH_UNIT ( ) NAMED_UNIT ( * ) SI_UNIT ( $, .METRE. ) );
#979 = EDGE_LOOP ( 'NONE', ( #3606, #2179, #3532 ) ) ;
#980 = CARTESIAN_POINT ( 'NONE',  ( 0.1639028465827198400, 0.01873787774390249900, -0.04699999999999888300 ) ) ;
#981 = CARTESIAN_POINT ( 'NONE',  ( -0.07000000000000000700, 0.005999999999999969800, 0.1093341932848706200 ) ) ;
#982 = DIMENSIONAL_EXPONENTS ( 1.000000000000000000, 0.0000000000000000000, 0.0000000000000000000, 0.0000000000000000000, 0.0000000000000000000, 0.0000000000000000000, 0.0000000000000000000 ) ;
#983 = VERTEX_POINT ( 'NONE', #990 ) ;
#984 =( GEOMETRIC_REPRESENTATION_CONTEXT ( 3 ) GLOBAL_UNCERTAINTY_ASSIGNED_CONTEXT ( ( #1786 ) ) GLOBAL_UNIT_ASSIGNED_CONTEXT ( ( #3169, #1470, #3452 ) ) REPRESENTATION_CONTEXT ( 'NONE', 'WORKASPACE' ) );
#985 =( NAMED_UNIT ( * ) PLANE_ANGLE_UNIT ( ) SI_UNIT ( $, .RADIAN. ) );
#986 = CARTESIAN_POINT ( 'NONE',  ( 0.1807221445045954800, 0.03089890283323590600, 0.08508627544362322400 ) ) ;
#987 = AXIS2_PLACEMENT_3D ( 'NONE', #3711, #2012, #2023 ) ;
#988 = CARTESIAN_POINT ( 'NONE',  ( -0.1736604839337968800, 0.03174243744389466200, -0.05332798043997889800 ) ) ;
#989 = CARTESIAN_POINT ( 'NONE',  ( -0.1623278859655180900, 0.02597017611232079300, 0.04700000000000006300 ) ) ;
#990 = CARTESIAN_POINT ( 'NONE',  ( 0.1439336274264406700, 0.02104144939140570300, -0.04700000000000006300 ) ) ;
#991 = SURFACE_STYLE_USAGE ( .BOTH. , #1006 ) ;
#992 =( GEOMETRIC_REPRESENTATION_CONTEXT ( 3 ) GLOBAL_UNCERTAINTY_ASSIGNED_CONTEXT ( ( #2247 ) ) GLOBAL_UNIT_ASSIGNED_CONTEXT ( ( #525, #2524, #812 ) ) REPRESENTATION_CONTEXT ( 'NONE', 'WORKASPACE' ) );
#993 = CARTESIAN_POINT ( 'NONE',  ( 0.1841165628820210800, 0.03036578378730269200, 0.04700000000000006900 ) ) ;
#994 = CARTESIAN_POINT ( 'NONE',  ( -0.1456491488892807900, 0.01384681419224712900, -0.04700000000000006900 ) ) ;
#995 = PRESENTATION_STYLE_ASSIGNMENT (( #2392 ) ) ;
#996 = LENGTH_MEASURE_WITH_UNIT ( LENGTH_MEASURE( 0.02539999999999999900 ), #1758 );
#997 = ORIENTED_EDGE ( 'NONE', *, *, #2798, .F. ) ;
#998 = LENGTH_MEASURE_WITH_UNIT ( LENGTH_MEASURE( 0.02539999999999999900 ), #1826 );
#999 = CARTESIAN_POINT ( 'NONE',  ( 0.1412605344030655500, 0.01888254556723471800, 0.09136782547080590800 ) ) ;
#1000 = EDGE_CURVE ( 'NONE', #2569, #1175, #2107, .T. ) ;
#1001 = LINE ( 'NONE', #1520, #1723 ) ;
#1002 = DIMENSIONAL_EXPONENTS ( 1.000000000000000000, 0.0000000000000000000, 0.0000000000000000000, 0.0000000000000000000, 0.0000000000000000000, 0.0000000000000000000, 0.0000000000000000000 ) ;
#1003 = SURFACE_STYLE_FILL_AREA ( #474 ) ;
#1004 = UNCERTAINTY_MEASURE_WITH_UNIT (LENGTH_MEASURE( 1.000000000000000100E-005 ), #1602, 'distance_accuracy_value', 'NONE');
#1005 = DIRECTION ( 'NONE',  ( 0.9659258262890682000, -0.2588190451025212400, 0.0000000000000000000 ) ) ;
#1006 = SURFACE_SIDE_STYLE ('',( #2723 ) ) ;
#1007 = COLOUR_RGB ( '',1.000000000000000000, 0.8039215686274510100, 0.4941176470588235500 ) ;
#1008 = CARTESIAN_POINT ( 'NONE',  ( 0.1830201483440818400, 0.03445765854904917600, -0.04700000000000006300 ) ) ;
#1009 = EDGE_LOOP ( 'NONE', ( #1923, #794, #1072 ) ) ;
#1010 = LINE ( 'NONE', #1104, #2522 ) ;
#1011 = CARTESIAN_POINT ( 'NONE',  ( 0.1639028465827198400, 0.01873787774390249900, -0.01599999999999943800 ) ) ;
#1012 =( NAMED_UNIT ( * ) SI_UNIT ( $, .STERADIAN. ) SOLID_ANGLE_UNIT ( ) );
#1013 = FACE_OUTER_BOUND ( 'NONE', #1613, .T. ) ;
#1014 = STYLED_ITEM ( 'NONE', ( #1190 ), #1727 ) ;
#1015 = AXIS2_PLACEMENT_3D ( 'NONE', #2516, #810, #2820 ) ;
#1016 = COLOUR_RGB ( '',1.000000000000000000, 0.8039215686274510100, 0.4941176470588235500 ) ;
#1017 = MECHANICAL_DESIGN_GEOMETRIC_PRESENTATION_REPRESENTATION (  '', ( #3138 ), #1211 ) ;
#1018 = DIRECTION ( 'NONE',  ( 0.0000000000000000000, 0.0000000000000000000, 1.000000000000000000 ) ) ;
#1019 = PRESENTATION_STYLE_ASSIGNMENT (( #1354 ) ) ;
#1020 = FILL_AREA_STYLE ('',( #3287 ) ) ;
#1021 = PRESENTATION_STYLE_ASSIGNMENT (( #264 ) ) ;
#1022 = SURFACE_STYLE_USAGE ( .BOTH. , #1032 ) ;
#1023 = DIRECTION ( 'NONE',  ( -1.000000000000000000, 0.0000000000000000000, 0.0000000000000000000 ) ) ;
#1024 = EDGE_LOOP ( 'NONE', ( #2733, #208, #2403, #2274 ) ) ;
#1025 = VERTEX_POINT ( 'NONE', #3374 ) ;
#1026 = CARTESIAN_POINT ( 'NONE',  ( -0.1623775049890052400, 0.02578499539564483800, 0.06621491822377283100 ) ) ;
#1027 = PRESENTATION_STYLE_ASSIGNMENT (( #2527 ) ) ;
#1028 = CARTESIAN_POINT ( 'NONE',  ( -0.1401641198655446700, 0.02297442032741993000, 0.04700000000000006300 ) ) ;
#1029 = FILL_AREA_STYLE ('',( #2199 ) ) ;
#1030 = ORIENTED_EDGE ( 'NONE', *, *, #3342, .F. ) ;
#1031 = ORIENTED_EDGE ( 'NONE', *, *, #2828, .F. ) ;
#1032 = SURFACE_SIDE_STYLE ('',( #237 ) ) ;
#1033 = ORIENTED_EDGE ( 'NONE', *, *, #2602, .F. ) ;
#1034 = B_SPLINE_CURVE_WITH_KNOTS ( 'NONE', 3,
 ( #1966, #3384, #2246, #535, #2535, #821, #2831, #1121, #3109, #1414, #3395, #1700, #3671, #1981, #250, #2258, #548, #2550, #835, #2847, #1133, #3121, #1424, #3404, #1708, #3682, #1995, #260, #2269, #559 ),
 .UNSPECIFIED., .F., .F.,
 ( 4, 1, 2, 2, 2, 1, 2, 2, 2, 1, 2, 2, 2, 1, 2, 2, 4 ),
 ( 0.0000000000000000000, 0.06250000000000084700, 0.09375000000000145700, 0.1250000000000020500, 0.2500000000000036600, 0.3125000000000044400, 0.3437500000000042700, 0.3750000000000040500, 0.5000000000000045500, 0.5625000000000047700, 0.5937500000000040000, 0.6250000000000033300, 0.7500000000000020000, 0.8125000000000013300, 0.8437500000000012200, 0.8750000000000011100, 1.000000000000000000 ),
 .UNSPECIFIED. ) ;
#1035 =( NAMED_UNIT ( * ) SI_UNIT ( $, .STERADIAN. ) SOLID_ANGLE_UNIT ( ) );
#1036 = DIRECTION ( 'NONE',  ( -0.0000000000000000000, -0.0000000000000000000, -1.000000000000000000 ) ) ;
#1037 = PRESENTATION_LAYER_ASSIGNMENT (  '', '', ( #650 ) ) ;
#1038 = CIRCLE ( 'NONE', #1535, 0.01968503937007874000 ) ;
#1039 = UNCERTAINTY_MEASURE_WITH_UNIT (LENGTH_MEASURE( 1.000000000000000100E-005 ), #202, 'distance_accuracy_value', 'NONE');
#1040 =( NAMED_UNIT ( * ) SI_UNIT ( $, .STERADIAN. ) SOLID_ANGLE_UNIT ( ) );
#1041 = ORIENTED_EDGE ( 'NONE', *, *, #2618, .F. ) ;
#1042 = ORIENTED_EDGE ( 'NONE', *, *, #3663, .F. ) ;
#1043 = CARTESIAN_POINT ( 'NONE',  ( -0.1817427903790546900, 0.03023983873174638700, -0.04700000000000006900 ) ) ;
#1044 = FILL_AREA_STYLE ('',( #1895 ) ) ;
#1045 = LINE ( 'NONE', #429, #3228 ) ;
#1046 = CARTESIAN_POINT ( 'NONE',  ( -0.1623775049890052400, 0.02578499539564484100, 0.02778508177622729400 ) ) ;
#1047 = SURFACE_STYLE_USAGE ( .BOTH. , #2764 ) ;
#1048 = CARTESIAN_POINT ( 'NONE',  ( 0.1719872071743819300, 0.02628278491666789400, -0.02778508177622729000 ) ) ;
#1049 = FILL_AREA_STYLE ('',( #3033 ) ) ;
#1050 = EDGE_CURVE ( 'NONE', #1865, #3017, #2433, .T. ) ;
#1051 = ORIENTED_EDGE ( 'NONE', *, *, #470, .F. ) ;
#1052 = CARTESIAN_POINT ( 'NONE',  ( 0.1829430192539159600, 0.03005133372154262700, -0.04700000000000005600 ) ) ;
#1053 = CARTESIAN_POINT ( 'NONE',  ( 0.1453995517789815600, 0.01377993484392579400, -0.03599817203083052800 ) ) ;
#1054 = CARTESIAN_POINT ( 'NONE',  ( 0.1671292943549056200, 0.02705823351884067300, 0.06621491822377283100 ) ) ;
#1055 =( CONVERSION_BASED_UNIT ( 'INCH', #775 ) LENGTH_UNIT ( ) NAMED_UNIT ( #117 ) );
#1056 = CIRCLE ( 'NONE', #1918, 0.01199999999999996700 ) ;
#1057 = PRESENTATION_LAYER_ASSIGNMENT (  '', '', ( #671 ) ) ;
#1058 = FACE_BOUND ( 'NONE', #1344, .T. ) ;
#1059 = FILL_AREA_STYLE ('',( #2725 ) ) ;
#1060 = FILL_AREA_STYLE ('',( #2252 ) ) ;
#1061 = CARTESIAN_POINT ( 'NONE',  ( 0.1828337769366178100, 0.02381040524838278600, -0.04700000000000006300 ) ) ;
#1062 = LINE ( 'NONE', #1290, #2576 ) ;
#1063 = CARTESIAN_POINT ( 'NONE',  ( -0.1817427903790546600, 0.03023983873174638700, 0.08671685518007658800 ) ) ;
#1064 = PRESENTATION_STYLE_ASSIGNMENT (( #2328 ) ) ;
#1065 = SURFACE_STYLE_USAGE ( .BOTH. , #2782 ) ;
#1066 = CARTESIAN_POINT ( 'NONE',  ( 0.1714441488184043100, 0.02075856358783315800, -0.02609371728140974900 ) ) ;
#1067 = CARTESIAN_POINT ( 'NONE',  ( 0.1623775049890052400, 0.02578499539564488300, 0.02778508177622731800 ) ) ;
#1068 = FACE_OUTER_BOUND ( 'NONE', #1810, .T. ) ;
#1069 = CARTESIAN_POINT ( 'NONE',  ( 0.1448970733761537900, 0.01364529616167401200, 0.03742640101761989000 ) ) ;
#1070 = CARTESIAN_POINT ( 'NONE',  ( 0.1669530362584797100, 0.01955517360428408700, 0.02481873041162528300 ) ) ;
#1071 =( LENGTH_UNIT ( ) NAMED_UNIT ( * ) SI_UNIT ( $, .METRE. ) );
#1072 = ORIENTED_EDGE ( 'NONE', *, *, #733, .T. ) ;
#1073 = ORIENTED_EDGE ( 'NONE', *, *, #1702, .F. ) ;
#1074 = EDGE_CURVE ( 'NONE', #157, #2017, #1351, .T. ) ;
#1075 = EDGE_CURVE ( 'NONE', #1337, #3437, #578, .T. ) ;
#1076 = PRESENTATION_LAYER_ASSIGNMENT (  '', '', ( #491 ) ) ;
#1077 = CARTESIAN_POINT ( 'NONE',  ( 0.1799335956404846400, 0.02426590062619857900, 0.01387057857742473400 ) ) ;
#1078 = VERTEX_POINT ( 'NONE', #1821 ) ;
#1079 = VERTEX_POINT ( 'NONE', #2582 ) ;
#1080 = CARTESIAN_POINT ( 'NONE',  ( -0.1428160201134654700, 0.01308767962053052400, -0.04841370332545371500 ) ) ;
#1081 = DIMENSIONAL_EXPONENTS ( 1.000000000000000000, 0.0000000000000000000, 0.0000000000000000000, 0.0000000000000000000, 0.0000000000000000000, 0.0000000000000000000, 0.0000000000000000000 ) ;
#1082 = CARTESIAN_POINT ( 'NONE',  ( -0.1551355555319929600, 0.01522363548712235900, 0.06172633217640468400 ) ) ;
#1083 = FILL_AREA_STYLE ('',( #3586 ) ) ;
#1084 = ORIENTED_EDGE ( 'NONE', *, *, #2419, .T. ) ;
#1085 = CARTESIAN_POINT ( 'NONE',  ( 0.1696087432648102100, 0.02026676815196400800, 0.02533794633706633700 ) ) ;
#1086 = AXIS2_PLACEMENT_3D ( 'NONE', #1496, #3478, #1782 ) ;
#1087 = CARTESIAN_POINT ( 'NONE',  ( 0.1546761943016616600, 0.02940133647786168800, 0.04067201956002123400 ) ) ;
#1088 = AXIS2_PLACEMENT_3D ( 'NONE', #2456, #761, #2766 ) ;
#1089 = DIRECTION ( 'NONE',  ( 0.9659258262890679800, 0.2588190451025215700, 0.0000000000000000000 ) ) ;
#1090 = UNCERTAINTY_MEASURE_WITH_UNIT (LENGTH_MEASURE( 1.000000000000000100E-005 ), #1941, 'distance_accuracy_value', 'NONE');
#1091 = CARTESIAN_POINT ( 'NONE',  ( -0.1549940764063776300, 0.01635077996959710700, -0.06702678571309976500 ) ) ;
#1092 = CARTESIAN_POINT ( 'NONE',  ( 0.07000000000000000700, 0.005999999999999997500, -0.01600000000000004900 ) ) ;
#1093 = CARTESIAN_POINT ( 'NONE',  ( -0.1466892150844986700, 0.01950152830383892300, 0.05332798043997891100 ) ) ;
#1094 = CARTESIAN_POINT ( 'NONE',  ( -0.1799335956404845300, 0.02426590062619856900, 0.08012942142257531400 ) ) ;
#1095 = CARTESIAN_POINT ( 'NONE',  ( 0.1727590661736555200, 0.02111089463128637900, 0.02663258524927423000 ) ) ;
#1096 = FILL_AREA_STYLE_COLOUR ( '', #1783 ) ;
#1097 = EDGE_CURVE ( 'NONE', #1709, #3411, #2783, .T. ) ;
#1098 = STYLED_ITEM ( 'NONE', ( #3553 ), #537 ) ;
#1099 = EDGE_LOOP ( 'NONE', ( #2331, #905, #1772 ) ) ;
#1100 =( NAMED_UNIT ( * ) PLANE_ANGLE_UNIT ( ) SI_UNIT ( $, .RADIAN. ) );
#1101 = CARTESIAN_POINT ( 'NONE',  ( -0.1829140923008790400, 0.02383192568119290100, -0.05791525317880748300 ) ) ;
#1102 = MECHANICAL_DESIGN_GEOMETRIC_PRESENTATION_REPRESENTATION (  '', ( #423 ), #713 ) ;
#1103 = CARTESIAN_POINT ( 'NONE',  ( -0.1841165628816027700, 0.03036578378886399500, -0.04700000000000006900 ) ) ;
#1104 = CARTESIAN_POINT ( 'NONE',  ( 0.07310582854123025300, 0.0000000000000000000, -0.07800000000000000000 ) ) ;
#1105 = LENGTH_MEASURE_WITH_UNIT ( LENGTH_MEASURE( 0.02539999999999999900 ), #1750 );
#1106 = ADVANCED_FACE ( 'NONE', ( #2016 ), #1401, .T. ) ;
#1107 = SURFACE_STYLE_FILL_AREA ( #1059 ) ;
#1108 = DIRECTION ( 'NONE',  ( 1.000000000000000000, 0.0000000000000000000, 0.0000000000000000000 ) ) ;
#1109 =( CONVERSION_BASED_UNIT ( 'INCH', #544 ) LENGTH_UNIT ( ) NAMED_UNIT ( #2342 ) );
#1110 = CARTESIAN_POINT ( 'NONE',  ( -0.1597662252102079700, 0.02096332007689595200, -0.06172633217640469800 ) ) ;
#1111 = MECHANICAL_DESIGN_GEOMETRIC_PRESENTATION_REPRESENTATION (  '', ( #323 ), #1300 ) ;
#1112 = SURFACE_STYLE_FILL_AREA ( #3685 ) ;
#1113 = DIRECTION ( 'NONE',  ( -0.2588190451025229000, -0.9659258262890677600, -0.0000000000000000000 ) ) ;
#1114 = ORIENTED_EDGE ( 'NONE', *, *, #1490, .F. ) ;
#1115 = CARTESIAN_POINT ( 'NONE',  ( 0.1609575297236173200, 0.03108441523156372700, 0.04067201956002122800 ) ) ;
#1116 = CARTESIAN_POINT ( 'NONE',  ( 0.1430060108530942800, 0.01313858748578345700, 0.05049470343395223000 ) ) ;
#1117 =( CONVERSION_BASED_UNIT ( 'INCH', #2886 ) LENGTH_UNIT ( ) NAMED_UNIT ( #680 ) );
#1118 = CARTESIAN_POINT ( 'NONE',  ( 0.07000000000000000700, 0.005999999999999997500, 0.07800000000000000000 ) ) ;
#1119 = AXIS2_PLACEMENT_3D ( 'NONE', #3269, #1569, #3550 ) ;
#1120 = EDGE_LOOP ( 'NONE', ( #1597, #132, #229, #1527 ) ) ;
#1121 = CARTESIAN_POINT ( 'NONE',  ( 0.1814739588349015300, 0.02344604308199116700, -0.06052827685666652800 ) ) ;
#1122 =( BOUNDED_SURFACE ( )  B_SPLINE_SURFACE ( 3, 3, ( 
 ( #143, #2176, #1573, #1548 ),
 ( #1255, #988, #962, #697 ),
 ( #672, #409, #377, #118 ),
 ( #99, #84, #70, #2122 ) ),
 .UNSPECIFIED., .F., .F., .F. ) 
 B_SPLINE_SURFACE_WITH_KNOTS ( ( 4, 4 ),
 ( 4, 4 ),
 ( 0.0000000000000000000, 1.000000000000000000 ),
 ( 0.0000000000000000000, 1.000000000000000000 ),
 .UNSPECIFIED. ) 
 GEOMETRIC_REPRESENTATION_ITEM ( )  RATIONAL_B_SPLINE_SURFACE ( (
 ( 1.000000000000000000, 0.9420348673768952400, 0.9420348673768952400, 1.000000000000000000),
 ( 0.7757257530573672400, 0.7307607069022391500, 0.7307607069022391500, 0.7757257530573672400),
 ( 0.7757257530573672400, 0.7307607069022391500, 0.7307607069022391500, 0.7757257530573672400),
 ( 1.000000000000000000, 0.9420348673768952400, 0.9420348673768952400, 1.000000000000000000) ) ) 
 REPRESENTATION_ITEM ( '' )  SURFACE ( )  );
#1123 = CARTESIAN_POINT ( 'NONE',  ( 0.1412605344034839300, 0.01888254556567343200, -0.04700000000000006900 ) ) ;
#1124 = CARTESIAN_POINT ( 'NONE',  ( -0.1568390703895839700, 0.01858708264698416200, -0.03227366782359544800 ) ) ;
#1125 = VERTEX_POINT ( 'NONE', #1297 ) ;
#1126 = EDGE_CURVE ( 'NONE', #887, #1442, #2130, .T. ) ;
#1127 = EDGE_CURVE ( 'NONE', #3063, #571, #607, .T. ) ;
#1128 = CARTESIAN_POINT ( 'NONE',  ( -0.1623499323121046500, 0.02453343270163699600, -0.04699999999999888300 ) ) ;
#1129 = CARTESIAN_POINT ( 'NONE',  ( 0.1655972495862410000, 0.01919189166034883000, 0.06918523430891665400 ) ) ;
#1130 = ADVANCED_FACE ( 'NONE', ( #1382 ), #1693, .F. ) ;
#1131 = CARTESIAN_POINT ( 'NONE',  ( 0.1634080012417073700, 0.02193913102355123800, -0.06172633217640468400 ) ) ;
#1132 =( NAMED_UNIT ( * ) SI_UNIT ( $, .STERADIAN. ) SOLID_ANGLE_UNIT ( ) );
#1133 = CARTESIAN_POINT ( 'NONE',  ( 0.1536145131421791400, 0.01598112710704746600, -0.06650658179147844700 ) ) ;
#1134 = SURFACE_SIDE_STYLE ('',( #3242 ) ) ;
#1135 = CARTESIAN_POINT ( 'NONE',  ( 0.07000000000000000700, 0.005999999999999997500, 0.01600000000000003800 ) ) ;
#1136 = ORIENTED_EDGE ( 'NONE', *, *, #1391, .F. ) ;
#1137 = VERTEX_POINT ( 'NONE', #737 ) ;
#1138 = AXIS2_PLACEMENT_3D ( 'NONE', #2343, #644, #2641 ) ;
#1139 = CARTESIAN_POINT ( 'NONE',  ( 0.1856643087384483000, 0.02456884395465036900, 0.04984144634733796200 ) ) ;
#1140 = LENGTH_MEASURE_WITH_UNIT ( LENGTH_MEASURE( 0.02539999999999999900 ), #1169 );
#1141 = SURFACE_STYLE_FILL_AREA ( #1049 ) ;
#1142 = CARTESIAN_POINT ( 'NONE',  ( -0.1453995517789812000, 0.01377993484392569700, 0.03599817203083274800 ) ) ;
#1143 = DIRECTION ( 'NONE',  ( 0.9659258262890676500, -0.2588190451025229600, 1.589339925513299200E-016 ) ) ;
#1144 = CARTESIAN_POINT ( 'NONE',  ( -0.1844353813235806400, 0.02423955384628012300, -0.03954323084818741500 ) ) ;
#1145 = UNCERTAINTY_MEASURE_WITH_UNIT (LENGTH_MEASURE( 1.000000000000000100E-005 ), #2396, 'distance_accuracy_value', 'NONE');
#1146 = ORIENTED_EDGE ( 'NONE', *, *, #1050, .T. ) ;
#1147 = ADVANCED_FACE ( 'NONE', ( #2432 ), #39, .F. ) ;
#1148 = CARTESIAN_POINT ( 'NONE',  ( 0.1492725953844383800, 0.01830367271251573000, -0.07618935886237222800 ) ) ;
#1149 = EDGE_CURVE ( 'NONE', #1125, #3428, #1517, .T. ) ;
#1150 = MECHANICAL_DESIGN_GEOMETRIC_PRESENTATION_REPRESENTATION (  '', ( #364 ), #1336 ) ;
#1151 =( NAMED_UNIT ( * ) PLANE_ANGLE_UNIT ( ) SI_UNIT ( $, .RADIAN. ) );
#1152 = UNCERTAINTY_MEASURE_WITH_UNIT (LENGTH_MEASURE( 1.000000000000000100E-005 ), #18, 'distance_accuracy_value', 'NONE');
#1153 = SURFACE_STYLE_FILL_AREA ( #3179 ) ;
#1154 = CARTESIAN_POINT ( 'NONE',  ( -0.1714441488184053600, 0.02075856358783343900, 0.02609371728141045600 ) ) ;
#1155 = CARTESIAN_POINT ( 'NONE',  ( -0.1846328852612065500, 0.02429247486686894300, -0.04014903521097132300 ) ) ;
#1156 = SURFACE_STYLE_FILL_AREA ( #2058 ) ;
#1157 = CARTESIAN_POINT ( 'NONE',  ( -0.1766647861258488500, 0.02215742913833870100, 0.06519224204185722300 ) ) ;
#1158 = UNCERTAINTY_MEASURE_WITH_UNIT (LENGTH_MEASURE( 1.000000000000000100E-005 ), #3406, 'distance_accuracy_value', 'NONE');
#1159 = ORIENTED_EDGE ( 'NONE', *, *, #288, .T. ) ;
#1160 = CARTESIAN_POINT ( 'NONE',  ( -0.1791056961341458100, 0.02818749822255071600, 0.04067201956002122800 ) ) ;
#1161 = ORIENTED_EDGE ( 'NONE', *, *, #1939, .T. ) ;
#1162 = ADVANCED_FACE ( 'NONE', ( #2263 ), #2581, .F. ) ;
#1163 = PRESENTATION_STYLE_ASSIGNMENT (( #2684 ) ) ;
#1164 = AXIS2_PLACEMENT_3D ( 'NONE', #3657, #1961, #232 ) ;
#1165 = EDGE_LOOP ( 'NONE', ( #798, #2485, #2621, #925, #2004 ) ) ;
#1166 = ORIENTED_EDGE ( 'NONE', *, *, #267, .F. ) ;
#1167 = CARTESIAN_POINT ( 'NONE',  ( -0.07000000000000000700, 0.005999999999999969800, -0.07800000000000000000 ) ) ;
#1168 = FILL_AREA_STYLE ('',( #867 ) ) ;
#1169 =( LENGTH_UNIT ( ) NAMED_UNIT ( * ) SI_UNIT ( $, .METRE. ) );
#1170 = DIRECTION ( 'NONE',  ( 0.2588190451025217400, -0.9659258262890679800, -0.0000000000000000000 ) ) ;
#1171 = ORIENTED_EDGE ( 'NONE', *, *, #731, .T. ) ;
#1172 = EDGE_CURVE ( 'NONE', #42, #345, #1912, .T. ) ;
#1173 = CARTESIAN_POINT ( 'NONE',  ( -0.1480472776505978300, 0.01448939085300438400, 0.06160939641472133700 ) ) ;
#1174 = ORIENTED_EDGE ( 'NONE', *, *, #1126, .T. ) ;
#1175 = VERTEX_POINT ( 'NONE', #1466 ) ;
#1176 = ORIENTED_EDGE ( 'NONE', *, *, #1939, .F. ) ;
#1177 = EDGE_CURVE ( 'NONE', #3296, #395, #1922, .T. ) ;
#1178 = FILL_AREA_STYLE ('',( #3191 ) ) ;
#1179 = CARTESIAN_POINT ( 'NONE',  ( -0.1589264580680837300, 0.01740445846018221300, -0.02549570706449345900 ) ) ;
#1180 =( LENGTH_UNIT ( ) NAMED_UNIT ( * ) SI_UNIT ( $, .METRE. ) );
#1181 = CARTESIAN_POINT ( 'NONE',  ( -0.1443966255079769900, 0.03017391338828151800, -0.05525674887808443300 ) ) ;
#1182 = FILL_AREA_STYLE ('',( #3183 ) ) ;
#1183 = CARTESIAN_POINT ( 'NONE',  ( -0.1850077238629864700, 0.02439291256750788700, -0.04148362877706601000 ) ) ;
#1184 = FACE_BOUND ( 'NONE', #1390, .T. ) ;
#1185 = ADVANCED_FACE ( 'NONE', ( #1829, #1058 ), #1194, .F. ) ;
#1186 = AXIS2_PLACEMENT_3D ( 'NONE', #2429, #726, #2731 ) ;
#1187 = UNCERTAINTY_MEASURE_WITH_UNIT (LENGTH_MEASURE( 1.000000000000000100E-005 ), #2138, 'distance_accuracy_value', 'NONE');
#1188 = LENGTH_MEASURE_WITH_UNIT ( LENGTH_MEASURE( 0.02539999999999999900 ), #1781 );
#1189 = PRESENTATION_LAYER_ASSIGNMENT (  '', '', ( #598 ) ) ;
#1190 = PRESENTATION_STYLE_ASSIGNMENT (( #1065 ) ) ;
#1191 = AXIS2_PLACEMENT_3D ( 'NONE', #2554, #838, #2850 ) ;
#1192 = CARTESIAN_POINT ( 'NONE',  ( -0.1817427903790546600, 0.03023983873174637300, 0.007283144819923553600 ) ) ;
#1193 = LENGTH_MEASURE_WITH_UNIT ( LENGTH_MEASURE( 0.02539999999999999900 ), #1515 );
#1194 = PLANE ( 'NONE',  #3579 ) ;
#1195 = CARTESIAN_POINT ( 'NONE',  ( 0.1412605344034839300, 0.01888254556567343200, 0.04700000000000006300 ) ) ;
#1196 = ORIENTED_EDGE ( 'NONE', *, *, #2798, .T. ) ;
#1197 = CARTESIAN_POINT ( 'NONE',  ( 0.1443966255079769400, 0.03017391338828151800, -0.03874325112191566400 ) ) ;
#1198 = CARTESIAN_POINT ( 'NONE',  ( 0.1633699731734308800, 0.02208105370647273100, 0.03240532056881398300 ) ) ;
#1199 = DIRECTION ( 'NONE',  ( 1.000000000000000000, 0.0000000000000000000, 0.0000000000000000000 ) ) ;
#1200 = EDGE_CURVE ( 'NONE', #345, #660, #3139, .T. ) ;
#1201 = CARTESIAN_POINT ( 'NONE',  ( -0.07000000000000000700, -2.667820306312757000E-018, 0.07800000000000000000 ) ) ;
#1202 = DIRECTION ( 'NONE',  ( -0.9659258262890679800, -0.2588190451025217400, -1.589339925513298200E-016 ) ) ;
#1203 = CARTESIAN_POINT ( 'NONE',  ( 0.07155291427061515100, 0.0002044450422655908300, -0.01600000000000003800 ) ) ;
#1204 = ORIENTED_EDGE ( 'NONE', *, *, #2006, .F. ) ;
#1205 = CARTESIAN_POINT ( 'NONE',  ( -0.1807221445045955100, 0.03089890283323589900, -0.04700000000000006900 ) ) ;
#1206 =( BOUNDED_CURVE ( )  B_SPLINE_CURVE ( 3, ( #145, #448, #739, #2744 ),
 .UNSPECIFIED., .F., .F. ) 
 B_SPLINE_CURVE_WITH_KNOTS ( ( 4, 4 ),
 ( 0.0000000000000000000, 1.000000000000000000 ),
 .UNSPECIFIED. ) 
 CURVE ( )  GEOMETRIC_REPRESENTATION_ITEM ( )  RATIONAL_B_SPLINE_CURVE ( ( 1.000000000000000000, 0.3333333333333332000, 0.3333333333333332000, 1.000000000000000000 ) ) 
 REPRESENTATION_ITEM ( '' )  );
#1207 = CARTESIAN_POINT ( 'NONE',  ( -0.1761064747648767300, 0.02359349653232859600, -0.06621491822377283100 ) ) ;
#1208 = PRESENTATION_STYLE_ASSIGNMENT (( #991 ) ) ;
#1209 = ORIENTED_EDGE ( 'NONE', *, *, #2217, .F. ) ;
#1210 = AXIS2_PLACEMENT_3D ( 'NONE', #1398, #3383, #1682 ) ;
#1211 =( GEOMETRIC_REPRESENTATION_CONTEXT ( 3 ) GLOBAL_UNCERTAINTY_ASSIGNED_CONTEXT ( ( #2876 ) ) GLOBAL_UNIT_ASSIGNED_CONTEXT ( ( #3225, #1526, #3509 ) ) REPRESENTATION_CONTEXT ( 'NONE', 'WORKASPACE' ) );
#1212 = CARTESIAN_POINT ( 'NONE',  ( -0.1774673509624233900, 0.02585843470042971700, -0.01781064113762785600 ) ) ;
#1213 = ORIENTED_EDGE ( 'NONE', *, *, #1848, .T. ) ;
#1214 = ORIENTED_EDGE ( 'NONE', *, *, #3081, .T. ) ;
#1215 = ORIENTED_EDGE ( 'NONE', *, *, #15, .T. ) ;
#1216 = CARTESIAN_POINT ( 'NONE',  ( -0.1828598572846588900, 0.03393786491689938100, -0.05525674887808446800 ) ) ;
#1217 = EDGE_CURVE ( 'NONE', #3518, #3373, #172, .T. ) ;
#1218 =( NAMED_UNIT ( * ) SI_UNIT ( $, .STERADIAN. ) SOLID_ANGLE_UNIT ( ) );
#1219 = CARTESIAN_POINT ( 'NONE',  ( 0.1439336274264407000, 0.02104144939140573400, 0.008913724556376841800 ) ) ;
#1220 = CARTESIAN_POINT ( 'NONE',  ( -0.1412605344030656000, 0.01888254556723474200, 0.09136782547080575500 ) ) ;
#1221 = SURFACE_SIDE_STYLE ('',( #2797 ) ) ;
#1222 = CARTESIAN_POINT ( 'NONE',  ( -0.1412605344030656000, 0.01888254556723474200, -0.002632174529194380700 ) ) ;
#1223 = CARTESIAN_POINT ( 'NONE',  ( 0.1856694771522178800, 0.02457022883112957800, 0.04700000000000006900 ) ) ;
#1224 = ORIENTED_EDGE ( 'NONE', *, *, #490, .T. ) ;
#1225 = CARTESIAN_POINT ( 'NONE',  ( -0.1828337769366178100, 0.02381040524838278600, 0.04700000000000006300 ) ) ;
#1226 = COLOUR_RGB ( '',1.000000000000000000, 0.8039215686274510100, 0.4941176470588235500 ) ;
#1227 = FILL_AREA_STYLE ('',( #2074 ) ) ;
#1228 =( NAMED_UNIT ( * ) PLANE_ANGLE_UNIT ( ) SI_UNIT ( $, .RADIAN. ) );
#1229 = DIMENSIONAL_EXPONENTS ( 1.000000000000000000, 0.0000000000000000000, 0.0000000000000000000, 0.0000000000000000000, 0.0000000000000000000, 0.0000000000000000000, 0.0000000000000000000 ) ;
#1230 = STYLED_ITEM ( 'NONE', ( #683 ), #1394 ) ;
#1231 = VERTEX_POINT ( 'NONE', #630 ) ;
#1232 = FILL_AREA_STYLE ('',( #3249 ) ) ;
#1233 = FILL_AREA_STYLE_COLOUR ( '', #971 ) ;
#1234 = DIRECTION ( 'NONE',  ( 0.2588190451025229000, 0.9659258262890677600, 0.0000000000000000000 ) ) ;
#1235 = SURFACE_SIDE_STYLE ('',( #2205 ) ) ;
#1236 =( LENGTH_UNIT ( ) NAMED_UNIT ( * ) SI_UNIT ( $, .METRE. ) );
#1237 = STYLED_ITEM ( 'NONE', ( #517 ), #2565 ) ;
#1238 = DIMENSIONAL_EXPONENTS ( 1.000000000000000000, 0.0000000000000000000, 0.0000000000000000000, 0.0000000000000000000, 0.0000000000000000000, 0.0000000000000000000, 0.0000000000000000000 ) ;
#1239 = CARTESIAN_POINT ( 'NONE',  ( -0.1479330318784048400, 0.01569137540880860900, 0.04700000000000006300 ) ) ;
#1240 =( CONVERSION_BASED_UNIT ( 'INCH', #37 ) LENGTH_UNIT ( ) NAMED_UNIT ( #1641 ) );
#1241 = SURFACE_STYLE_USAGE ( .BOTH. , #2952 ) ;
#1242 = AXIS2_PLACEMENT_3D ( 'NONE', #2381, #2142, #2114 ) ;
#1243 = DIRECTION ( 'NONE',  ( -1.000000000000000000, 0.0000000000000000000, 0.0000000000000000000 ) ) ;
#1244 = DIRECTION ( 'NONE',  ( -1.000000000000000000, 0.0000000000000000000, -0.0000000000000000000 ) ) ;
#1245 = DIRECTION ( 'NONE',  ( -0.9659258262890677600, 0.2588190451025228500, 0.0000000000000000000 ) ) ;
#1246 =( NAMED_UNIT ( * ) SI_UNIT ( $, .STERADIAN. ) SOLID_ANGLE_UNIT ( ) );
#1247 = CARTESIAN_POINT ( 'NONE',  ( -0.07155291427061515100, 0.0002044450422655923500, 0.01600000000000003800 ) ) ;
#1248 = VERTEX_POINT ( 'NONE', #2627 ) ;
#1249 = CARTESIAN_POINT ( 'NONE',  ( -0.1479330318784047900, 0.01569137540880861200, 0.01387057857742482100 ) ) ;
#1250 = ORIENTED_EDGE ( 'NONE', *, *, #3273, .F. ) ;
#1251 = ORIENTED_EDGE ( 'NONE', *, *, #509, .F. ) ;
#1252 = CARTESIAN_POINT ( 'NONE',  ( 0.1828337769366178100, 0.02381040524838278600, -0.08549635969481679500 ) ) ;
#1253 = CARTESIAN_POINT ( 'NONE',  ( 0.1509842432936335800, 0.03552168107242913800, 0.03874325112191568500 ) ) ;
#1254 = MECHANICAL_DESIGN_GEOMETRIC_PRESENTATION_REPRESENTATION (  '', ( #671 ), #1452 ) ;
#1255 = CARTESIAN_POINT ( 'NONE',  ( -0.1791056961341458100, 0.02818749822255072600, -0.05332798043997891800 ) ) ;
#1256 = ORIENTED_EDGE ( 'NONE', *, *, #873, .F. ) ;
#1257 = VERTEX_POINT ( 'NONE', #331 ) ;
#1258 = DIRECTION ( 'NONE',  ( 0.9659258262890680900, -0.2588190451025213500, 0.0000000000000000000 ) ) ;
#1259 = DIRECTION ( 'NONE',  ( -0.0000000000000000000, -0.0000000000000000000, -1.000000000000000000 ) ) ;
#1260 = ORIENTED_EDGE ( 'NONE', *, *, #918, .F. ) ;
#1261 = AXIS2_PLACEMENT_3D ( 'NONE', #1907, #171, #2194 ) ;
#1262 = DIRECTION ( 'NONE',  ( 0.0000000000000000000, 0.0000000000000000000, -1.000000000000000000 ) ) ;
#1263 = SURFACE_STYLE_FILL_AREA ( #2597 ) ;
#1264 = UNCERTAINTY_MEASURE_WITH_UNIT (LENGTH_MEASURE( 1.000000000000000100E-005 ), #21, 'distance_accuracy_value', 'NONE');
#1265 = EDGE_LOOP ( 'NONE', ( #1892, #813, #2967 ) ) ;
#1266 = CARTESIAN_POINT ( 'NONE',  ( -0.1774673509624233600, 0.02585843470042971700, -0.04700000000000006900 ) ) ;
#1267 = CARTESIAN_POINT ( 'NONE',  ( 0.1673760162107691400, 0.03991384338808996000, -0.03874325112191566400 ) ) ;
#1268 = PLANE ( 'NONE',  #1119 ) ;
#1269 = CARTESIAN_POINT ( 'NONE',  ( 0.1807221445045954500, 0.03089890283323590600, 0.04700000000000006900 ) ) ;
#1270 = EDGE_CURVE ( 'NONE', #2931, #157, #948, .T. ) ;
#1271 = ORIENTED_EDGE ( 'NONE', *, *, #312, .T. ) ;
#1272 = EDGE_CURVE ( 'NONE', #1839, #1137, #2372, .T. ) ;
#1273 = MECHANICAL_DESIGN_GEOMETRIC_PRESENTATION_REPRESENTATION (  '', ( #491 ), #1463 ) ;
#1274 = CARTESIAN_POINT ( 'NONE',  ( -0.1639028465827197800, 0.01873787774390259600, 0.07800000000000000000 ) ) ;
#1275 = CARTESIAN_POINT ( 'NONE',  ( -0.07000000000000000700, 0.005999999999999969800, -0.01600000000000003800 ) ) ;
#1276 = DIRECTION ( 'NONE',  ( -0.9659258262890679800, -0.2588190451025216800, 0.0000000000000000000 ) ) ;
#1277 = CARTESIAN_POINT ( 'NONE',  ( 0.1439336274264407200, 0.02104144939140571000, -0.008913724556376904200 ) ) ;
#1278 = STYLED_ITEM ( 'NONE', ( #3464 ), #3103 ) ;
#1279 = CARTESIAN_POINT ( 'NONE',  ( 0.1439336274264406700, 0.02104144939140572800, 0.04700000000000006900 ) ) ;
#1280 = ORIENTED_EDGE ( 'NONE', *, *, #873, .T. ) ;
#1281 = STYLED_ITEM ( 'NONE', ( #365 ), #1673 ) ;
#1282 = DIRECTION ( 'NONE',  ( 0.2588190451025215200, 0.9659258262890680900, -0.0000000000000000000 ) ) ;
#1283 = CARTESIAN_POINT ( 'NONE',  ( -0.07000000000000000700, 0.005999999999999969800, 0.01533419328487060400 ) ) ;
#1284 = CIRCLE ( 'NONE', #1086, 0.01459467943118608100 ) ;
#1285 = CARTESIAN_POINT ( 'NONE',  ( -0.1856694771522178500, 0.02457022883112957400, -0.09136782547080570000 ) ) ;
#1286 = LINE ( 'NONE', #1716, #2040 ) ;
#1287 = PRESENTATION_STYLE_ASSIGNMENT (( #1311 ) ) ;
#1288 = LENGTH_MEASURE_WITH_UNIT ( LENGTH_MEASURE( 0.02539999999999999900 ), #2445 );
#1289 = COLOUR_RGB ( '',1.000000000000000000, 0.8039215686274510100, 0.4941176470588235500 ) ;
#1290 = CARTESIAN_POINT ( 'NONE',  ( 0.07155291427061515100, 0.0002044450422655929700, -0.01533419328487058000 ) ) ;
#1291 = LENGTH_MEASURE_WITH_UNIT ( LENGTH_MEASURE( 0.02539999999999999900 ), #2238 );
#1292 = ORIENTED_EDGE ( 'NONE', *, *, #314, .T. ) ;
#1293 = CARTESIAN_POINT ( 'NONE',  ( -0.1633699731734308800, 0.02208105370647272400, 0.06159467943118615600 ) ) ;
#1294 = LINE ( 'NONE', #1812, #3471 ) ;
#1295 = AXIS2_PLACEMENT_3D ( 'NONE', #2704, #2693, #2674 ) ;
#1296 = ORIENTED_EDGE ( 'NONE', *, *, #787, .T. ) ;
#1297 = CARTESIAN_POINT ( 'NONE',  ( 0.07310582854123025300, -0.005591109915468819200, 0.07800000000000000000 ) ) ;
#1298 = DIRECTION ( 'NONE',  ( -0.0000000000000000000, -0.0000000000000000000, -1.000000000000000000 ) ) ;
#1299 = DIRECTION ( 'NONE',  ( 0.9659258262890678700, 0.2588190451025221800, 0.0000000000000000000 ) ) ;
#1301 = ORIENTED_EDGE ( 'NONE', *, *, #2916, .T. ) ;
#1300 =( GEOMETRIC_REPRESENTATION_CONTEXT ( 3 ) GLOBAL_UNCERTAINTY_ASSIGNED_CONTEXT ( ( #2980 ) ) GLOBAL_UNIT_ASSIGNED_CONTEXT ( ( #1979, #247, #2255 ) ) REPRESENTATION_CONTEXT ( 'NONE', 'WORKASPACE' ) );
#1302 = CARTESIAN_POINT ( 'NONE',  ( 0.07000000000000000700, 0.005999999999999997500, 0.01600000000000004900 ) ) ;
#1303 = ORIENTED_EDGE ( 'NONE', *, *, #1872, .F. ) ;
#1304 = ORIENTED_EDGE ( 'NONE', *, *, #3366, .T. ) ;
#1305 =( NAMED_UNIT ( * ) PLANE_ANGLE_UNIT ( ) SI_UNIT ( $, .RADIAN. ) );
#1306 = MECHANICAL_DESIGN_GEOMETRIC_PRESENTATION_REPRESENTATION (  '', ( #324 ), #1499 ) ;
#1307 = DIMENSIONAL_EXPONENTS ( 1.000000000000000000, 0.0000000000000000000, 0.0000000000000000000, 0.0000000000000000000, 0.0000000000000000000, 0.0000000000000000000, 0.0000000000000000000 ) ;
#1308 = CARTESIAN_POINT ( 'NONE',  ( -0.1515836178269699100, 0.01702261681971243100, 0.06621491822377284500 ) ) ;
#1309 = ORIENTED_EDGE ( 'NONE', *, *, #2703, .F. ) ;
#1310 = AXIS2_PLACEMENT_3D ( 'NONE', #3291, #1595, #3569 ) ;
#1311 = SURFACE_STYLE_USAGE ( .BOTH. , #3014 ) ;
#1312 = CARTESIAN_POINT ( 'NONE',  ( 0.1623499323121047300, 0.02453343270163690200, 0.01599999999999944900 ) ) ;
#1313 = CARTESIAN_POINT ( 'NONE',  ( -0.1623278859655180900, 0.02597017611232079300, 0.04700000000000006300 ) ) ;
#1314 = EDGE_CURVE ( 'NONE', #660, #2235, #861, .T. ) ;
#1315 = COLOUR_RGB ( '',1.000000000000000000, 0.8039215686274510100, 0.4941176470588235500 ) ;
#1316 =( BOUNDED_SURFACE ( )  B_SPLINE_SURFACE ( 3, 3, ( 
 ( #1026, #1323, #3317, #1614 ),
 ( #3594, #1899, #162, #2181 ),
 ( #465, #2454, #757, #2763 ),
 ( #1046, #3043, #1338, #3326 ) ),
 .UNSPECIFIED., .F., .F., .F. ) 
 B_SPLINE_SURFACE_WITH_KNOTS ( ( 4, 4 ),
 ( 4, 4 ),
 ( 0.0000000000000000000, 1.000000000000000000 ),
 ( 0.0000000000000000000, 1.000000000000000000 ),
 .UNSPECIFIED. ) 
 GEOMETRIC_REPRESENTATION_ITEM ( )  RATIONAL_B_SPLINE_SURFACE ( (
 ( 1.000000000000000000, 0.9420348673768949000, 0.9420348673768949000, 1.000000000000000000),
 ( 0.7757257530573668000, 0.7307607069022384900, 0.7307607069022384900, 0.7757257530573668000),
 ( 0.7757257530573668000, 0.7307607069022384900, 0.7307607069022384900, 0.7757257530573668000),
 ( 1.000000000000000000, 0.9420348673768949000, 0.9420348673768949000, 1.000000000000000000) ) ) 
 REPRESENTATION_ITEM ( '' )  SURFACE ( )  );
#1317 = DIRECTION ( 'NONE',  ( -0.9659258262890680900, 0.2588190451025215200, 0.0000000000000000000 ) ) ;
#1318 = CIRCLE ( 'NONE', #98, 0.03100000000000002100 ) ;
#1319 = SURFACE_STYLE_FILL_AREA ( #249 ) ;
#1320 = SURFACE_SIDE_STYLE ('',( #238 ) ) ;
#1321 = DIMENSIONAL_EXPONENTS ( 1.000000000000000000, 0.0000000000000000000, 0.0000000000000000000, 0.0000000000000000000, 0.0000000000000000000, 0.0000000000000000000, 0.0000000000000000000 ) ;
#1322 = ORIENTED_EDGE ( 'NONE', *, *, #1177, .F. ) ;
#1323 = CARTESIAN_POINT ( 'NONE',  ( -0.1671292943549056700, 0.02705823351884064900, 0.06621491822377283100 ) ) ;
#1324 = CARTESIAN_POINT ( 'NONE',  ( 0.1856694771526362100, 0.02457022882956828900, -0.04700000000000005600 ) ) ;
#1325 = CYLINDRICAL_SURFACE ( 'NONE', #3605, 0.01200000000000000200 ) ;
#1326 = FACE_OUTER_BOUND ( 'NONE', #1749, .T. ) ;
#1327 = PRESENTATION_STYLE_ASSIGNMENT (( #1906 ) ) ;
#1328 = CARTESIAN_POINT ( 'NONE',  ( 0.1439336274264406700, 0.02104144939140570300, -0.04700000000000006300 ) ) ;
#1329 = CARTESIAN_POINT ( 'NONE',  ( -0.07310582854123028100, -0.005591109915468814800, 0.07800000000000000000 ) ) ;
#1330 = SURFACE_STYLE_FILL_AREA ( #3355 ) ;
#1331 = PRESENTATION_STYLE_ASSIGNMENT (( #2350 ) ) ;
#1332 = CARTESIAN_POINT ( 'NONE',  ( -0.1433792542216359700, 0.01996036019956383800, -0.08671685518007665700 ) ) ;
#1333 = DIRECTION ( 'NONE',  ( -0.2588190451025217400, 0.9659258262890680900, 0.0000000000000000000 ) ) ;
#1334 = FILL_AREA_STYLE ('',( #184 ) ) ;
#1335 = EDGE_CURVE ( 'NONE', #1683, #103, #2286, .T. ) ;
#1336 =( GEOMETRIC_REPRESENTATION_CONTEXT ( 3 ) GLOBAL_UNCERTAINTY_ASSIGNED_CONTEXT ( ( #321 ) ) GLOBAL_UNIT_ASSIGNED_CONTEXT ( ( #1109, #825, #811 ) ) REPRESENTATION_CONTEXT ( 'NONE', 'WORKASPACE' ) );
#1337 = VERTEX_POINT ( 'NONE', #2920 ) ;
#1338 = CARTESIAN_POINT ( 'NONE',  ( -0.1719872071743819300, 0.02628278491666789400, 0.02778508177622729000 ) ) ;
#1339 =( CONVERSION_BASED_UNIT ( 'INCH', #682 ) LENGTH_UNIT ( ) NAMED_UNIT ( #2489 ) );
#1340 = CARTESIAN_POINT ( 'NONE',  ( 0.1623775049890052400, 0.02578499539564484100, -0.02778508177622729400 ) ) ;
#1341 = SURFACE_STYLE_USAGE ( .BOTH. , #3045 ) ;
#1343 = EDGE_LOOP ( 'NONE', ( #1159, #179, #2466, #1051 ) ) ;
#1342 = DIMENSIONAL_EXPONENTS ( 1.000000000000000000, 0.0000000000000000000, 0.0000000000000000000, 0.0000000000000000000, 0.0000000000000000000, 0.0000000000000000000, 0.0000000000000000000 ) ;
#1344 = EDGE_LOOP ( 'NONE', ( #1166, #2866 ) ) ;
#1345 = LENGTH_MEASURE_WITH_UNIT ( LENGTH_MEASURE( 0.02539999999999999900 ), #2424 );
#1346 = CARTESIAN_POINT ( 'NONE',  ( 0.1412605344030655500, 0.01888254556723473200, -0.09136782547080582500 ) ) ;
#1347 = CARTESIAN_POINT ( 'NONE',  ( 0.1501298696105235200, 0.01504741968682999500, -0.03023454573565364700 ) ) ;
#1348 = CARTESIAN_POINT ( 'NONE',  ( 0.1828598572846588900, 0.03393786491689938100, 0.05525674887808446800 ) ) ;
#1349 = ORIENTED_EDGE ( 'NONE', *, *, #2149, .T. ) ;
#1350 =( NAMED_UNIT ( * ) SI_UNIT ( $, .STERADIAN. ) SOLID_ANGLE_UNIT ( ) );
#1351 = CIRCLE ( 'NONE', #3484, 0.01459467943118608100 ) ;
#1352 = ORIENTED_EDGE ( 'NONE', *, *, #1362, .F. ) ;
#1353 = PRESENTATION_LAYER_ASSIGNMENT (  '', '', ( #768 ) ) ;
#1354 = SURFACE_STYLE_USAGE ( .BOTH. , #3057 ) ;
#1355 = SURFACE_STYLE_USAGE ( .BOTH. , #3058 ) ;
#1356 = CARTESIAN_POINT ( 'NONE',  ( 0.1456491488892808500, 0.01384681419224714800, -0.008503640305183449500 ) ) ;
#1357 = CARTESIAN_POINT ( 'NONE',  ( -0.1424340780307523900, 0.01919699563455609300, 0.04700000000000006300 ) ) ;
#1358 =( CONVERSION_BASED_UNIT ( 'INCH', #3666 ) LENGTH_UNIT ( ) NAMED_UNIT ( #1555 ) );
#1359 = CARTESIAN_POINT ( 'NONE',  ( 0.1773087749150426800, 0.02232998541433788700, -0.02915960744407529400 ) ) ;
#1360 = AXIS2_PLACEMENT_3D ( 'NONE', #3641, #1949, #215 ) ;
#1361 =( NAMED_UNIT ( * ) PLANE_ANGLE_UNIT ( ) SI_UNIT ( $, .RADIAN. ) );
#1362 = EDGE_CURVE ( 'NONE', #168, #599, #774, .T. ) ;
#1363 = COLOUR_RGB ( '',1.000000000000000000, 0.8039215686274510100, 0.4941176470588235500 ) ;
#1364 = CARTESIAN_POINT ( 'NONE',  ( 0.1456491488892807900, 0.01384681419224713400, 0.04700000000000006300 ) ) ;
#1365 = SURFACE_STYLE_FILL_AREA ( #3467 ) ;
#1366 = DIRECTION ( 'NONE',  ( 0.9659258262890679800, -0.2588190451025216300, 0.0000000000000000000 ) ) ;
#1367 = FILL_AREA_STYLE_COLOUR ( '', #1546 ) ;
#1368 = AXIS2_PLACEMENT_3D ( 'NONE', #1283, #1550, #674 ) ;
#1369 = PRESENTATION_STYLE_ASSIGNMENT (( #3211 ) ) ;
#1370 = FILL_AREA_STYLE ('',( #3035 ) ) ;
#1371 = SURFACE_STYLE_USAGE ( .BOTH. , #3077 ) ;
#1372 = ORIENTED_EDGE ( 'NONE', *, *, #110, .F. ) ;
#1373 = CARTESIAN_POINT ( 'NONE',  ( 0.1734888494216113900, 0.02130643946322594000, 0.02697321428689962100 ) ) ;
#1374 =( BOUNDED_CURVE ( )  B_SPLINE_CURVE ( 3, ( #413, #2405, #2705, #993 ),
 .UNSPECIFIED., .F., .F. ) 
 B_SPLINE_CURVE_WITH_KNOTS ( ( 4, 4 ),
 ( 0.0000000000000000000, 1.000000000000000000 ),
 .UNSPECIFIED. ) 
 CURVE ( )  GEOMETRIC_REPRESENTATION_ITEM ( )  RATIONAL_B_SPLINE_CURVE ( ( 1.000000000000000000, 0.3333333333333335400, 0.3333333333333335400, 1.000000000000000000 ) ) 
 REPRESENTATION_ITEM ( '' )  );
#1375 = COLOUR_RGB ( '',1.000000000000000000, 0.8039215686274510100, 0.4941176470588235500 ) ;
#1376 = CARTESIAN_POINT ( 'NONE',  ( 0.1466892150844986700, 0.01950152830383892000, 0.04067201956002123400 ) ) ;
#1377 = SURFACE_STYLE_FILL_AREA ( #337 ) ;
#1378 = MECHANICAL_DESIGN_GEOMETRIC_PRESENTATION_REPRESENTATION (  '', ( #598 ), #1572 ) ;
#1379 = COLOUR_RGB ( '',1.000000000000000000, 0.8039215686274510100, 0.4941176470588235500 ) ;
#1380 = CARTESIAN_POINT ( 'NONE',  ( -0.1639028465827197800, 0.01873787774390259900, -0.01600000000000002800 ) ) ;
#1381 = CARTESIAN_POINT ( 'NONE',  ( -0.1412605344034839300, 0.01888254556567343200, -0.04700000000000006900 ) ) ;
#1382 = FACE_OUTER_BOUND ( 'NONE', #3078, .T. ) ;
#1383 = LINE ( 'NONE', #3427, #2899 ) ;
#1384 = CARTESIAN_POINT ( 'NONE',  ( -0.1588741825631787300, 0.01739045128085901800, -0.06866205366293387500 ) ) ;
#1385 = DIRECTION ( 'NONE',  ( 1.000000000000000000, 2.667820306312756400E-015, 0.0000000000000000000 ) ) ;
#1386 = CARTESIAN_POINT ( 'NONE',  ( -0.1546761943016616600, 0.02940133647786168400, 0.05332798043997890500 ) ) ;
#1387 = CARTESIAN_POINT ( 'NONE',  ( -0.1456491488892808200, 0.01384681419224713700, 0.04700000000000006300 ) ) ;
#1388 = CARTESIAN_POINT ( 'NONE',  ( 0.1747847878598869600, 0.02165368512120232100, 0.02766867157013172900 ) ) ;
#1389 = CARTESIAN_POINT ( 'NONE',  ( 0.1623278859655180900, 0.02597017611232079300, -0.04700000000000006300 ) ) ;
#1390 = EDGE_LOOP ( 'NONE', ( #2632, #891 ) ) ;
#1391 = EDGE_CURVE ( 'NONE', #1978, #1079, #701, .T. ) ;
#1392 = EDGE_CURVE ( 'NONE', #42, #248, #3706, .T. ) ;
#1393 = PRESENTATION_LAYER_ASSIGNMENT (  '', '', ( #805 ) ) ;
#1394 = ADVANCED_FACE ( 'NONE', ( #1453 ), #626, .F. ) ;
#1395 = CARTESIAN_POINT ( 'NONE',  ( -0.1839155224249373100, 0.02410025807421051200, -0.05581638281433039900 ) ) ;
#1396 = CARTESIAN_POINT ( 'NONE',  ( -0.1412605344030655500, 0.01888254556723471800, -0.09136782547080590800 ) ) ;
#1397 = ORIENTED_EDGE ( 'NONE', *, *, #894, .F. ) ;
#1398 = CARTESIAN_POINT ( 'NONE',  ( 0.1623278859655180900, 0.02597017611232079300, -0.04700000000000006300 ) ) ;
#1399 = VERTEX_POINT ( 'NONE', #2082 ) ;
#1400 = ORIENTED_EDGE ( 'NONE', *, *, #1444, .T. ) ;
#1401 =( BOUNDED_SURFACE ( )  B_SPLINE_SURFACE ( 3, 3, ( 
 ( #2881, #8, #2034, #309 ),
 ( #2311, #606, #2609, #893 ),
 ( #2907, #1197, #3181, #1483 ),
 ( #3466, #1764, #25, #2048 ) ),
 .UNSPECIFIED., .F., .F., .F. ) 
 B_SPLINE_SURFACE_WITH_KNOTS ( ( 4, 4 ),
 ( 4, 4 ),
 ( 0.0000000000000000000, 1.000000000000000000 ),
 ( 0.0000000000000000000, 1.000000000000000000 ),
 .UNSPECIFIED. ) 
 GEOMETRIC_REPRESENTATION_ITEM ( )  RATIONAL_B_SPLINE_SURFACE ( (
 ( 1.000000000000000000, 0.9420348673768947900, 0.9420348673768947900, 1.000000000000000000),
 ( 0.7757257530573668000, 0.7307607069022383800, 0.7307607069022383800, 0.7757257530573668000),
 ( 0.7757257530573668000, 0.7307607069022383800, 0.7307607069022383800, 0.7757257530573668000),
 ( 1.000000000000000000, 0.9420348673768947900, 0.9420348673768947900, 1.000000000000000000) ) ) 
 REPRESENTATION_ITEM ( '' )  SURFACE ( )  );
#1402 = FILL_AREA_STYLE ('',( #1451 ) ) ;
#1403 =( LENGTH_UNIT ( ) NAMED_UNIT ( * ) SI_UNIT ( $, .METRE. ) );
#1404 = CARTESIAN_POINT ( 'NONE',  ( -0.1551355555319929600, 0.01522363548712235200, -0.06172633217640468400 ) ) ;
#1405 = FILL_AREA_STYLE_COLOUR ( '', #2950 ) ;
#1406 = PRESENTATION_LAYER_ASSIGNMENT (  '', '', ( #1014 ) ) ;
#1407 = PRESENTATION_STYLE_ASSIGNMENT (( #1968 ) ) ;
#1408 = CARTESIAN_POINT ( 'NONE',  ( 0.1707728864236331100, 0.02232063740079146700, 0.03227366782359544100 ) ) ;
#1409 = AXIS2_PLACEMENT_3D ( 'NONE', #235, #2245, #534 ) ;
#1410 = CARTESIAN_POINT ( 'NONE',  ( 0.1438500405667838800, 0.01336474456595444800, 0.05385096478902865600 ) ) ;
#1411 =( NAMED_UNIT ( * ) SI_UNIT ( $, .STERADIAN. ) SOLID_ANGLE_UNIT ( ) );
#1412 = DIRECTION ( 'NONE',  ( 1.000000000000000000, 1.778546870875171200E-015, 0.0000000000000000000 ) ) ;
#1413 = FILL_AREA_STYLE_COLOUR ( '', #553 ) ;
#1414 = CARTESIAN_POINT ( 'NONE',  ( 0.1766647861258487700, 0.02215742913833870800, -0.06519224204185725100 ) ) ;
#1415 = CIRCLE ( 'NONE', #2659, 0.004236220472440934200 ) ;
#1416 = ADVANCED_FACE ( 'NONE', ( #2605 ), #2244, .T. ) ;
#1417 = EDGE_CURVE ( 'NONE', #2227, #1337, #1588, .T. ) ;
#1418 = CIRCLE ( 'NONE', #3257, 0.01904313772181160200 ) ;
#1419 = LINE ( 'NONE', #2534, #2078 ) ;
#1420 = ORIENTED_EDGE ( 'NONE', *, *, #942, .F. ) ;
#1421 = CARTESIAN_POINT ( 'NONE',  ( 0.1695564677599104600, 0.02025276097264221800, 0.06850429293550629200 ) ) ;
#1422 = CARTESIAN_POINT ( 'NONE',  ( 0.1496274375683257800, 0.02530280207860692600, -0.05332798043997890500 ) ) ;
#1423 = DIRECTION ( 'NONE',  ( -0.9659258262890677600, 0.2588190451025228500, 0.0000000000000000000 ) ) ;
#1424 = CARTESIAN_POINT ( 'NONE',  ( 0.1480472776505975800, 0.01448939085300430000, -0.06160939641472103900 ) ) ;
#1425 = SURFACE_STYLE_FILL_AREA ( #2671 ) ;
#1426 =( LENGTH_UNIT ( ) NAMED_UNIT ( * ) SI_UNIT ( $, .METRE. ) );
#1427 = CARTESIAN_POINT ( 'NONE',  ( 0.1412605344030655500, 0.01888254556723473900, -0.002632174529194389400 ) ) ;
#1428 = CARTESIAN_POINT ( 'NONE',  ( 0.1401641198655446700, 0.02297442032741993000, -0.04700000000000006300 ) ) ;
#1429 = PRESENTATION_LAYER_ASSIGNMENT (  '', '', ( #1230 ) ) ;
#1430 = SURFACE_SIDE_STYLE ('',( #2604 ) ) ;
#1431 = SURFACE_STYLE_FILL_AREA ( #2120 ) ;
#1432 = ADVANCED_FACE ( 'NONE', ( #814 ), #2979, .F. ) ;
#1433 = UNCERTAINTY_MEASURE_WITH_UNIT (LENGTH_MEASURE( 1.000000000000000100E-005 ), #1240, 'distance_accuracy_value', 'NONE');
#1434 = VERTEX_POINT ( 'NONE', #965 ) ;
#1435 = CARTESIAN_POINT ( 'NONE',  ( -0.1501298696105224900, 0.01504741968682974000, 0.03023454573565371000 ) ) ;
#1436 = CARTESIAN_POINT ( 'NONE',  ( 0.1623278859655181100, 0.02597017611232080000, -0.06604313772181168200 ) ) ;
#1437 = CARTESIAN_POINT ( 'NONE',  ( -0.1856694771526362100, 0.02457022882956828900, -0.04700000000000009700 ) ) ;
#1438 = ORIENTED_EDGE ( 'NONE', *, *, #685, .T. ) ;
#1439 = CARTESIAN_POINT ( 'NONE',  ( -0.1667888944592339800, 0.009321465760776890400, -0.04700000000000006300 ) ) ;
#1440 = UNCERTAINTY_MEASURE_WITH_UNIT (LENGTH_MEASURE( 1.000000000000000100E-005 ), #3, 'distance_accuracy_value', 'NONE');
#1441 = CARTESIAN_POINT ( 'NONE',  ( 0.1774673509624233600, 0.02585843470042971000, -0.04700000000000006300 ) ) ;
#1442 = VERTEX_POINT ( 'NONE', #3480 ) ;
#1443 = ORIENTED_EDGE ( 'NONE', *, *, #1270, .F. ) ;
#1444 = EDGE_CURVE ( 'NONE', #338, #395, #2030, .T. ) ;
#1445 = CYLINDRICAL_SURFACE ( 'NONE', #2803, 0.03100000000000002800 ) ;
#1446 = ORIENTED_EDGE ( 'NONE', *, *, #3392, .F. ) ;
#1447 = CARTESIAN_POINT ( 'NONE',  ( -0.1773087749150430400, 0.02232998541433800200, 0.02915960744407689700 ) ) ;
#1448 = CARTESIAN_POINT ( 'NONE',  ( 0.07000000000000000700, -0.006000000000000000100, 0.07800000000000000000 ) ) ;
#1449 = CARTESIAN_POINT ( 'NONE',  ( -0.1734888494216104100, 0.02130643946322567700, 0.06702678571310154200 ) ) ;
#1450 = ADVANCED_FACE ( 'NONE', ( #596 ), #44, .T. ) ;
#1451 = FILL_AREA_STYLE_COLOUR ( '', #3479 ) ;
#1452 =( GEOMETRIC_REPRESENTATION_CONTEXT ( 3 ) GLOBAL_UNCERTAINTY_ASSIGNED_CONTEXT ( ( #872 ) ) GLOBAL_UNIT_ASSIGNED_CONTEXT ( ( #746, #2755, #1040 ) ) REPRESENTATION_CONTEXT ( 'NONE', 'WORKASPACE' ) );
#1453 = FACE_OUTER_BOUND ( 'NONE', #546, .T. ) ;
#1454 = STYLED_ITEM ( 'NONE', ( #1630 ), #2242 ) ;
#1455 = CARTESIAN_POINT ( 'NONE',  ( -0.1670497772732067700, 0.02291494197020651700, 0.03227366782359544800 ) ) ;
#1456 = DIRECTION ( 'NONE',  ( -1.000000000000000000, -2.667820306312767900E-015, 0.0000000000000000000 ) ) ;
#1457 = SURFACE_STYLE_USAGE ( .BOTH. , #3157 ) ;
#1458 =( NAMED_UNIT ( * ) PLANE_ANGLE_UNIT ( ) SI_UNIT ( $, .RADIAN. ) );
#1459 = CARTESIAN_POINT ( 'NONE',  ( -0.1455688335271136100, 0.01382529375163111000, 0.05791525317880975900 ) ) ;
#1460 = UNCERTAINTY_MEASURE_WITH_UNIT (LENGTH_MEASURE( 1.000000000000000100E-005 ), #102, 'distance_accuracy_value', 'NONE');
#1461 = EDGE_CURVE ( 'NONE', #2015, #2569, #228, .T. ) ;
#1462 = AXIS2_PLACEMENT_3D ( 'NONE', #1135, #251, #239 ) ;
#1463 =( GEOMETRIC_REPRESENTATION_CONTEXT ( 3 ) GLOBAL_UNCERTAINTY_ASSIGNED_CONTEXT ( ( #3378 ) ) GLOBAL_UNIT_ASSIGNED_CONTEXT ( ( #3099, #3559, #3278 ) ) REPRESENTATION_CONTEXT ( 'NONE', 'WORKASPACE' ) );
#1464 = SURFACE_SIDE_STYLE ('',( #512 ) ) ;
#1465 = ADVANCED_FACE ( 'NONE', ( #1768 ), #2844, .T. ) ;
#1466 = CARTESIAN_POINT ( 'NONE',  ( 0.1633699731734308800, 0.02208105370647273100, 0.06159467943118614200 ) ) ;
#1467 = CARTESIAN_POINT ( 'NONE',  ( -0.1570387770095836900, 0.01689865584498960800, -0.02609371728141100100 ) ) ;
#1468 = CIRCLE ( 'NONE', #299, 0.01023622047244094100 ) ;
#1469 = VECTOR ( 'NONE', #3005, 39.37007874015748100 ) ;
#1470 =( NAMED_UNIT ( * ) PLANE_ANGLE_UNIT ( ) SI_UNIT ( $, .RADIAN. ) );
#1471 = CARTESIAN_POINT ( 'NONE',  ( -0.1591801297522013600, 0.03771776223025954200, -0.03874325112191568500 ) ) ;
#1472 = DIRECTION ( 'NONE',  ( 0.2588190451025215200, 0.9659258262890680900, -0.0000000000000000000 ) ) ;
#1473 = PRESENTATION_LAYER_ASSIGNMENT (  '', '', ( #1278 ) ) ;
#1474 = PRESENTATION_STYLE_ASSIGNMENT (( #2946 ) ) ;
#1475 = CARTESIAN_POINT ( 'NONE',  ( -0.1412605344034839300, 0.01888254556567343200, 0.04700000000000006300 ) ) ;
#1476 = SURFACE_STYLE_FILL_AREA ( #3650 ) ;
#1477 = PRESENTATION_LAYER_ASSIGNMENT (  '', '', ( #1281 ) ) ;
#1478 = VECTOR ( 'NONE', #1108, 39.37007874015748100 ) ;
#1479 = CARTESIAN_POINT ( 'NONE',  ( -0.1433792542216360300, 0.01996036019956384100, 0.04700000000000006300 ) ) ;
#1480 = ORIENTED_EDGE ( 'NONE', *, *, #1557, .T. ) ;
#1481 = SURFACE_SIDE_STYLE ('',( #1153 ) ) ;
#1482 = CARTESIAN_POINT ( 'NONE',  ( 0.1439336274264407000, 0.02104144939140572800, 0.04700000000000006300 ) ) ;
#1483 = CARTESIAN_POINT ( 'NONE',  ( 0.1591801297522013600, 0.03771776223025956300, -0.03874325112191566400 ) ) ;
#1484 = CARTESIAN_POINT ( 'NONE',  ( 0.1623278859655181100, 0.02597017611232080000, -0.02795686227818844300 ) ) ;
#1485 = CARTESIAN_POINT ( 'NONE',  ( 0.1807221445045955100, 0.03089890283323589900, 0.04700000000000006900 ) ) ;
#1486 =( BOUNDED_SURFACE ( )  B_SPLINE_SURFACE ( 3, 3, ( 
 ( #1707, #2301, #591, #2598 ),
 ( #881, #2893, #1181, #3170 ),
 ( #1471, #3453, #1754, #9 ),
 ( #2035, #310, #2312, #608 ) ),
 .UNSPECIFIED., .F., .F., .T. ) 
 B_SPLINE_SURFACE_WITH_KNOTS ( ( 4, 4 ),
 ( 4, 4 ),
 ( 0.0000000000000000000, 1.000000000000000000 ),
 ( 0.0000000000000000000, 1.000000000000000000 ),
 .UNSPECIFIED. ) 
 GEOMETRIC_REPRESENTATION_ITEM ( )  RATIONAL_B_SPLINE_SURFACE ( (
 ( 1.000000000000000000, 0.9420348673768949000, 0.9420348673768949000, 1.000000000000000000),
 ( 0.7757257530573673500, 0.7307607069022389300, 0.7307607069022389300, 0.7757257530573673500),
 ( 0.7757257530573673500, 0.7307607069022389300, 0.7307607069022389300, 0.7757257530573673500),
 ( 1.000000000000000000, 0.9420348673768949000, 0.9420348673768949000, 1.000000000000000000) ) ) 
 REPRESENTATION_ITEM ( '' )  SURFACE ( )  );
#1487 = EDGE_CURVE ( 'NONE', #2317, #3388, #3578, .T. ) ;
#1488 = AXIS2_PLACEMENT_3D ( 'NONE', #1028, #1018, #1005 ) ;
#1489 = DIMENSIONAL_EXPONENTS ( 1.000000000000000000, 0.0000000000000000000, 0.0000000000000000000, 0.0000000000000000000, 0.0000000000000000000, 0.0000000000000000000, 0.0000000000000000000 ) ;
#1490 = EDGE_CURVE ( 'NONE', #3688, #2998, #641, .T. ) ;
#1491 = CARTESIAN_POINT ( 'NONE',  ( -0.07000000000000000700, -0.006000000000000000100, 0.07800000000000000000 ) ) ;
#1492 = DIRECTION ( 'NONE',  ( -0.2588190451025215200, 0.9659258262890680900, -0.0000000000000000000 ) ) ;
#1493 = CARTESIAN_POINT ( 'NONE',  ( -0.1433792542216360000, 0.01996036019956385800, -0.007283144819923518900 ) ) ;
#1494 = SURFACE_SIDE_STYLE ('',( #3540 ) ) ;
#1495 = ORIENTED_EDGE ( 'NONE', *, *, #827, .T. ) ;
#1496 = CARTESIAN_POINT ( 'NONE',  ( 0.1633699731734308500, 0.02208105370647272000, -0.04700000000000006300 ) ) ;
#1497 = COLOUR_RGB ( '',1.000000000000000000, 0.8039215686274510100, 0.4941176470588235500 ) ;
#1498 = STYLED_ITEM ( 'NONE', ( #376 ), #1185 ) ;
#1499 =( GEOMETRIC_REPRESENTATION_CONTEXT ( 3 ) GLOBAL_UNCERTAINTY_ASSIGNED_CONTEXT ( ( #64 ) ) GLOBAL_UNIT_ASSIGNED_CONTEXT ( ( #407, #2400, #694 ) ) REPRESENTATION_CONTEXT ( 'NONE', 'WORKASPACE' ) );
#1500 = CARTESIAN_POINT ( 'NONE',  ( 0.1633699731734308500, 0.02208105370647272000, -0.04700000000000006300 ) ) ;
#1501 = CARTESIAN_POINT ( 'NONE',  ( 0.1774673509624233000, 0.02585843470042972400, 0.07618935886237218600 ) ) ;
#1502 = STYLED_ITEM ( 'NONE', ( #190 ), #2500 ) ;
#1503 = CARTESIAN_POINT ( 'NONE',  ( -0.1479330318784047300, 0.01569137540880862300, -0.04700000000000006300 ) ) ;
#1504 = DIMENSIONAL_EXPONENTS ( 1.000000000000000000, 0.0000000000000000000, 0.0000000000000000000, 0.0000000000000000000, 0.0000000000000000000, 0.0000000000000000000, 0.0000000000000000000 ) ;
#1505 = CIRCLE ( 'NONE', #3490, 0.01023622047244094100 ) ;
#1506 = ORIENTED_EDGE ( 'NONE', *, *, #2747, .T. ) ;
#1507 = CARTESIAN_POINT ( 'NONE',  ( -0.1673760162107690900, 0.03991384338808993300, -0.05525674887808446800 ) ) ;
#1508 = CIRCLE ( 'NONE', #793, 0.01904313772181161900 ) ;
#1509 = CARTESIAN_POINT ( 'NONE',  ( -0.07310582854123028100, -0.005591109915468814800, 0.07800000000000000000 ) ) ;
#1510 = EDGE_CURVE ( 'NONE', #2368, #464, #2163, .T. ) ;
#1511 = CARTESIAN_POINT ( 'NONE',  ( 0.1807221445045955100, 0.03089890283323590300, 0.008913724556376819200 ) ) ;
#1512 = LENGTH_MEASURE_WITH_UNIT ( LENGTH_MEASURE( 0.02539999999999999900 ), #330 );
#1513 = CARTESIAN_POINT ( 'NONE',  ( 0.07310582854123025300, -0.005591109915468820000, -0.07800000000000000000 ) ) ;
#1514 = LENGTH_MEASURE_WITH_UNIT ( LENGTH_MEASURE( 0.02539999999999999900 ), #679 );
#1515 =( LENGTH_UNIT ( ) NAMED_UNIT ( * ) SI_UNIT ( $, .METRE. ) );
#1516 = CARTESIAN_POINT ( 'NONE',  ( 0.1428134486736807000, 0.01308699060950031800, 0.09136782547080585200 ) ) ;
#1517 = CIRCLE ( 'NONE', #3651, 0.01200000000000000200 ) ;
#1518 = DIRECTION ( 'NONE',  ( 0.2588190451025204600, 0.9659258262890684200, 0.0000000000000000000 ) ) ;
#1519 = SURFACE_STYLE_USAGE ( .BOTH. , #3217 ) ;
#1520 = CARTESIAN_POINT ( 'NONE',  ( 0.07000000000000000700, 0.0000000000000000000, 0.07800000000000000000 ) ) ;
#1521 = EDGE_LOOP ( 'NONE', ( #3207, #3082, #3255, #1174, #3261, #400, #2590, #2551, #3347, #1030, #1438, #3038 ) ) ;
#1522 = CARTESIAN_POINT ( 'NONE',  ( 0.1412605344030655500, 0.01888254556723473200, 0.04700000000000006300 ) ) ;
#1523 = STYLED_ITEM ( 'NONE', ( #2418 ), #2020 ) ;
#1524 = CARTESIAN_POINT ( 'NONE',  ( 0.1633699731734308500, 0.02208105370647272700, 0.04700000000000006300 ) ) ;
#1525 =( LENGTH_UNIT ( ) NAMED_UNIT ( * ) SI_UNIT ( $, .METRE. ) );
#1526 =( NAMED_UNIT ( * ) PLANE_ANGLE_UNIT ( ) SI_UNIT ( $, .RADIAN. ) );
#1527 = ORIENTED_EDGE ( 'NONE', *, *, #422, .F. ) ;
#1528 = CARTESIAN_POINT ( 'NONE',  ( -0.1799335956404845800, 0.02426590062619856500, 0.01387057857742475500 ) ) ;
#1529 = VERTEX_POINT ( 'NONE', #1266 ) ;
#1530 =( NAMED_UNIT ( * ) SI_UNIT ( $, .STERADIAN. ) SOLID_ANGLE_UNIT ( ) );
#1531 = ORIENTED_EDGE ( 'NONE', *, *, #754, .F. ) ;
#1532 = EDGE_CURVE ( 'NONE', #1920, #3218, #1418, .T. ) ;
#1533 =( CONVERSION_BASED_UNIT ( 'INCH', #2657 ) LENGTH_UNIT ( ) NAMED_UNIT ( #2768 ) );
#1534 = DIMENSIONAL_EXPONENTS ( 1.000000000000000000, 0.0000000000000000000, 0.0000000000000000000, 0.0000000000000000000, 0.0000000000000000000, 0.0000000000000000000, 0.0000000000000000000 ) ;
#1535 = AXIS2_PLACEMENT_3D ( 'NONE', #3271, #3260, #2995 ) ;
#1536 = SURFACE_STYLE_FILL_AREA ( #105 ) ;
#1537 = SURFACE_SIDE_STYLE ('',( #412 ) ) ;
#1538 = CARTESIAN_POINT ( 'NONE',  ( 0.0000000000000000000, 0.0000000000000000000, 0.0000000000000000000 ) ) ;
#1539 = FILL_AREA_STYLE ('',( #3238 ) ) ;
#1540 = MECHANICAL_DESIGN_GEOMETRIC_PRESENTATION_REPRESENTATION (  '', ( #570 ), #1730 ) ;
#1541 = PRESENTATION_STYLE_ASSIGNMENT (( #1047 ) ) ;
#1542 = VECTOR ( 'NONE', #907, 39.37007874015748900 ) ;
#1543 = CARTESIAN_POINT ( 'NONE',  ( 0.1428134486736807000, 0.01308699060950033200, -0.04700000000000006300 ) ) ;
#1544 = CARTESIAN_POINT ( 'NONE',  ( 0.1405628328110793700, 0.02260441136696423800, 0.03874325112191568500 ) ) ;
#1545 = ADVANCED_BREP_SHAPE_REPRESENTATION ( '', ( #2500, #1977 ), #1599 ) ;
#1546 = COLOUR_RGB ( '',1.000000000000000000, 0.8039215686274510100, 0.4941176470588235500 ) ;
#1547 = MECHANICAL_DESIGN_GEOMETRIC_PRESENTATION_REPRESENTATION (  '', ( #768 ), #1736 ) ;
#1548 = CARTESIAN_POINT ( 'NONE',  ( -0.1634080012417073700, 0.02193913102355125500, -0.06172633217640468400 ) ) ;
#1549 = CARTESIAN_POINT ( 'NONE',  ( -0.1633699731734308500, 0.02208105370647272700, -0.04700000000000006300 ) ) ;
#1550 = DIRECTION ( 'NONE',  ( -0.0000000000000000000, -0.0000000000000000000, -1.000000000000000000 ) ) ;
#1551 =( NAMED_UNIT ( * ) SI_UNIT ( $, .STERADIAN. ) SOLID_ANGLE_UNIT ( ) );
#1552 = UNCERTAINTY_MEASURE_WITH_UNIT (LENGTH_MEASURE( 1.000000000000000100E-005 ), #1533, 'distance_accuracy_value', 'NONE');
#1553 = DIRECTION ( 'NONE',  ( 0.9659258262890679800, -0.2588190451025216300, 0.0000000000000000000 ) ) ;
#1554 = AXIS2_PLACEMENT_3D ( 'NONE', #2792, #770, #795 ) ;
#1555 = DIMENSIONAL_EXPONENTS ( 1.000000000000000000, 0.0000000000000000000, 0.0000000000000000000, 0.0000000000000000000, 0.0000000000000000000, 0.0000000000000000000, 0.0000000000000000000 ) ;
#1556 = LENGTH_MEASURE_WITH_UNIT ( LENGTH_MEASURE( 0.02539999999999999900 ), #2449 );
#1557 = EDGE_CURVE ( 'NONE', #3518, #2316, #1318, .T. ) ;
#1558 = CARTESIAN_POINT ( 'NONE',  ( -0.1774673509624233600, 0.02585843470042971000, 0.04700000000000005600 ) ) ;
#1559 = CARTESIAN_POINT ( 'NONE',  ( -0.07155291427061515100, 0.0002044450422655908300, 0.1093341932848706200 ) ) ;
#1560 = CIRCLE ( 'NONE', #1677, 0.01459467943118608100 ) ;
#1561 = EDGE_CURVE ( 'NONE', #3095, #1921, #2749, .T. ) ;
#1562 = CARTESIAN_POINT ( 'NONE',  ( 0.1817427903790546900, 0.03023983873174639100, 0.007283144819923469500 ) ) ;
#1563 = CARTESIAN_POINT ( 'NONE',  ( 0.1639028465827198400, 0.01873787774390250200, 0.01599999999999886200 ) ) ;
#1564 = CARTESIAN_POINT ( 'NONE',  ( 0.1817427903790546400, 0.03023983873174637000, -0.04700000000000006300 ) ) ;
#1565 = CARTESIAN_POINT ( 'NONE',  ( -0.1492725953844383800, 0.01830367271251573400, -0.07618935886237225600 ) ) ;
#1566 = ORIENTED_EDGE ( 'NONE', *, *, #2875, .F. ) ;
#1567 = ORIENTED_EDGE ( 'NONE', *, *, #1651, .F. ) ;
#1568 = STYLED_ITEM ( 'NONE', ( #1287 ), #1130 ) ;
#1569 = DIRECTION ( 'NONE',  ( 1.000000000000000000, -0.0000000000000000000, 0.0000000000000000000 ) ) ;
#1570 = COLOUR_RGB ( '',1.000000000000000000, 0.8039215686274510100, 0.4941176470588235500 ) ;
#1571 = CARTESIAN_POINT ( 'NONE',  ( 0.1817427903790546900, 0.03023983873174638000, 0.08671685518007657400 ) ) ;
#1572 =( GEOMETRIC_REPRESENTATION_CONTEXT ( 3 ) GLOBAL_UNCERTAINTY_ASSIGNED_CONTEXT ( ( #3408 ) ) GLOBAL_UNIT_ASSIGNED_CONTEXT ( ( #2313, #610, #2610 ) ) REPRESENTATION_CONTEXT ( 'NONE', 'WORKASPACE' ) );
#1573 = CARTESIAN_POINT ( 'NONE',  ( -0.1670497772732067700, 0.02291494197020654100, -0.06172633217640468400 ) ) ;
#1574 = CARTESIAN_POINT ( 'NONE',  ( 0.1841165628816028000, 0.03036578378886400200, 0.002632174529194201200 ) ) ;
#1575 = AXIS2_PLACEMENT_3D ( 'NONE', #1428, #3407, #1714 ) ;
#1576 = UNCERTAINTY_MEASURE_WITH_UNIT (LENGTH_MEASURE( 1.000000000000000100E-005 ), #426, 'distance_accuracy_value', 'NONE');
#1577 = DIRECTION ( 'NONE',  ( -0.9659258262890680900, -0.2588190451025214600, 0.0000000000000000000 ) ) ;
#1578 = ORIENTED_EDGE ( 'NONE', *, *, #804, .T. ) ;
#1579 = CARTESIAN_POINT ( 'NONE',  ( -0.1428134486736806800, 0.01308699060950031300, -0.04700000000000006900 ) ) ;
#1580 = DIRECTION ( 'NONE',  ( -1.000000000000000000, 0.0000000000000000000, 0.0000000000000000000 ) ) ;
#1581 = CARTESIAN_POINT ( 'NONE',  ( 0.1830201483440818400, 0.03445765854904917600, -0.04700000000000006300 ) ) ;
#1582 = EDGE_CURVE ( 'NONE', #1621, #394, #3496, .T. ) ;
#1583 = MECHANICAL_DESIGN_GEOMETRIC_PRESENTATION_REPRESENTATION (  '', ( #2079 ), #3638 ) ;
#1584 = MECHANICAL_DESIGN_GEOMETRIC_PRESENTATION_REPRESENTATION (  '', ( #805 ), #1771 ) ;
#1585 = CARTESIAN_POINT ( 'NONE',  ( -0.1623775049890052400, 0.02578499539564483100, 0.06621491822377284500 ) ) ;
#1586 = FACE_OUTER_BOUND ( 'NONE', #1665, .T. ) ;
#1587 = ORIENTED_EDGE ( 'NONE', *, *, #3125, .T. ) ;
#1588 = LINE ( 'NONE', #3250, #32 ) ;
#1589 = DIRECTION ( 'NONE',  ( -0.2588190451025215200, 0.9659258262890680900, -0.0000000000000000000 ) ) ;
#1590 = CARTESIAN_POINT ( 'NONE',  ( 0.1639028465827198400, 0.01873787774390249900, 0.04699999999999888300 ) ) ;
#1591 = SURFACE_SIDE_STYLE ('',( #3577 ) ) ;
#1592 = SURFACE_STYLE_FILL_AREA ( #1029 ) ;
#1593 = LENGTH_MEASURE_WITH_UNIT ( LENGTH_MEASURE( 0.02539999999999999900 ), #3499 );
#1594 = LENGTH_MEASURE_WITH_UNIT ( LENGTH_MEASURE( 0.02539999999999999900 ), #2366 );
#1595 = DIRECTION ( 'NONE',  ( -0.2588190451025215200, 0.9659258262890680900, -0.0000000000000000000 ) ) ;
#1596 = DIRECTION ( 'NONE',  ( 1.000000000000000000, 0.0000000000000000000, 0.0000000000000000000 ) ) ;
#1597 = ORIENTED_EDGE ( 'NONE', *, *, #212, .F. ) ;
#1598 = AXIS2_PLACEMENT_3D ( 'NONE', #1698, #3669, #1980 ) ;
#1599 =( GEOMETRIC_REPRESENTATION_CONTEXT ( 3 ) GLOBAL_UNCERTAINTY_ASSIGNED_CONTEXT ( ( #2203 ) ) GLOBAL_UNIT_ASSIGNED_CONTEXT ( ( #954, #2963, #1246 ) ) REPRESENTATION_CONTEXT ( 'NONE', 'WORKASPACE' ) );
#1600 =( BOUNDED_SURFACE ( )  B_SPLINE_SURFACE ( 3, 3, ( 
 ( #2810, #1110, #3097, #1404 ),
 ( #3387, #1686, #3662, #1969 ),
 ( #241, #2249, #540, #2540 ),
 ( #826, #2834, #1124, #3113 ) ),
 .UNSPECIFIED., .F., .F., .F. ) 
 B_SPLINE_SURFACE_WITH_KNOTS ( ( 4, 4 ),
 ( 4, 4 ),
 ( 0.0000000000000000000, 1.000000000000000000 ),
 ( 0.0000000000000000000, 1.000000000000000000 ),
 .UNSPECIFIED. ) 
 GEOMETRIC_REPRESENTATION_ITEM ( )  RATIONAL_B_SPLINE_SURFACE ( (
 ( 1.000000000000000000, 0.9420348673768949000, 0.9420348673768949000, 1.000000000000000000),
 ( 0.7757257530573673500, 0.7307607069022389300, 0.7307607069022389300, 0.7757257530573673500),
 ( 0.7757257530573673500, 0.7307607069022389300, 0.7307607069022389300, 0.7757257530573673500),
 ( 1.000000000000000000, 0.9420348673768949000, 0.9420348673768949000, 1.000000000000000000) ) ) 
 REPRESENTATION_ITEM ( '' )  SURFACE ( )  );
#1601 = VECTOR ( 'NONE', #282, 39.37007874015748100 ) ;
#1602 =( CONVERSION_BASED_UNIT ( 'INCH', #431 ) LENGTH_UNIT ( ) NAMED_UNIT ( #3510 ) );
#1603 = DIRECTION ( 'NONE',  ( 0.0000000000000000000, 0.0000000000000000000, -1.000000000000000000 ) ) ;
#1604 = EDGE_CURVE ( 'NONE', #395, #3296, #1374, .T. ) ;
#1605 = CARTESIAN_POINT ( 'NONE',  ( -0.1623499323121046500, 0.02453343270163699600, 0.04699999999999888300 ) ) ;
#1606 = DIRECTION ( 'NONE',  ( 0.9659258262890682000, -0.2588190451025214600, 0.0000000000000000000 ) ) ;
#1607 =( BOUNDED_SURFACE ( )  B_SPLINE_SURFACE ( 3, 3, ( 
 ( #1328, #3319, #1619, #3598 ),
 ( #1904, #166, #2187, #471 ),
 ( #2460, #763, #2769, #1052 ),
 ( #3048, #1346, #3330, #1631 ) ),
 .UNSPECIFIED., .F., .F., .F. ) 
 B_SPLINE_SURFACE_WITH_KNOTS ( ( 4, 4 ),
 ( 4, 4 ),
 ( 0.0000000000000000000, 1.000000000000000000 ),
 ( 0.0000000000000000000, 1.000000000000000000 ),
 .UNSPECIFIED. ) 
 GEOMETRIC_REPRESENTATION_ITEM ( )  RATIONAL_B_SPLINE_SURFACE ( (
 ( 1.000000000000000000, 0.3333333333333332000, 0.3333333333333332000, 1.000000000000000000),
 ( 0.9427141906301193000, 0.3142380635433729700, 0.3142380635433729700, 0.9427141906301193000),
 ( 0.9427141906301193000, 0.3142380635433729700, 0.3142380635433729700, 0.9427141906301193000),
 ( 1.000000000000000000, 0.3333333333333332000, 0.3333333333333332000, 1.000000000000000000) ) ) 
 REPRESENTATION_ITEM ( '' )  SURFACE ( )  );
#1608 = CARTESIAN_POINT ( 'NONE',  ( 0.07000000000000000700, -0.006000000000000001900, 0.01600000000000004900 ) ) ;
#1609 = EDGE_LOOP ( 'NONE', ( #2080, #507, #1042, #358, #1929 ) ) ;
#1610 =( LENGTH_UNIT ( ) NAMED_UNIT ( * ) SI_UNIT ( $, .METRE. ) );
#1611 = DIRECTION ( 'NONE',  ( 0.9659258262890680900, 0.2588190451025215200, 0.0000000000000000000 ) ) ;
#1613 = EDGE_LOOP ( 'NONE', ( #485, #2105, #2593, #1886 ) ) ;
#1612 = MECHANICAL_DESIGN_GEOMETRIC_PRESENTATION_REPRESENTATION (  '', ( #1230 ), #1809 ) ;
#1614 = CARTESIAN_POINT ( 'NONE',  ( -0.1761064747648767600, 0.02359349653232856900, 0.06621491822377283100 ) ) ;
#1615 = CARTESIAN_POINT ( 'NONE',  ( 0.1774673509624233600, 0.02585843470042971000, -0.04700000000000005600 ) ) ;
#1616 = VERTEX_POINT ( 'NONE', #2126 ) ;
#1617 = VERTEX_POINT ( 'NONE', #690 ) ;
#1618 = MECHANICAL_DESIGN_GEOMETRIC_PRESENTATION_REPRESENTATION (  '', ( #650 ), #1811 ) ;
#1619 = CARTESIAN_POINT ( 'NONE',  ( 0.1807221445045955100, 0.03089890283323588200, -0.08508627544362330800 ) ) ;
#1620 = DIRECTION ( 'NONE',  ( 0.9659258262890679800, -0.2588190451025216800, 0.0000000000000000000 ) ) ;
#1621 = VERTEX_POINT ( 'NONE', #2752 ) ;
#1622 = CARTESIAN_POINT ( 'NONE',  ( 0.1761064747648767300, 0.02359349653232859600, 0.06621491822377283100 ) ) ;
#1623 = CARTESIAN_POINT ( 'NONE',  ( -0.1829430192539159600, 0.03005133372154261300, -0.04700000000000006900 ) ) ;
#1624 = CARTESIAN_POINT ( 'NONE',  ( 0.1667888944592339800, 0.009321465760776890400, -0.04700000000000006300 ) ) ;
#1625 = LINE ( 'NONE', #1563, #3046 ) ;
#1626 =( NAMED_UNIT ( * ) SI_UNIT ( $, .STERADIAN. ) SOLID_ANGLE_UNIT ( ) );
#1627 =( CONVERSION_BASED_UNIT ( 'INCH', #3232 ) LENGTH_UNIT ( ) NAMED_UNIT ( #2111 ) );
#1628 = FACE_OUTER_BOUND ( 'NONE', #1753, .T. ) ;
#1629 = VECTOR ( 'NONE', #1202, 39.37007874015748100 ) ;
#1630 = PRESENTATION_STYLE_ASSIGNMENT (( #765 ) ) ;
#1631 = CARTESIAN_POINT ( 'NONE',  ( 0.1841165628816027700, 0.03036578378886400200, -0.04700000000000005600 ) ) ;
#1632 = CARTESIAN_POINT ( 'NONE',  ( 0.1536981379681025000, 0.01600353431162082600, -0.02766867157013184300 ) ) ;
#1633 = CARTESIAN_POINT ( 'NONE',  ( 0.1673760162107690900, 0.03991384338808993300, 0.05525674887808446800 ) ) ;
#1634 = PRESENTATION_STYLE_ASSIGNMENT (( #2036 ) ) ;
#1635 = CARTESIAN_POINT ( 'NONE',  ( 0.07155291427061515100, 0.0002044450422655929700, 0.07800000000000000000 ) ) ;
#1636 = ORIENTED_EDGE ( 'NONE', *, *, #1172, .T. ) ;
#1637 =( CONVERSION_BASED_UNIT ( 'INCH', #138 ) LENGTH_UNIT ( ) NAMED_UNIT ( #1307 ) );
#1638 =( CONVERSION_BASED_UNIT ( 'INCH', #2262 ) LENGTH_UNIT ( ) NAMED_UNIT ( #2157 ) );
#1639 = CARTESIAN_POINT ( 'NONE',  ( 0.1856694771522178800, 0.02457022883112957800, -0.04700000000000005600 ) ) ;
#1640 = CARTESIAN_POINT ( 'NONE',  ( -0.1829430192539159600, 0.03005133372154263400, 0.08893794194197342200 ) ) ;
#1641 = DIMENSIONAL_EXPONENTS ( 1.000000000000000000, 0.0000000000000000000, 0.0000000000000000000, 0.0000000000000000000, 0.0000000000000000000, 0.0000000000000000000, 0.0000000000000000000 ) ;
#1642 = PRESENTATION_LAYER_ASSIGNMENT (  '', '', ( #1454 ) ) ;
#1643 =( NAMED_UNIT ( * ) SI_UNIT ( $, .STERADIAN. ) SOLID_ANGLE_UNIT ( ) );
#1644 = CARTESIAN_POINT ( 'NONE',  ( 0.1818138193403228100, 0.02353710842995805600, -0.03413842939722931000 ) ) ;
#1645 = PLANE ( 'NONE',  #93 ) ;
#1646 = LENGTH_MEASURE_WITH_UNIT ( LENGTH_MEASURE( 0.02539999999999999900 ), #1426 );
#1647 = LINE ( 'NONE', #2013, #91 ) ;
#1648 = LINE ( 'NONE', #3412, #877 ) ;
#1649 = CARTESIAN_POINT ( 'NONE',  ( 0.1766647861258508200, 0.02215742913833922800, 0.02880775795814495200 ) ) ;
#1650 = LENGTH_MEASURE_WITH_UNIT ( LENGTH_MEASURE( 0.02539999999999999900 ), #1071 );
#1651 = EDGE_CURVE ( 'NONE', #2193, #1079, #1898, .T. ) ;
#1652 = EDGE_CURVE ( 'NONE', #643, #2998, #2650, .T. ) ;
#1653 = EDGE_LOOP ( 'NONE', ( #752, #1251, #253, #7 ) ) ;
#1654 = CARTESIAN_POINT ( 'NONE',  ( 0.1828337769366178100, 0.02381040524838278600, 0.008503640305183364500 ) ) ;
#1655 = SURFACE_SIDE_STYLE ('',( #1330 ) ) ;
#1656 = CARTESIAN_POINT ( 'NONE',  ( -0.1430060108530942500, 0.01313858748578346400, -0.05049470343395437400 ) ) ;
#1657 = ORIENTED_EDGE ( 'NONE', *, *, #509, .T. ) ;
#1658 = CARTESIAN_POINT ( 'NONE',  ( -0.1830201483440818400, 0.03445765854904917600, 0.04700000000000006300 ) ) ;
#1659 = SURFACE_STYLE_USAGE ( .BOTH. , #3359 ) ;
#1660 =( CONVERSION_BASED_UNIT ( 'INCH', #2709 ) LENGTH_UNIT ( ) NAMED_UNIT ( #3608 ) );
#1661 = CARTESIAN_POINT ( 'NONE',  ( 0.1783530562174662500, 0.02260979974599320800, 0.03023454573565355700 ) ) ;
#1662 = ORIENTED_EDGE ( 'NONE', *, *, #1604, .T. ) ;
#1663 = MECHANICAL_DESIGN_GEOMETRIC_PRESENTATION_REPRESENTATION (  '', ( #1278 ), #1897 ) ;
#1664 = CARTESIAN_POINT ( 'NONE',  ( 0.1597662252102079700, 0.02096332007689595500, 0.03227366782359544800 ) ) ;
#1665 = EDGE_LOOP ( 'NONE', ( #2234, #846, #2495, #2592, #58 ) ) ;
#1666 = MECHANICAL_DESIGN_GEOMETRIC_PRESENTATION_REPRESENTATION (  '', ( #1281 ), #1860 ) ;
#1667 = FILL_AREA_STYLE_COLOUR ( '', #1289 ) ;
#1668 = CARTESIAN_POINT ( 'NONE',  ( -0.1412605344030655500, 0.01888254556723473900, -0.09136782547080574100 ) ) ;
#1669 = CARTESIAN_POINT ( 'NONE',  ( -0.1655972495862416100, 0.01919189166034899700, -0.06918523430891702900 ) ) ;
#1670 = DIRECTION ( 'NONE',  ( 0.0000000000000000000, -0.0000000000000000000, -1.000000000000000000 ) ) ;
#1671 = CARTESIAN_POINT ( 'NONE',  ( -0.1466892150844986700, 0.01950152830383892300, 0.04067201956002123400 ) ) ;
#1672 = CARTESIAN_POINT ( 'NONE',  ( -0.1828337769366178100, 0.02381040524838278600, 0.08549635969481679500 ) ) ;
#1673 = ADVANCED_FACE ( 'NONE', ( #1993 ), #3147, .F. ) ;
#1674 = CARTESIAN_POINT ( 'NONE',  ( 0.1814739588348991700, 0.02344604308199055600, 0.03347172314333118200 ) ) ;
#1675 = DIRECTION ( 'NONE',  ( -0.9659258262890682000, -0.2588190451025214600, 0.0000000000000000000 ) ) ;
#1676 = EDGE_CURVE ( 'NONE', #442, #2675, #2472, .T. ) ;
#1677 = AXIS2_PLACEMENT_3D ( 'NONE', #2414, #2172, #2161 ) ;
#1678 = FACE_OUTER_BOUND ( 'NONE', #160, .T. ) ;
#1679 = CARTESIAN_POINT ( 'NONE',  ( 0.1670497772732067700, 0.02291494197020654100, 0.06172633217640468400 ) ) ;
#1680 = CARTESIAN_POINT ( 'NONE',  ( 0.07155291427061515100, 0.0002044450422655929700, 0.01600000000000003800 ) ) ;
#1681 = CARTESIAN_POINT ( 'NONE',  ( -0.1856643087384483900, 0.02456884395465039300, -0.04984144634733806600 ) ) ;
#1682 = DIRECTION ( 'NONE',  ( -0.9659258262890682000, -0.2588190451025214600, 0.0000000000000000000 ) ) ;
#1683 = VERTEX_POINT ( 'NONE', #2183 ) ;
#1684 = VECTOR ( 'NONE', #1143, 39.37007874015748900 ) ;
#1685 = CARTESIAN_POINT ( 'NONE',  ( 0.1736604839337969100, 0.03174243744389465500, -0.05332798043997889800 ) ) ;
#1686 = CARTESIAN_POINT ( 'NONE',  ( -0.1546761943016616600, 0.02940133647786168400, -0.05332798043997890500 ) ) ;
#1687 = SURFACE_STYLE_FILL_AREA ( #2066 ) ;
#1688 = AXIS2_PLACEMENT_3D ( 'NONE', #2423, #720, #2726 ) ;
#1689 = PRESENTATION_STYLE_ASSIGNMENT (( #1022 ) ) ;
#1690 =( LENGTH_UNIT ( ) NAMED_UNIT ( * ) SI_UNIT ( $, .METRE. ) );
#1691 = CARTESIAN_POINT ( 'NONE',  ( 0.1634080012417073700, 0.02193913102355125500, 0.03227366782359544100 ) ) ;
#1692 = CARTESIAN_POINT ( 'NONE',  ( 0.1453995517789817600, 0.01377993484392585000, 0.05800182796917107600 ) ) ;
#1693 = CYLINDRICAL_SURFACE ( 'NONE', #3090, 0.006000000000000001000 ) ;
#1694 = ADVANCED_FACE ( 'NONE', ( #2288, #3708 ), #2243, .T. ) ;
#1695 = SURFACE_STYLE_USAGE ( .BOTH. , #3393 ) ;
#1696 = PRESENTATION_LAYER_ASSIGNMENT (  '', '', ( #1502 ) ) ;
#1697 = LINE ( 'NONE', #1380, #3204 ) ;
#1698 = CARTESIAN_POINT ( 'NONE',  ( 0.1639028465827198400, 0.01873787774390249900, 0.04699999999999888300 ) ) ;
#1699 = FACE_OUTER_BOUND ( 'NONE', #2956, .T. ) ;
#1700 = CARTESIAN_POINT ( 'NONE',  ( 0.1734888494216104400, 0.02130643946322566300, -0.06702678571310148600 ) ) ;
#1701 = ORIENTED_EDGE ( 'NONE', *, *, #516, .F. ) ;
#1702 = EDGE_CURVE ( 'NONE', #539, #1399, #1943, .T. ) ;
#1703 = CARTESIAN_POINT ( 'NONE',  ( 0.1714441488184039500, 0.02075856358783306400, 0.06790628271859071300 ) ) ;
#1704 = CARTESIAN_POINT ( 'NONE',  ( 0.1609575297236173200, 0.03108441523156371000, -0.05332798043997891100 ) ) ;
#1705 =( BOUNDED_SURFACE ( )  B_SPLINE_SURFACE ( 3, 3, ( 
 ( #2794, #2226, #506, #2505 ),
 ( #801, #2806, #1094, #3088 ),
 ( #1387, #3372, #1672, #3648 ),
 ( #1952, #220, #2233, #520 ) ),
 .UNSPECIFIED., .F., .F., .F. ) 
 B_SPLINE_SURFACE_WITH_KNOTS ( ( 4, 4 ),
 ( 4, 4 ),
 ( 0.0000000000000000000, 1.000000000000000000 ),
 ( 0.0000000000000000000, 1.000000000000000000 ),
 .UNSPECIFIED. ) 
 GEOMETRIC_REPRESENTATION_ITEM ( )  RATIONAL_B_SPLINE_SURFACE ( (
 ( 1.000000000000000000, 0.3333333333333332000, 0.3333333333333332000, 1.000000000000000000),
 ( 0.9427141906301195200, 0.3142380635433730300, 0.3142380635433730300, 0.9427141906301195200),
 ( 0.9427141906301195200, 0.3142380635433730300, 0.3142380635433730300, 0.9427141906301195200),
 ( 1.000000000000000000, 0.3333333333333332000, 0.3333333333333332000, 1.000000000000000000) ) ) 
 REPRESENTATION_ITEM ( '' )  SURFACE ( )  );
#1706 = VERTEX_POINT ( 'NONE', #1962 ) ;
#1707 = CARTESIAN_POINT ( 'NONE',  ( -0.1623775049890052400, 0.02578499539564485900, -0.06621491822377280300 ) ) ;
#1708 = CARTESIAN_POINT ( 'NONE',  ( 0.1455688335271131100, 0.01382529375163098700, -0.05791525317880931400 ) ) ;
#1709 = VERTEX_POINT ( 'NONE', #2438 ) ;
#1710 = VERTEX_POINT ( 'NONE', #1608 ) ;
#1711 =( NAMED_UNIT ( * ) PLANE_ANGLE_UNIT ( ) SI_UNIT ( $, .RADIAN. ) );
#1712 = ADVANCED_FACE ( 'NONE', ( #3451 ), #1607, .F. ) ;
#1713 = UNCERTAINTY_MEASURE_WITH_UNIT (LENGTH_MEASURE( 1.000000000000000100E-005 ), #1638, 'distance_accuracy_value', 'NONE');
#1714 = DIRECTION ( 'NONE',  ( -0.9659258262890682000, -0.2588190451025212400, 0.0000000000000000000 ) ) ;
#1715 = VECTOR ( 'NONE', #100, 39.37007874015748900 ) ;
#1716 = CARTESIAN_POINT ( 'NONE',  ( -0.07310582854123026700, -3.201384367575308500E-018, 0.07800000000000000000 ) ) ;
#1717 = CARTESIAN_POINT ( 'NONE',  ( -0.1536981379681011100, 0.01600353431162046900, 0.02766867157013192300 ) ) ;
#1718 = DIRECTION ( 'NONE',  ( 0.2588190451025228500, 0.9659258262890676500, 0.0000000000000000000 ) ) ;
#1719 = CARTESIAN_POINT ( 'NONE',  ( -0.1669530362584811500, 0.01955517360428447900, -0.02481873041162532100 ) ) ;
#1720 = CIRCLE ( 'NONE', #1688, 0.02568503937007874200 ) ;
#1721 = DIRECTION ( 'NONE',  ( 0.0000000000000000000, 0.0000000000000000000, -1.000000000000000000 ) ) ;
#1722 = LINE ( 'NONE', #2166, #173 ) ;
#1723 = VECTOR ( 'NONE', #3197, 39.37007874015748100 ) ;
#1724 = COLOUR_RGB ( '',1.000000000000000000, 0.8039215686274510100, 0.4941176470588235500 ) ;
#1725 = ORIENTED_EDGE ( 'NONE', *, *, #3614, .F. ) ;
#1726 = CARTESIAN_POINT ( 'NONE',  ( -0.1707728864236330900, 0.02232063740079143900, 0.06172633217640467700 ) ) ;
#1727 = ADVANCED_FACE ( 'NONE', ( #418 ), #2475, .T. ) ;
#1728 = CARTESIAN_POINT ( 'NONE',  ( -0.1818138193403224800, 0.02353710842995796300, 0.03413842939722786000 ) ) ;
#1729 = DIRECTION ( 'NONE',  ( -0.0000000000000000000, 0.0000000000000000000, 1.000000000000000000 ) ) ;
#1730 =( GEOMETRIC_REPRESENTATION_CONTEXT ( 3 ) GLOBAL_UNCERTAINTY_ASSIGNED_CONTEXT ( ( #2467 ) ) GLOBAL_UNIT_ASSIGNED_CONTEXT ( ( #2189, #473, #2462 ) ) REPRESENTATION_CONTEXT ( 'NONE', 'WORKASPACE' ) );
#1731 = LINE ( 'NONE', #670, #3239 ) ;
#1732 = FACE_OUTER_BOUND ( 'NONE', #2202, .T. ) ;
#1733 = CARTESIAN_POINT ( 'NONE',  ( -0.1696087432648056000, 0.02026676815196278000, 0.06866205366293437500 ) ) ;
#1734 = LINE ( 'NONE', #2729, #2129 ) ;
#1735 = CIRCLE ( 'NONE', #1360, 0.01199999999999996700 ) ;
#1736 =( GEOMETRIC_REPRESENTATION_CONTEXT ( 3 ) GLOBAL_UNCERTAINTY_ASSIGNED_CONTEXT ( ( #2863 ) ) GLOBAL_UNIT_ASSIGNED_CONTEXT ( ( #3494, #1801, #54 ) ) REPRESENTATION_CONTEXT ( 'NONE', 'WORKASPACE' ) );
#1737 = FACE_OUTER_BOUND ( 'NONE', #2776, .T. ) ;
#1738 = FACE_OUTER_BOUND ( 'NONE', #3303, .T. ) ;
#1739 = CARTESIAN_POINT ( 'NONE',  ( -0.1739298971459620500, 0.02025956414486002100, 0.03227366782359544100 ) ) ;
#1740 = ORIENTED_EDGE ( 'NONE', *, *, #3034, .T. ) ;
#1741 =( CONVERSION_BASED_UNIT ( 'INCH', #3059 ) LENGTH_UNIT ( ) NAMED_UNIT ( #982 ) );
#1742 = CARTESIAN_POINT ( 'NONE',  ( -0.1856669057145247900, 0.02456953981229286600, -0.04558629667454751300 ) ) ;
#1743 = PRESENTATION_STYLE_ASSIGNMENT (( #585 ) ) ;
#1744 = EDGE_CURVE ( 'NONE', #3398, #1137, #2746, .T. ) ;
#1745 = CARTESIAN_POINT ( 'NONE',  ( -0.1445674034030531000, 0.01355696135861290300, 0.05581638281432914400 ) ) ;
#1746 = ORIENTED_EDGE ( 'NONE', *, *, #211, .F. ) ;
#1747 = ADVANCED_FACE ( 'NONE', ( #1988 ), #419, .F. ) ;
#1748 = LENGTH_MEASURE_WITH_UNIT ( LENGTH_MEASURE( 0.02539999999999999900 ), #2664 );
#1749 = EDGE_LOOP ( 'NONE', ( #296, #437, #2781 ) ) ;
#1750 =( LENGTH_UNIT ( ) NAMED_UNIT ( * ) SI_UNIT ( $, .METRE. ) );
#1751 = CARTESIAN_POINT ( 'NONE',  ( 0.1841165628816027200, 0.03036578378886401300, 0.002632174529194389400 ) ) ;
#1752 = CARTESIAN_POINT ( 'NONE',  ( -0.1511741509129487500, 0.01532723401848577400, -0.02915960744407922900 ) ) ;
#1753 = EDGE_LOOP ( 'NONE', ( #1214, #1084, #2192, #1352, #3311 ) ) ;
#1754 = CARTESIAN_POINT ( 'NONE',  ( -0.1443966255079769900, 0.03017391338828151800, -0.03874325112191568500 ) ) ;
#1755 = DIRECTION ( 'NONE',  ( 0.0000000000000000000, 0.0000000000000000000, 1.000000000000000000 ) ) ;
#1756 = PRESENTATION_LAYER_ASSIGNMENT (  '', '', ( #1946 ) ) ;
#1757 = FACE_OUTER_BOUND ( 'NONE', #115, .T. ) ;
#1758 =( LENGTH_UNIT ( ) NAMED_UNIT ( * ) SI_UNIT ( $, .METRE. ) );
#1759 = CARTESIAN_POINT ( 'NONE',  ( -0.1829430192539159600, 0.03005133372154261300, 0.005062058058026729600 ) ) ;
#1760 = DIMENSIONAL_EXPONENTS ( 1.000000000000000000, 0.0000000000000000000, 0.0000000000000000000, 0.0000000000000000000, 0.0000000000000000000, 0.0000000000000000000, 0.0000000000000000000 ) ;
#1761 =( LENGTH_UNIT ( ) NAMED_UNIT ( * ) SI_UNIT ( $, .METRE. ) );
#1762 = DIRECTION ( 'NONE',  ( 0.0000000000000000000, 0.0000000000000000000, 1.000000000000000000 ) ) ;
#1763 = LENGTH_MEASURE_WITH_UNIT ( LENGTH_MEASURE( 0.02539999999999999900 ), #457 );
#1764 = CARTESIAN_POINT ( 'NONE',  ( 0.1538063640131546500, 0.02141124267390012700, -0.02778508177622728700 ) ) ;
#1765 = SURFACE_SIDE_STYLE ('',( #1365 ) ) ;
#1766 = CIRCLE ( 'NONE', #1138, 0.01200000000000000200 ) ;
#1767 = DIRECTION ( 'NONE',  ( 0.2588190451025215200, 0.9659258262890680900, -0.0000000000000000000 ) ) ;
#1768 = FACE_OUTER_BOUND ( 'NONE', #2054, .T. ) ;
#1769 = EDGE_CURVE ( 'NONE', #2310, #2775, #1505, .T. ) ;
#1770 = EDGE_CURVE ( 'NONE', #2304, #338, #729, .T. ) ;
#1771 =( GEOMETRIC_REPRESENTATION_CONTEXT ( 3 ) GLOBAL_UNCERTAINTY_ASSIGNED_CONTEXT ( ( #2722 ) ) GLOBAL_UNIT_ASSIGNED_CONTEXT ( ( #2969, #2692, #2672 ) ) REPRESENTATION_CONTEXT ( 'NONE', 'WORKASPACE' ) );
#1772 = ORIENTED_EDGE ( 'NONE', *, *, #3554, .T. ) ;
#1773 = FACE_OUTER_BOUND ( 'NONE', #2103, .T. ) ;
#1774 = CARTESIAN_POINT ( 'NONE',  ( -0.1633699731734308500, 0.02208105370647272700, -0.04700000000000006300 ) ) ;
#1775 = FILL_AREA_STYLE ('',( #587 ) ) ;
#1776 = CARTESIAN_POINT ( 'NONE',  ( -0.1623499323121046500, 0.02453343270163699600, 0.04699999999999888300 ) ) ;
#1777 = CARTESIAN_POINT ( 'NONE',  ( 0.07310582854123025300, -0.005591109915468818300, 0.07800000000000000000 ) ) ;
#1778 = LINE ( 'NONE', #1875, #2526 ) ;
#1779 = CARTESIAN_POINT ( 'NONE',  ( -0.1817427903790546900, 0.03023983873174639100, -0.04700000000000006300 ) ) ;
#1780 = COLOUR_RGB ( '',1.000000000000000000, 0.8039215686274510100, 0.4941176470588235500 ) ;
#1781 =( LENGTH_UNIT ( ) NAMED_UNIT ( * ) SI_UNIT ( $, .METRE. ) );
#1782 = DIRECTION ( 'NONE',  ( -0.9659258262890680900, -0.2588190451025215200, 0.0000000000000000000 ) ) ;
#1783 = COLOUR_RGB ( '',1.000000000000000000, 0.8039215686274510100, 0.4941176470588235500 ) ;
#1784 = ORIENTED_EDGE ( 'NONE', *, *, #267, .T. ) ;
#1785 = STYLED_ITEM ( 'NONE', ( #3497 ), #1967 ) ;
#1786 = UNCERTAINTY_MEASURE_WITH_UNIT (LENGTH_MEASURE( 1.000000000000000100E-005 ), #3169, 'distance_accuracy_value', 'NONE');
#1787 = AXIS2_PLACEMENT_3D ( 'NONE', #63, #2096, #370 ) ;
#1788 = DIRECTION ( 'NONE',  ( -0.9659258262890680900, -0.2588190451025215200, 0.0000000000000000000 ) ) ;
#1789 = CARTESIAN_POINT ( 'NONE',  ( 0.1492725953844383500, 0.01830367271251572700, 0.04700000000000006900 ) ) ;
#1790 = CARTESIAN_POINT ( 'NONE',  ( -0.1799335956404846400, 0.02426590062619857900, -0.01387057857742473400 ) ) ;
#1791 = ORIENTED_EDGE ( 'NONE', *, *, #2027, .T. ) ;
#1792 = CARTESIAN_POINT ( 'NONE',  ( -0.1774673509624233300, 0.02585843470042972800, -0.04700000000000006900 ) ) ;
#1793 = SURFACE_STYLE_FILL_AREA ( #543 ) ;
#1794 = CARTESIAN_POINT ( 'NONE',  ( -0.1828598572846589500, 0.03393786491689938100, -0.03874325112191568500 ) ) ;
#1795 = DIRECTION ( 'NONE',  ( 0.9659258262890679800, -0.2588190451025216800, 0.0000000000000000000 ) ) ;
#1796 = STYLED_ITEM ( 'NONE', ( #1689 ), #556 ) ;
#1797 = ORIENTED_EDGE ( 'NONE', *, *, #2992, .T. ) ;
#1798 = ORIENTED_EDGE ( 'NONE', *, *, #3174, .T. ) ;
#1799 = DIRECTION ( 'NONE',  ( -0.9659258262890679800, 0.2588190451025216300, -0.0000000000000000000 ) ) ;
#1800 =( NAMED_UNIT ( * ) PLANE_ANGLE_UNIT ( ) SI_UNIT ( $, .RADIAN. ) );
#1801 =( NAMED_UNIT ( * ) PLANE_ANGLE_UNIT ( ) SI_UNIT ( $, .RADIAN. ) );
#1802 = DIMENSIONAL_EXPONENTS ( 1.000000000000000000, 0.0000000000000000000, 0.0000000000000000000, 0.0000000000000000000, 0.0000000000000000000, 0.0000000000000000000, 0.0000000000000000000 ) ;
#1803 = CARTESIAN_POINT ( 'NONE',  ( -0.1639028465827197800, 0.01873787774390259200, -0.07800000000000000000 ) ) ;
#1804 = LINE ( 'NONE', #698, #165 ) ;
#1805 =( CONVERSION_BASED_UNIT ( 'INCH', #1593 ) LENGTH_UNIT ( ) NAMED_UNIT ( #1856 ) );
#1806 = FILL_AREA_STYLE ('',( #2087 ) ) ;
#1807 = ORIENTED_EDGE ( 'NONE', *, *, #612, .T. ) ;
#1808 = DIRECTION ( 'NONE',  ( -0.9659258262890679800, -0.2588190451025217400, 1.589339925513298200E-016 ) ) ;
#1809 =( GEOMETRIC_REPRESENTATION_CONTEXT ( 3 ) GLOBAL_UNCERTAINTY_ASSIGNED_CONTEXT ( ( #586 ) ) GLOBAL_UNIT_ASSIGNED_CONTEXT ( ( #3508, #1815, #62 ) ) REPRESENTATION_CONTEXT ( 'NONE', 'WORKASPACE' ) );
#1810 = EDGE_LOOP ( 'NONE', ( #1372, #3691, #97 ) ) ;
#1811 =( GEOMETRIC_REPRESENTATION_CONTEXT ( 3 ) GLOBAL_UNCERTAINTY_ASSIGNED_CONTEXT ( ( #1152 ) ) GLOBAL_UNIT_ASSIGNED_CONTEXT ( ( #18, #2043, #315 ) ) REPRESENTATION_CONTEXT ( 'NONE', 'WORKASPACE' ) );
#1812 = CARTESIAN_POINT ( 'NONE',  ( -0.07155291427061515100, 0.0002044450422655972600, -0.01600000000000004900 ) ) ;
#1813 = SURFACE_STYLE_USAGE ( .BOTH. , #74 ) ;
#1814 = DIRECTION ( 'NONE',  ( -0.9659258262890680900, -0.2588190451025213500, 1.169881808018175200E-015 ) ) ;
#1815 =( NAMED_UNIT ( * ) PLANE_ANGLE_UNIT ( ) SI_UNIT ( $, .RADIAN. ) );
#1816 = PRESENTATION_LAYER_ASSIGNMENT (  '', '', ( #1237 ) ) ;
#1817 = CARTESIAN_POINT ( 'NONE',  ( -0.1799335956404845800, 0.02426590062619857900, 0.04700000000000006300 ) ) ;
#1818 = ORIENTED_EDGE ( 'NONE', *, *, #1217, .T. ) ;
#1819 =( NAMED_UNIT ( * ) SI_UNIT ( $, .STERADIAN. ) SOLID_ANGLE_UNIT ( ) );
#1820 =( BOUNDED_SURFACE ( )  B_SPLINE_SURFACE ( 3, 3, ( 
 ( #1615, #1913, #177, #2196 ),
 ( #476, #2471, #771, #2778 ),
 ( #1061, #3060, #1356, #3339 ),
 ( #1639, #3620, #1926, #189 ) ),
 .UNSPECIFIED., .F., .F., .F. ) 
 B_SPLINE_SURFACE_WITH_KNOTS ( ( 4, 4 ),
 ( 4, 4 ),
 ( 0.0000000000000000000, 1.000000000000000000 ),
 ( 0.0000000000000000000, 1.000000000000000000 ),
 .UNSPECIFIED. ) 
 GEOMETRIC_REPRESENTATION_ITEM ( )  RATIONAL_B_SPLINE_SURFACE ( (
 ( 1.000000000000000000, 0.3333333333333335400, 0.3333333333333335400, 1.000000000000000000),
 ( 0.9427141906301195200, 0.3142380635433733600, 0.3142380635433733600, 0.9427141906301195200),
 ( 0.9427141906301195200, 0.3142380635433733600, 0.3142380635433733600, 0.9427141906301195200),
 ( 1.000000000000000000, 0.3333333333333335400, 0.3333333333333335400, 1.000000000000000000) ) ) 
 REPRESENTATION_ITEM ( '' )  SURFACE ( )  );
#1821 = CARTESIAN_POINT ( 'NONE',  ( -0.1639028465827197800, 0.01873787774390259200, -0.07800000000000000000 ) ) ;
#1822 = EDGE_CURVE ( 'NONE', #3373, #1839, #3013, .T. ) ;
#1823 = DIRECTION ( 'NONE',  ( -0.9659258262890677600, 0.2588190451025228500, 0.0000000000000000000 ) ) ;
#1824 =( CONVERSION_BASED_UNIT ( 'INCH', #3423 ) LENGTH_UNIT ( ) NAMED_UNIT ( #2324 ) );
#1825 =( BOUNDED_SURFACE ( )  B_SPLINE_SURFACE ( 3, 3, ( 
 ( #1622, #2771, #1054, #3050 ),
 ( #1348, #3332, #1633, #3612 ),
 ( #1916, #181, #2201, #482 ),
 ( #2477, #778, #2785, #1067 ) ),
 .UNSPECIFIED., .F., .F., .F. ) 
 B_SPLINE_SURFACE_WITH_KNOTS ( ( 4, 4 ),
 ( 4, 4 ),
 ( 0.0000000000000000000, 1.000000000000000000 ),
 ( 0.0000000000000000000, 1.000000000000000000 ),
 .UNSPECIFIED. ) 
 GEOMETRIC_REPRESENTATION_ITEM ( )  RATIONAL_B_SPLINE_SURFACE ( (
 ( 1.000000000000000000, 0.9420348673768952400, 0.9420348673768952400, 1.000000000000000000),
 ( 0.7757257530573673500, 0.7307607069022392700, 0.7307607069022392700, 0.7757257530573673500),
 ( 0.7757257530573673500, 0.7307607069022392700, 0.7307607069022392700, 0.7757257530573673500),
 ( 1.000000000000000000, 0.9420348673768952400, 0.9420348673768952400, 1.000000000000000000) ) ) 
 REPRESENTATION_ITEM ( '' )  SURFACE ( )  );
#1826 =( LENGTH_UNIT ( ) NAMED_UNIT ( * ) SI_UNIT ( $, .METRE. ) );
#1827 = DIRECTION ( 'NONE',  ( 1.000000000000000000, 0.0000000000000000000, 0.0000000000000000000 ) ) ;
#1828 = CARTESIAN_POINT ( 'NONE',  ( 0.1739298971459620500, 0.02025956414486002100, -0.03227366782359544100 ) ) ;
#1829 = FACE_OUTER_BOUND ( 'NONE', #1609, .T. ) ;
#1830 = CARTESIAN_POINT ( 'NONE',  ( -0.1492725953844384100, 0.01830367271251572000, 0.04700000000000005600 ) ) ;
#1831 = LINE ( 'NONE', #2147, #3247 ) ;
#1832 = SURFACE_STYLE_FILL_AREA ( #33 ) ;
#1833 = CARTESIAN_POINT ( 'NONE',  ( 0.1856694771522178500, 0.02457022883112959900, -0.09136782547080572700 ) ) ;
#1834 = CARTESIAN_POINT ( 'NONE',  ( 0.1576257156231048200, 0.02451175727244904500, 0.02778508177622732500 ) ) ;
#1835 = STYLED_ITEM ( 'NONE', ( #3549 ), #3178 ) ;
#1836 = ORIENTED_EDGE ( 'NONE', *, *, #2305, .T. ) ;
#1837 = DIRECTION ( 'NONE',  ( 0.2588190451025229000, 0.9659258262890677600, 0.0000000000000000000 ) ) ;
#1838 = MECHANICAL_DESIGN_GEOMETRIC_PRESENTATION_REPRESENTATION (  '', ( #1454 ), #2019 ) ;
#1839 = VERTEX_POINT ( 'NONE', #205 ) ;
#1840 = FILL_AREA_STYLE ('',( #2678 ) ) ;
#1841 = CARTESIAN_POINT ( 'NONE',  ( 0.1673760162107691400, 0.03991384338808996000, -0.05525674887808446100 ) ) ;
#1842 = APPLICATION_PROTOCOL_DEFINITION ( 'draft international standard', 'automotive_design', 1998, #3535 ) ;
#1843 = EDGE_LOOP ( 'NONE', ( #1292, #2670 ) ) ;
#1844 = ORIENTED_EDGE ( 'NONE', *, *, #3501, .F. ) ;
#1845 = DIRECTION ( 'NONE',  ( -0.2588190451025215200, 0.9659258262890680900, -0.0000000000000000000 ) ) ;
#1846 = SURFACE_SIDE_STYLE ('',( #2073 ) ) ;
#1847 = ORIENTED_EDGE ( 'NONE', *, *, #1770, .T. ) ;
#1848 = EDGE_CURVE ( 'NONE', #3352, #3284, #2250, .T. ) ;
#1849 = STYLED_ITEM ( 'NONE', ( #753 ), #854 ) ;
#1850 =( NAMED_UNIT ( * ) SI_UNIT ( $, .STERADIAN. ) SOLID_ANGLE_UNIT ( ) );
#1851 = CARTESIAN_POINT ( 'NONE',  ( -0.1639028465827197800, 0.01873787774390259600, -0.04699999999999888300 ) ) ;
#1852 = DIRECTION ( 'NONE',  ( -0.0000000000000000000, -0.0000000000000000000, -1.000000000000000000 ) ) ;
#1853 = CARTESIAN_POINT ( 'NONE',  ( 0.1623278859655180900, 0.02597017611232081300, 0.04700000000000006300 ) ) ;
#1854 = CARTESIAN_POINT ( 'NONE',  ( 0.1433792542216360300, 0.01996036019956384800, -0.007283144819923622100 ) ) ;
#1855 = CARTESIAN_POINT ( 'NONE',  ( -0.1799335956404845600, 0.02426590062619857600, -0.04700000000000006900 ) ) ;
#1856 = DIMENSIONAL_EXPONENTS ( 1.000000000000000000, 0.0000000000000000000, 0.0000000000000000000, 0.0000000000000000000, 0.0000000000000000000, 0.0000000000000000000, 0.0000000000000000000 ) ;
#1857 = PRESENTATION_STYLE_ASSIGNMENT (( #3410 ) ) ;
#1858 = COLOUR_RGB ( '',1.000000000000000000, 0.8039215686274510100, 0.4941176470588235500 ) ;
#1859 = CARTESIAN_POINT ( 'NONE',  ( 0.1433792542216359700, 0.01996036019956383400, 0.04700000000000006900 ) ) ;
#1860 =( GEOMETRIC_REPRESENTATION_CONTEXT ( 3 ) GLOBAL_UNCERTAINTY_ASSIGNED_CONTEXT ( ( #178 ) ) GLOBAL_UNIT_ASSIGNED_CONTEXT ( ( #1627, #3607, #1914 ) ) REPRESENTATION_CONTEXT ( 'NONE', 'WORKASPACE' ) );
#1861 = CARTESIAN_POINT ( 'NONE',  ( 0.1634080012417073700, 0.02193913102355123100, -0.06172633217640468400 ) ) ;
#1862 = CARTESIAN_POINT ( 'NONE',  ( -0.1538063640131546500, 0.02141124267390011700, 0.06621491822377283100 ) ) ;
#1863 = FILL_AREA_STYLE ('',( #652 ) ) ;
#1864 =( CONVERSION_BASED_UNIT ( 'INCH', #2878 ) LENGTH_UNIT ( ) NAMED_UNIT ( #926 ) );
#1865 = VERTEX_POINT ( 'NONE', #2492 ) ;
#1866 = CARTESIAN_POINT ( 'NONE',  ( -0.07000000000000000700, -0.006000000000000000100, 0.0000000000000000000 ) ) ;
#1867 = AXIS2_PLACEMENT_3D ( 'NONE', #2647, #2895, #2292 ) ;
#1868 = DIRECTION ( 'NONE',  ( 0.9659258262890680900, 0.2588190451025214100, 0.0000000000000000000 ) ) ;
#1869 = CARTESIAN_POINT ( 'NONE',  ( 0.1639028465827198400, 0.01873787774390249900, 0.01599999999999943800 ) ) ;
#1870 = DIMENSIONAL_EXPONENTS ( 1.000000000000000000, 0.0000000000000000000, 0.0000000000000000000, 0.0000000000000000000, 0.0000000000000000000, 0.0000000000000000000, 0.0000000000000000000 ) ;
#1871 = UNCERTAINTY_MEASURE_WITH_UNIT (LENGTH_MEASURE( 1.000000000000000100E-005 ), #131, 'distance_accuracy_value', 'NONE');
#1872 = EDGE_CURVE ( 'NONE', #256, #1621, #3670, .T. ) ;
#1873 = DIRECTION ( 'NONE',  ( -0.2588190451025205200, 0.9659258262890684200, 0.0000000000000000000 ) ) ;
#1874 = DIRECTION ( 'NONE',  ( -0.2588190451025217400, 0.9659258262890679800, 0.0000000000000000000 ) ) ;
#1875 = CARTESIAN_POINT ( 'NONE',  ( 0.07155291427061515100, 0.0002044450422655929700, -0.1093341932848706200 ) ) ;
#1876 =( LENGTH_UNIT ( ) NAMED_UNIT ( * ) SI_UNIT ( $, .METRE. ) );
#1877 = ORIENTED_EDGE ( 'NONE', *, *, #1848, .F. ) ;
#1878 = ORIENTED_EDGE ( 'NONE', *, *, #894, .T. ) ;
#1879 = SURFACE_SIDE_STYLE ('',( #973 ) ) ;
#1880 = CARTESIAN_POINT ( 'NONE',  ( 0.07310582854123028100, -0.005591109915468817400, 0.07800000000000000000 ) ) ;
#1881 = MECHANICAL_DESIGN_GEOMETRIC_PRESENTATION_REPRESENTATION (  '', ( #1502 ), #2071 ) ;
#1882 = ORIENTED_EDGE ( 'NONE', *, *, #391, .F. ) ;
#1883 =( NAMED_UNIT ( * ) SI_UNIT ( $, .STERADIAN. ) SOLID_ANGLE_UNIT ( ) );
#1884 = ORIENTED_EDGE ( 'NONE', *, *, #3533, .T. ) ;
#1885 = DIRECTION ( 'NONE',  ( 0.9659258262890679800, 0.2588190451025217900, 0.0000000000000000000 ) ) ;
#1886 = ORIENTED_EDGE ( 'NONE', *, *, #1126, .F. ) ;
#1887 = DIRECTION ( 'NONE',  ( -0.9659258262890677600, 0.2588190451025228500, 0.0000000000000000000 ) ) ;
#1888 = EDGE_CURVE ( 'NONE', #1257, #3306, #2930, .T. ) ;
#1889 = FILL_AREA_STYLE_COLOUR ( '', #1379 ) ;
#1890 = FILL_AREA_STYLE ('',( #2741 ) ) ;
#1891 = PLANE ( 'NONE',  #2018 ) ;
#1892 = ORIENTED_EDGE ( 'NONE', *, *, #875, .T. ) ;
#1893 = ORIENTED_EDGE ( 'NONE', *, *, #2618, .T. ) ;
#1894 =( NAMED_UNIT ( * ) PLANE_ANGLE_UNIT ( ) SI_UNIT ( $, .RADIAN. ) );
#1895 = FILL_AREA_STYLE_COLOUR ( '', #2431 ) ;
#1896 = CARTESIAN_POINT ( 'NONE',  ( -0.1623499323121046800, 0.02453343270163694000, -0.07800000000000001400 ) ) ;
#1897 =( GEOMETRIC_REPRESENTATION_CONTEXT ( 3 ) GLOBAL_UNCERTAINTY_ASSIGNED_CONTEXT ( ( #2880 ) ) GLOBAL_UNIT_ASSIGNED_CONTEXT ( ( #915, #2929, #1218 ) ) REPRESENTATION_CONTEXT ( 'NONE', 'WORKASPACE' ) );
#1898 = CIRCLE ( 'NONE', #501, 0.004236220472440949800 ) ;
#1899 = CARTESIAN_POINT ( 'NONE',  ( -0.1673760162107691400, 0.03991384338808996000, 0.05525674887808446100 ) ) ;
#1900 = CARTESIAN_POINT ( 'NONE',  ( 0.07155291427061515100, 0.0002044450422655929700, 0.07800000000000006900 ) ) ;
#1901 = DIRECTION ( 'NONE',  ( 0.0000000000000000000, 0.0000000000000000000, 1.000000000000000000 ) ) ;
#1902 = DIMENSIONAL_EXPONENTS ( 1.000000000000000000, 0.0000000000000000000, 0.0000000000000000000, 0.0000000000000000000, 0.0000000000000000000, 0.0000000000000000000, 0.0000000000000000000 ) ;
#1903 = EDGE_LOOP ( 'NONE', ( #1146, #1506 ) ) ;
#1904 = CARTESIAN_POINT ( 'NONE',  ( 0.1433792542216360000, 0.01996036019956383800, -0.04700000000000006300 ) ) ;
#1905 = CARTESIAN_POINT ( 'NONE',  ( 0.1428160201134654700, 0.01308767962053052400, -0.04558629667454732600 ) ) ;
#1906 = SURFACE_STYLE_USAGE ( .BOTH. , #3600 ) ;
#1907 = CARTESIAN_POINT ( 'NONE',  ( 0.07000000000000000700, 0.005999999999999997500, -0.01600000000000004900 ) ) ;
#1908 = LENGTH_MEASURE_WITH_UNIT ( LENGTH_MEASURE( 0.02539999999999999900 ), #167 );
#1909 = EDGE_CURVE ( 'NONE', #1434, #943, #642, .T. ) ;
#1910 = MECHANICAL_DESIGN_GEOMETRIC_PRESENTATION_REPRESENTATION (  '', ( #2799 ), #3175 ) ;
#1911 = AXIS2_PLACEMENT_3D ( 'NONE', #989, #975, #688 ) ;
#1912 = LINE ( 'NONE', #234, #2663 ) ;
#1913 = CARTESIAN_POINT ( 'NONE',  ( 0.1774673509624233900, 0.02585843470042970700, -0.01781064113762787600 ) ) ;
#1914 =( NAMED_UNIT ( * ) SI_UNIT ( $, .STERADIAN. ) SOLID_ANGLE_UNIT ( ) );
#1915 = CARTESIAN_POINT ( 'NONE',  ( 0.1557238596543346900, 0.01654632480153696300, -0.02663258524927423000 ) ) ;
#1916 = CARTESIAN_POINT ( 'NONE',  ( 0.1828598572846589500, 0.03393786491689938100, 0.03874325112191568500 ) ) ;
#1917 = ORIENTED_EDGE ( 'NONE', *, *, #1582, .T. ) ;
#1918 = AXIS2_PLACEMENT_3D ( 'NONE', #551, #2552, #836 ) ;
#1919 = DIRECTION ( 'NONE',  ( 0.9659258262890679800, 0.2588190451025215700, 0.0000000000000000000 ) ) ;
#1920 = VERTEX_POINT ( 'NONE', #518 ) ;
#1921 = VERTEX_POINT ( 'NONE', #218 ) ;
#1922 =( BOUNDED_CURVE ( )  B_SPLINE_CURVE ( 3, ( #5, #1751, #307, #2308 ),
 .UNSPECIFIED., .F., .T. ) 
 B_SPLINE_CURVE_WITH_KNOTS ( ( 4, 4 ),
 ( 0.0000000000000000000, 1.000000000000000000 ),
 .UNSPECIFIED. ) 
 CURVE ( )  GEOMETRIC_REPRESENTATION_ITEM ( )  RATIONAL_B_SPLINE_CURVE ( ( 1.000000000000000000, 0.3333333333333332000, 0.3333333333333332000, 1.000000000000000000 ) ) 
 REPRESENTATION_ITEM ( '' )  );
#1923 = ORIENTED_EDGE ( 'NONE', *, *, #3616, .F. ) ;
#1924 =( NAMED_UNIT ( * ) SI_UNIT ( $, .STERADIAN. ) SOLID_ANGLE_UNIT ( ) );
#1925 =( NAMED_UNIT ( * ) SI_UNIT ( $, .STERADIAN. ) SOLID_ANGLE_UNIT ( ) );
#1926 = CARTESIAN_POINT ( 'NONE',  ( 0.1428134486736807600, 0.01308699060950033400, -0.002632174529194423700 ) ) ;
#1927 = EDGE_LOOP ( 'NONE', ( #898, #1636, #3353, #2721 ) ) ;
#1928 = CARTESIAN_POINT ( 'NONE',  ( -0.1412605344030655500, 0.01888254556723473200, 0.04700000000000006300 ) ) ;
#1929 = ORIENTED_EDGE ( 'NONE', *, *, #2502, .F. ) ;
#1930 = CARTESIAN_POINT ( 'NONE',  ( -0.07000000000000000700, 0.005999999999999969800, 0.01600000000000004900 ) ) ;
#1931 = CARTESIAN_POINT ( 'NONE',  ( 0.1835858524518348400, 0.02401192327114892400, -0.03742640101761888400 ) ) ;
#1932 = CARTESIAN_POINT ( 'NONE',  ( 0.1830833740490079000, 0.02387728458889735300, 0.03599817203082832100 ) ) ;
#1933 = CARTESIAN_POINT ( 'NONE',  ( 0.1568390703895839700, 0.01858708264698416200, 0.06172633217640469800 ) ) ;
#1934 = CARTESIAN_POINT ( 'NONE',  ( 0.1428134486736807000, 0.01308699060950033200, 0.04700000000000006300 ) ) ;
#1935 =( LENGTH_UNIT ( ) NAMED_UNIT ( * ) SI_UNIT ( $, .METRE. ) );
#1936 = CARTESIAN_POINT ( 'NONE',  ( -0.1438500405667839100, 0.01336474456595445800, -0.05385096478902981500 ) ) ;
#1937 = LINE ( 'NONE', #3075, #3448 ) ;
#1938 = DIMENSIONAL_EXPONENTS ( 1.000000000000000000, 0.0000000000000000000, 0.0000000000000000000, 0.0000000000000000000, 0.0000000000000000000, 0.0000000000000000000, 0.0000000000000000000 ) ;
#1939 = EDGE_CURVE ( 'NONE', #613, #3284, #1419, .T. ) ;
#1940 = DIRECTION ( 'NONE',  ( -0.9659258262890680900, 0.2588190451025214100, 0.0000000000000000000 ) ) ;
#1941 =( CONVERSION_BASED_UNIT ( 'INCH', #3193 ) LENGTH_UNIT ( ) NAMED_UNIT ( #90 ) );
#1942 =( NAMED_UNIT ( * ) SI_UNIT ( $, .STERADIAN. ) SOLID_ANGLE_UNIT ( ) );
#1943 = CIRCLE ( 'NONE', #3563, 0.01968503937007874000 ) ;
#1944 = CARTESIAN_POINT ( 'NONE',  ( 0.1844353813235809500, 0.02423955384628019600, 0.03954323084818795600 ) ) ;
#1945 = CARTESIAN_POINT ( 'NONE',  ( 0.1551355555319929600, 0.01522363548712235200, 0.03227366782359544800 ) ) ;
#1946 = STYLED_ITEM ( 'NONE', ( #589 ), #3419 ) ;
#1947 = ORIENTED_EDGE ( 'NONE', *, *, #1532, .F. ) ;
#1948 = DIRECTION ( 'NONE',  ( 1.182917971378669600E-016, 3.169619151431774200E-017, 1.000000000000000000 ) ) ;
#1949 = DIRECTION ( 'NONE',  ( 0.0000000000000000000, 0.0000000000000000000, 1.000000000000000000 ) ) ;
#1950 = CARTESIAN_POINT ( 'NONE',  ( -0.1695564677599113700, 0.02025276097264245400, -0.06850429293550677800 ) ) ;
#1951 = CARTESIAN_POINT ( 'NONE',  ( -0.1546761943016616600, 0.02940133647786168400, 0.04067201956002123400 ) ) ;
#1952 = CARTESIAN_POINT ( 'NONE',  ( -0.1428134486736807000, 0.01308699060950033200, 0.04700000000000006300 ) ) ;
#1953 = FACE_OUTER_BOUND ( 'NONE', #2682, .T. ) ;
#1954 = CARTESIAN_POINT ( 'NONE',  ( 0.1672388651455729800, 0.03276749398526573900, -0.05332798043997889800 ) ) ;
#1955 = SURFACE_SIDE_STYLE ('',( #1476 ) ) ;
#1956 = EDGE_CURVE ( 'NONE', #887, #3516, #3581, .T. ) ;
#1957 =( GEOMETRIC_REPRESENTATION_CONTEXT ( 3 ) GLOBAL_UNCERTAINTY_ASSIGNED_CONTEXT ( ( #1460 ) ) GLOBAL_UNIT_ASSIGNED_CONTEXT ( ( #102, #85, #59 ) ) REPRESENTATION_CONTEXT ( 'NONE', 'WORKASPACE' ) );
#1958 = AXIS2_PLACEMENT_3D ( 'NONE', #699, #689, #673 ) ;
#1959 = ORIENTED_EDGE ( 'NONE', *, *, #340, .F. ) ;
#1960 = CARTESIAN_POINT ( 'NONE',  ( 0.1791056961341458100, 0.02818749822255072600, 0.05332798043997891800 ) ) ;
#1961 = DIRECTION ( 'NONE',  ( 0.2588190451025215200, 0.9659258262890680900, -0.0000000000000000000 ) ) ;
#1962 = CARTESIAN_POINT ( 'NONE',  ( 0.07310582854123025300, -0.005591109915468817400, 0.01600000000000005200 ) ) ;
#1963 = COLOUR_RGB ( '',1.000000000000000000, 0.8039215686274510100, 0.4941176470588235500 ) ;
#1964 = ORIENTED_EDGE ( 'NONE', *, *, #185, .T. ) ;
#1965 = CARTESIAN_POINT ( 'NONE',  ( -0.1639028465827197800, 0.01873787774390259600, -0.04699999999999888300 ) ) ;
#1966 = CARTESIAN_POINT ( 'NONE',  ( 0.1856694771526362100, 0.02457022882956828900, -0.04700000000000005600 ) ) ;
#1967 = ADVANCED_FACE ( 'NONE', ( #2846 ), #176, .T. ) ;
#1968 = SURFACE_STYLE_USAGE ( .BOTH. , #2248 ) ;
#1969 = CARTESIAN_POINT ( 'NONE',  ( -0.1466892150844986700, 0.01950152830383892000, -0.05332798043997891100 ) ) ;
#1970 = ORIENTED_EDGE ( 'NONE', *, *, #2051, .F. ) ;
#1971 = ORIENTED_EDGE ( 'NONE', *, *, #1272, .T. ) ;
#1972 = ORIENTED_EDGE ( 'NONE', *, *, #1744, .F. ) ;
#1973 = PLANE ( 'NONE',  #2028 ) ;
#1974 = MECHANICAL_DESIGN_GEOMETRIC_PRESENTATION_REPRESENTATION (  '', ( #1014 ), #2158 ) ;
#1975 = PRESENTATION_LAYER_ASSIGNMENT (  '', '', ( #1785 ) ) ;
#1976 = CARTESIAN_POINT ( 'NONE',  ( 0.1501298696105227400, 0.01504741968682979900, 0.06376545426434512800 ) ) ;
#1977 = AXIS2_PLACEMENT_3D ( 'NONE', #1538, #3522, #1827 ) ;
#1978 = VERTEX_POINT ( 'NONE', #259 ) ;
#1979 =( CONVERSION_BASED_UNIT ( 'INCH', #2859 ) LENGTH_UNIT ( ) NAMED_UNIT ( #1229 ) );
#1980 = DIRECTION ( 'NONE',  ( -0.9659258262890679800, -0.2588190451025216800, 0.0000000000000000000 ) ) ;
#1981 = CARTESIAN_POINT ( 'NONE',  ( 0.1696087432648070200, 0.02026676815196314400, -0.06866205366293380600 ) ) ;
#1982 = UNCERTAINTY_MEASURE_WITH_UNIT (LENGTH_MEASURE( 1.000000000000000100E-005 ), #741, 'distance_accuracy_value', 'NONE');
#1983 = CARTESIAN_POINT ( 'NONE',  ( 0.1492725953844383800, 0.01830367271251573000, -0.04700000000000006300 ) ) ;
#1984 = EDGE_CURVE ( 'NONE', #666, #2775, #2809, .T. ) ;
#1985 = ORIENTED_EDGE ( 'NONE', *, *, #3432, .F. ) ;
#1986 = PRESENTATION_LAYER_ASSIGNMENT (  '', '', ( #1796 ) ) ;
#1987 = ORIENTED_EDGE ( 'NONE', *, *, #685, .F. ) ;
#1988 = FACE_OUTER_BOUND ( 'NONE', #767, .T. ) ;
#1989 = CARTESIAN_POINT ( 'NONE',  ( 0.1773087749150426800, 0.02232998541433787700, 0.06484039255592484500 ) ) ;
#1990 = LENGTH_MEASURE_WITH_UNIT ( LENGTH_MEASURE( 0.02539999999999999900 ), #1876 );
#1991 = ADVANCED_FACE ( 'NONE', ( #3233 ), #1486, .T. ) ;
#1992 = CARTESIAN_POINT ( 'NONE',  ( 0.1496274375683257800, 0.02530280207860692600, -0.04067201956002123400 ) ) ;
#1993 = FACE_OUTER_BOUND ( 'NONE', #2864, .T. ) ;
#1994 = CARTESIAN_POINT ( 'NONE',  ( -0.1428160201134655000, 0.01308767962053053100, 0.04558629667454669500 ) ) ;
#1995 = CARTESIAN_POINT ( 'NONE',  ( 0.1445674034030531000, 0.01355696135861289900, -0.05581638281432939300 ) ) ;
#1996 = PRESENTATION_LAYER_ASSIGNMENT (  '', '', ( #2891 ) ) ;
#1997 = EDGE_LOOP ( 'NONE', ( #2008, #1791, #2440, #55, #3275 ) ) ;
#1998 = SURFACE_SIDE_STYLE ('',( #1112 ) ) ;
#1999 = MECHANICAL_DESIGN_GEOMETRIC_PRESENTATION_REPRESENTATION (  '', ( #1237 ), #2190 ) ;
#2000 = CARTESIAN_POINT ( 'NONE',  ( -0.1557238596543343600, 0.01654632480153687300, 0.02663258524927420200 ) ) ;
#2001 = CARTESIAN_POINT ( 'NONE',  ( 0.07310582854123026700, -0.005591109915468814800, -0.01600000000000004200 ) ) ;
#2002 = CARTESIAN_POINT ( 'NONE',  ( -0.1854769149748960500, 0.02451863194703993900, 0.05049470343395314600 ) ) ;
#2003 = ADVANCED_FACE ( 'NONE', ( #3541 ), #126, .F. ) ;
#2004 = ORIENTED_EDGE ( 'NONE', *, *, #45, .T. ) ;
#2005 = EDGE_LOOP ( 'NONE', ( #1073, #319, #3031 ) ) ;
#2006 = EDGE_CURVE ( 'NONE', #1710, #1706, #1766, .T. ) ;
#2007 = CARTESIAN_POINT ( 'NONE',  ( -0.1609575297236173200, 0.03108441523156372400, 0.05332798043997891800 ) ) ;
#2008 = ORIENTED_EDGE ( 'NONE', *, *, #1888, .F. ) ;
#2009 = VERTEX_POINT ( 'NONE', #1484 ) ;
#2010 = CARTESIAN_POINT ( 'NONE',  ( -0.1633699731734308500, 0.02208105370647272700, -0.04700000000000006300 ) ) ;
#2011 = CARTESIAN_POINT ( 'NONE',  ( -0.1835858524518347000, 0.02401192327114888900, 0.03742640101761818300 ) ) ;
#2012 = DIRECTION ( 'NONE',  ( -0.2588190451025217400, 0.9659258262890680900, 0.0000000000000000000 ) ) ;
#2013 = CARTESIAN_POINT ( 'NONE',  ( -0.07310582854123028100, -0.005591109915468814800, 0.07800000000000000000 ) ) ;
#2014 = CARTESIAN_POINT ( 'NONE',  ( -0.1628856762417516800, 0.01846532777247516700, 0.06918523430891665400 ) ) ;
#2015 = VERTEX_POINT ( 'NONE', #1198 ) ;
#2016 = FACE_OUTER_BOUND ( 'NONE', #2585, .T. ) ;
#2017 = VERTEX_POINT ( 'NONE', #927 ) ;
#2018 = AXIS2_PLACEMENT_3D ( 'NONE', #1329, #3320, #1620 ) ;
#2019 =( GEOMETRIC_REPRESENTATION_CONTEXT ( 3 ) GLOBAL_UNCERTAINTY_ASSIGNED_CONTEXT ( ( #530 ) ) GLOBAL_UNIT_ASSIGNED_CONTEXT ( ( #1055, #3052, #1350 ) ) REPRESENTATION_CONTEXT ( 'NONE', 'WORKASPACE' ) );
#2020 = ADVANCED_FACE ( 'NONE', ( #3279 ), #2520, .T. ) ;
#2021 = ORIENTED_EDGE ( 'NONE', *, *, #314, .F. ) ;
#2022 =( NAMED_UNIT ( * ) SI_UNIT ( $, .STERADIAN. ) SOLID_ANGLE_UNIT ( ) );
#2023 = DIRECTION ( 'NONE',  ( -0.9659258262890679800, -0.2588190451025216800, 0.0000000000000000000 ) ) ;
#2024 = CARTESIAN_POINT ( 'NONE',  ( 0.1639028465827198400, 0.01873787774390250200, -0.01599999999999886200 ) ) ;
#2025 = CARTESIAN_POINT ( 'NONE',  ( -0.1428186170895420500, 0.01308837547817301600, 0.04984144634734259000 ) ) ;
#2026 = FACE_OUTER_BOUND ( 'NONE', #2611, .T. ) ;
#2027 = EDGE_CURVE ( 'NONE', #1257, #822, #1415, .T. ) ;
#2028 = AXIS2_PLACEMENT_3D ( 'NONE', #1866, #1580, #430 ) ;
#2029 =( NAMED_UNIT ( * ) PLANE_ANGLE_UNIT ( ) SI_UNIT ( $, .RADIAN. ) );
#2030 = CIRCLE ( 'NONE', #375, 0.004236220472440949800 ) ;
#2031 = CARTESIAN_POINT ( 'NONE',  ( 0.1639028465827198400, 0.01873787774390249900, -0.01600000000000002800 ) ) ;
#2032 = CARTESIAN_POINT ( 'NONE',  ( -0.1466691064876667100, 0.01412011100286511200, -0.03413842939722593100 ) ) ;
#2033 = VERTEX_POINT ( 'NONE', #347 ) ;
#2034 = CARTESIAN_POINT ( 'NONE',  ( 0.1576257156231048200, 0.02451175727244900600, -0.06621491822377283100 ) ) ;
#2035 = CARTESIAN_POINT ( 'NONE',  ( -0.1623775049890052400, 0.02578499539564486600, -0.02778508177622731800 ) ) ;
#2036 = SURFACE_STYLE_USAGE ( .BOTH. , #10 ) ;
#2037 = CARTESIAN_POINT ( 'NONE',  ( 0.1428134486740990900, 0.01308699060793902400, 0.04700000000000006300 ) ) ;
#2038 = ADVANCED_FACE ( 'NONE', ( #636 ), #269, .F. ) ;
#2039 = VECTOR ( 'NONE', #621, 39.37007874015748100 ) ;
#2040 = VECTOR ( 'NONE', #2297, 39.37007874015748100 ) ;
#2041 = STYLED_ITEM ( 'NONE', ( #781 ), #1694 ) ;
#2042 = COLOUR_RGB ( '',1.000000000000000000, 0.8039215686274510100, 0.4941176470588235500 ) ;
#2043 =( NAMED_UNIT ( * ) PLANE_ANGLE_UNIT ( ) SI_UNIT ( $, .RADIAN. ) );
#2044 = CARTESIAN_POINT ( 'NONE',  ( -0.1424340780307524200, 0.01919699563455608300, 0.04700000000000006300 ) ) ;
#2045 = CIRCLE ( 'NONE', #843, 0.01023622047244094100 ) ;
#2046 =( NAMED_UNIT ( * ) PLANE_ANGLE_UNIT ( ) SI_UNIT ( $, .RADIAN. ) );
#2047 = VERTEX_POINT ( 'NONE', #1312 ) ;
#2048 = CARTESIAN_POINT ( 'NONE',  ( 0.1623775049890052400, 0.02578499539564483100, -0.02778508177622729400 ) ) ;
#2049 =( LENGTH_UNIT ( ) NAMED_UNIT ( * ) SI_UNIT ( $, .METRE. ) );
#2050 = CIRCLE ( 'NONE', #1242, 0.01023622047244094100 ) ;
#2051 = EDGE_CURVE ( 'NONE', #3388, #2316, #1045, .T. ) ;
#2052 = CARTESIAN_POINT ( 'NONE',  ( 0.07000000000000000700, 0.0000000000000000000, 0.0000000000000000000 ) ) ;
#2053 = AXIS2_PLACEMENT_3D ( 'NONE', #3194, #1492, #3475 ) ;
#2054 = EDGE_LOOP ( 'NONE', ( #3694, #3259, #446, #2595 ) ) ;
#2055 =( BOUNDED_SURFACE ( )  B_SPLINE_SURFACE ( 3, 3, ( 
 ( #1861, #524, #226, #2237 ),
 ( #240, #1954, #1685, #3536 ),
 ( #3523, #3237, #2976, #2964 ),
 ( #2681, #2662, #2386, #1828 ) ),
 .UNSPECIFIED., .F., .F., .F. ) 
 B_SPLINE_SURFACE_WITH_KNOTS ( ( 4, 4 ),
 ( 4, 4 ),
 ( 0.0000000000000000000, 1.000000000000000000 ),
 ( 0.0000000000000000000, 1.000000000000000000 ),
 .UNSPECIFIED. ) 
 GEOMETRIC_REPRESENTATION_ITEM ( )  RATIONAL_B_SPLINE_SURFACE ( (
 ( 1.000000000000000000, 0.9420348673768951200, 0.9420348673768951200, 1.000000000000000000),
 ( 0.7757257530573672400, 0.7307607069022390400, 0.7307607069022390400, 0.7757257530573672400),
 ( 0.7757257530573672400, 0.7307607069022390400, 0.7307607069022390400, 0.7757257530573672400),
 ( 1.000000000000000000, 0.9420348673768951200, 0.9420348673768951200, 1.000000000000000000) ) ) 
 REPRESENTATION_ITEM ( '' )  SURFACE ( )  );
#2056 = DIRECTION ( 'NONE',  ( 0.9659258262890680900, -0.2588190451025213500, -1.169881808018175200E-015 ) ) ;
#2057 = AXIS2_PLACEMENT_3D ( 'NONE', #2971, #2958, #2942 ) ;
#2058 = FILL_AREA_STYLE ('',( #2912 ) ) ;
#2059 = SURFACE_STYLE_USAGE ( .BOTH. , #34 ) ;
#2060 = DIMENSIONAL_EXPONENTS ( 1.000000000000000000, 0.0000000000000000000, 0.0000000000000000000, 0.0000000000000000000, 0.0000000000000000000, 0.0000000000000000000, 0.0000000000000000000 ) ;
#2061 = DIRECTION ( 'NONE',  ( -0.9659258262890677600, 0.2588190451025228500, 0.0000000000000000000 ) ) ;
#2062 = CARTESIAN_POINT ( 'NONE',  ( -0.1623278859655180900, 0.02597017611232081300, -0.04700000000000006300 ) ) ;
#2063 = CARTESIAN_POINT ( 'NONE',  ( -0.1424340780307523900, 0.01919699563455609700, -0.005062058058026662000 ) ) ;
#2064 =( NAMED_UNIT ( * ) PLANE_ANGLE_UNIT ( ) SI_UNIT ( $, .RADIAN. ) );
#2065 = ORIENTED_EDGE ( 'NONE', *, *, #2468, .T. ) ;
#2066 = FILL_AREA_STYLE ('',( #51 ) ) ;
#2067 = AXIS2_PLACEMENT_3D ( 'NONE', #1302, #3292, #1596 ) ;
#2068 = FILL_AREA_STYLE_COLOUR ( '', #3543 ) ;
#2069 = CARTESIAN_POINT ( 'NONE',  ( -0.1841165628816027200, 0.03036578378886401300, -0.002632174529194389400 ) ) ;
#2070 = CARTESIAN_POINT ( 'NONE',  ( 0.1799335956404845600, 0.02426590062619856900, 0.08012942142257530000 ) ) ;
#2071 =( GEOMETRIC_REPRESENTATION_CONTEXT ( 3 ) GLOBAL_UNCERTAINTY_ASSIGNED_CONTEXT ( ( #2635 ) ) GLOBAL_UNIT_ASSIGNED_CONTEXT ( ( #441, #2435, #728 ) ) REPRESENTATION_CONTEXT ( 'NONE', 'WORKASPACE' ) );
#2072 = CARTESIAN_POINT ( 'NONE',  ( -0.1456491488892807900, 0.01384681419224713400, -0.04700000000000006300 ) ) ;
#2073 = SURFACE_STYLE_FILL_AREA ( #3539 ) ;
#2074 = FILL_AREA_STYLE_COLOUR ( '', #3188 ) ;
#2075 = CARTESIAN_POINT ( 'NONE',  ( -0.1673760162107690900, 0.03991384338808996000, -0.03874325112191569200 ) ) ;
#2076 = CARTESIAN_POINT ( 'NONE',  ( 0.07000000000000000700, 0.005999999999999997500, -0.01533419328487058000 ) ) ;
#2077 = VECTOR ( 'NONE', #3520, 39.37007874015748100 ) ;
#2078 = VECTOR ( 'NONE', #2830, 39.37007874015748100 ) ;
#2079 = STYLED_ITEM ( 'NONE', ( #188 ), #278 ) ;
#2080 = ORIENTED_EDGE ( 'NONE', *, *, #1510, .F. ) ;
#2081 = FILL_AREA_STYLE ('',( #1233 ) ) ;
#2082 = CARTESIAN_POINT ( 'NONE',  ( -0.1633699731734308800, 0.02208105370647272400, 0.03240532056881397600 ) ) ;
#2083 = CARTESIAN_POINT ( 'NONE',  ( -0.1492725953844384100, 0.01830367271251572400, 0.01781064113762794600 ) ) ;
#2084 = FACE_OUTER_BOUND ( 'NONE', #3695, .T. ) ;
#2085 = CYLINDRICAL_SURFACE ( 'NONE', #2940, 0.03100000000000002100 ) ;
#2086 =( NAMED_UNIT ( * ) SI_UNIT ( $, .STERADIAN. ) SOLID_ANGLE_UNIT ( ) );
#2087 = FILL_AREA_STYLE_COLOUR ( '', #221 ) ;
#2088 =( BOUNDED_SURFACE ( )  B_SPLINE_SURFACE ( 3, 3, ( 
 ( #1207, #2629, #914, #2928 ),
 ( #1216, #3206, #1507, #3486 ),
 ( #1794, #50, #2075, #348 ),
 ( #2344, #646, #2642, #929 ) ),
 .UNSPECIFIED., .F., .F., .F. ) 
 B_SPLINE_SURFACE_WITH_KNOTS ( ( 4, 4 ),
 ( 4, 4 ),
 ( 0.0000000000000000000, 1.000000000000000000 ),
 ( 0.0000000000000000000, 1.000000000000000000 ),
 .UNSPECIFIED. ) 
 GEOMETRIC_REPRESENTATION_ITEM ( )  RATIONAL_B_SPLINE_SURFACE ( (
 ( 1.000000000000000000, 0.9420348673768952400, 0.9420348673768952400, 1.000000000000000000),
 ( 0.7757257530573673500, 0.7307607069022392700, 0.7307607069022392700, 0.7757257530573673500),
 ( 0.7757257530573673500, 0.7307607069022392700, 0.7307607069022392700, 0.7757257530573673500),
 ( 1.000000000000000000, 0.9420348673768952400, 0.9420348673768952400, 1.000000000000000000) ) ) 
 REPRESENTATION_ITEM ( '' )  SURFACE ( )  );
#2089 = COLOUR_RGB ( '',1.000000000000000000, 0.8039215686274510100, 0.4941176470588235500 ) ;
#2090 = SURFACE_STYLE_FILL_AREA ( #2383 ) ;
#2091 = CARTESIAN_POINT ( 'NONE',  ( 0.07155291427061515100, 0.0002044450422655908300, 0.01600000000000004200 ) ) ;
#2092 = PRESENTATION_LAYER_ASSIGNMENT (  '', '', ( #1523 ) ) ;
#2093 = CARTESIAN_POINT ( 'NONE',  ( -0.07155291427061515100, 0.0002044450422655972600, 0.07800000000000000000 ) ) ;
#2094 =( BOUNDED_SURFACE ( )  B_SPLINE_SURFACE ( 3, 3, ( 
 ( #268, #3424, #1726, #3700 ),
 ( #2007, #277, #2287, #577 ),
 ( #2579, #865, #2879, #1160 ),
 ( #3153, #1455, #3438, #1739 ) ),
 .UNSPECIFIED., .F., .F., .F. ) 
 B_SPLINE_SURFACE_WITH_KNOTS ( ( 4, 4 ),
 ( 4, 4 ),
 ( 0.0000000000000000000, 1.000000000000000000 ),
 ( 0.0000000000000000000, 1.000000000000000000 ),
 .UNSPECIFIED. ) 
 GEOMETRIC_REPRESENTATION_ITEM ( )  RATIONAL_B_SPLINE_SURFACE ( (
 ( 1.000000000000000000, 0.9420348673768951200, 0.9420348673768951200, 1.000000000000000000),
 ( 0.7757257530573672400, 0.7307607069022390400, 0.7307607069022390400, 0.7757257530573672400),
 ( 0.7757257530573672400, 0.7307607069022390400, 0.7307607069022390400, 0.7757257530573672400),
 ( 1.000000000000000000, 0.9420348673768951200, 0.9420348673768951200, 1.000000000000000000) ) ) 
 REPRESENTATION_ITEM ( '' )  SURFACE ( )  );
#2095 = SURFACE_SIDE_STYLE ('',( #3192 ) ) ;
#2096 = DIRECTION ( 'NONE',  ( 0.2588190451025216800, -0.9659258262890680900, 0.0000000000000000000 ) ) ;
#2097 = DIMENSIONAL_EXPONENTS ( 1.000000000000000000, 0.0000000000000000000, 0.0000000000000000000, 0.0000000000000000000, 0.0000000000000000000, 0.0000000000000000000, 0.0000000000000000000 ) ;
#2098 = CARTESIAN_POINT ( 'NONE',  ( -0.1774673509624233900, 0.02585843470042970700, 0.01781064113762787600 ) ) ;
#2099 = ORIENTED_EDGE ( 'NONE', *, *, #754, .T. ) ;
#2100 = VERTEX_POINT ( 'NONE', #3016 ) ;
#2101 = CARTESIAN_POINT ( 'NONE',  ( 0.1538063640131546700, 0.02141124267390014400, 0.06621491822377280300 ) ) ;
#2102 = CARTESIAN_POINT ( 'NONE',  ( -0.07000000000000000700, -0.006000000000000000100, 0.07800000000000000000 ) ) ;
#2103 = EDGE_LOOP ( 'NONE', ( #1480, #1587, #2508, #1271 ) ) ;
#2104 =( NAMED_UNIT ( * ) PLANE_ANGLE_UNIT ( ) SI_UNIT ( $, .RADIAN. ) );
#2105 = ORIENTED_EDGE ( 'NONE', *, *, #784, .T. ) ;
#2106 =( LENGTH_UNIT ( ) NAMED_UNIT ( * ) SI_UNIT ( $, .METRE. ) );
#2107 = CIRCLE ( 'NONE', #3300, 0.01459467943118608100 ) ;
#2108 = CARTESIAN_POINT ( 'NONE',  ( -0.07000000000000000700, 0.0000000000000000000, 0.07800000000000000000 ) ) ;
#2109 =( NAMED_UNIT ( * ) PLANE_ANGLE_UNIT ( ) SI_UNIT ( $, .RADIAN. ) );
#2110 = FILL_AREA_STYLE ('',( #76 ) ) ;
#2111 = DIMENSIONAL_EXPONENTS ( 1.000000000000000000, 0.0000000000000000000, 0.0000000000000000000, 0.0000000000000000000, 0.0000000000000000000, 0.0000000000000000000, 0.0000000000000000000 ) ;
#2112 = CARTESIAN_POINT ( 'NONE',  ( 0.1515836178269698900, 0.01702261681971246900, 0.02778508177622731800 ) ) ;
#2113 = AXIS2_PLACEMENT_3D ( 'NONE', #1524, #3507, #1814 ) ;
#2114 = DIRECTION ( 'NONE',  ( 0.9659258262890680900, -0.2588190451025218500, 0.0000000000000000000 ) ) ;
#2115 = CARTESIAN_POINT ( 'NONE',  ( -0.1623278859655180900, 0.02597017611232081300, -0.04700000000000006300 ) ) ;
#2116 = SURFACE_STYLE_USAGE ( .BOTH. , #87 ) ;
#2117 = APPLICATION_CONTEXT ( 'automotive_design' ) ;
#2118 = STYLED_ITEM ( 'NONE', ( #3070 ), #2814 ) ;
#2119 = PRESENTATION_STYLE_ASSIGNMENT (( #26 ) ) ;
#2120 = FILL_AREA_STYLE ('',( #2687 ) ) ;
#2121 =( LENGTH_UNIT ( ) NAMED_UNIT ( * ) SI_UNIT ( $, .METRE. ) );
#2122 = CARTESIAN_POINT ( 'NONE',  ( -0.1634080012417073700, 0.02193913102355125500, -0.03227366782359544100 ) ) ;
#2123 = FACE_OUTER_BOUND ( 'NONE', #2774, .T. ) ;
#2124 = DIRECTION ( 'NONE',  ( -0.9659258262890677600, 0.2588190451025228500, 0.0000000000000000000 ) ) ;
#2125 = EDGE_CURVE ( 'NONE', #822, #2359, #1206, .T. ) ;
#2126 = CARTESIAN_POINT ( 'NONE',  ( -0.07310582854123028100, -0.005591109915468813100, -0.07800000000000000000 ) ) ;
#2127 = CARTESIAN_POINT ( 'NONE',  ( 0.1829430192539159000, 0.03005133372154261000, -0.04700000000000006300 ) ) ;
#2128 = CARTESIAN_POINT ( 'NONE',  ( -0.1479330318784047600, 0.01569137540880861200, -0.08012942142257543900 ) ) ;
#2129 = VECTOR ( 'NONE', #2717, 39.37007874015748100 ) ;
#2130 = LINE ( 'NONE', #2151, #3555 ) ;
#2131 = COLOUR_RGB ( '',1.000000000000000000, 0.8039215686274510100, 0.4941176470588235500 ) ;
#2132 = PRESENTATION_STYLE_ASSIGNMENT (( #452 ) ) ;
#2133 = PRESENTATION_LAYER_ASSIGNMENT (  '', '', ( #1568 ) ) ;
#2134 = CARTESIAN_POINT ( 'NONE',  ( 0.07000000000000000700, -0.006000000000000001900, -0.07800000000000000000 ) ) ;
#2135 = CARTESIAN_POINT ( 'NONE',  ( 0.1829430192539159600, 0.03005133372154261000, 0.08893794194197340900 ) ) ;
#2136 = PRESENTATION_STYLE_ASSIGNMENT (( #227 ) ) ;
#2137 = AXIS2_PLACEMENT_3D ( 'NONE', #2908, #593, #1199 ) ;
#2138 =( CONVERSION_BASED_UNIT ( 'INCH', #125 ) LENGTH_UNIT ( ) NAMED_UNIT ( #48 ) );
#2139 = UNCERTAINTY_MEASURE_WITH_UNIT (LENGTH_MEASURE( 1.000000000000000100E-005 ), #1741, 'distance_accuracy_value', 'NONE');
#2140 = DIRECTION ( 'NONE',  ( 0.2588190451025229000, 0.9659258262890677600, 0.0000000000000000000 ) ) ;
#2141 = FACE_OUTER_BOUND ( 'NONE', #576, .T. ) ;
#2142 = DIRECTION ( 'NONE',  ( 0.0000000000000000000, 0.0000000000000000000, 1.000000000000000000 ) ) ;
#2143 = STYLED_ITEM ( 'NONE', ( #1021 ), #2295 ) ;
#2144 = ORIENTED_EDGE ( 'NONE', *, *, #2555, .F. ) ;
#2145 = DIRECTION ( 'NONE',  ( 0.9659258262890680900, -0.2588190451025215200, 0.0000000000000000000 ) ) ;
#2146 = FILL_AREA_STYLE_COLOUR ( '', #2588 ) ;
#2147 = CARTESIAN_POINT ( 'NONE',  ( -0.07000000000000000700, 0.0000000000000000000, 0.07800000000000000000 ) ) ;
#2148 =( CONVERSION_BASED_UNIT ( 'INCH', #1345 ) LENGTH_UNIT ( ) NAMED_UNIT ( #1802 ) );
#2149 = EDGE_CURVE ( 'NONE', #2017, #1529, #2564, .T. ) ;
#2150 = AXIS2_PLACEMENT_3D ( 'NONE', #1549, #1282, #1258 ) ;
#2151 = CARTESIAN_POINT ( 'NONE',  ( 0.1639028465827198400, 0.01873787774390249900, 0.07800000000000000000 ) ) ;
#2152 = DIRECTION ( 'NONE',  ( 0.0000000000000000000, 0.0000000000000000000, 1.000000000000000000 ) ) ;
#2153 = DIRECTION ( 'NONE',  ( 0.2588190451025215200, 0.9659258262890680900, -0.0000000000000000000 ) ) ;
#2154 =( NAMED_UNIT ( * ) PLANE_ANGLE_UNIT ( ) SI_UNIT ( $, .RADIAN. ) );
#2155 = COLOUR_RGB ( '',1.000000000000000000, 0.8039215686274510100, 0.4941176470588235500 ) ;
#2156 =( LENGTH_UNIT ( ) NAMED_UNIT ( * ) SI_UNIT ( $, .METRE. ) );
#2157 = DIMENSIONAL_EXPONENTS ( 1.000000000000000000, 0.0000000000000000000, 0.0000000000000000000, 0.0000000000000000000, 0.0000000000000000000, 0.0000000000000000000, 0.0000000000000000000 ) ;
#2158 =( GEOMETRIC_REPRESENTATION_CONTEXT ( 3 ) GLOBAL_UNCERTAINTY_ASSIGNED_CONTEXT ( ( #928 ) ) GLOBAL_UNIT_ASSIGNED_CONTEXT ( ( #1358, #3345, #1643 ) ) REPRESENTATION_CONTEXT ( 'NONE', 'WORKASPACE' ) );
#2159 = MECHANICAL_DESIGN_GEOMETRIC_PRESENTATION_REPRESENTATION (  '', ( #1785 ), #2336 ) ;
#2160 = STYLED_ITEM ( 'NONE', ( #2338 ), #1545 ) ;
#2161 = DIRECTION ( 'NONE',  ( -0.9659258262890680900, -0.2588190451025215200, 1.169881808018175200E-015 ) ) ;
#2162 = DIRECTION ( 'NONE',  ( 0.9659258262890679800, 0.2588190451025216300, 0.0000000000000000000 ) ) ;
#2163 = LINE ( 'NONE', #2677, #552 ) ;
#2164 = VECTOR ( 'NONE', #1670, 39.37007874015748100 ) ;
#2165 = DIRECTION ( 'NONE',  ( 1.000000000000000000, 0.0000000000000000000, 0.0000000000000000000 ) ) ;
#2166 = CARTESIAN_POINT ( 'NONE',  ( 0.07000000000000000700, -0.006000000000000000100, 0.01600000000000004900 ) ) ;
#2167 = ORIENTED_EDGE ( 'NONE', *, *, #1149, .T. ) ;
#2168 = UNCERTAINTY_MEASURE_WITH_UNIT (LENGTH_MEASURE( 1.000000000000000100E-005 ), #2148, 'distance_accuracy_value', 'NONE');
#2169 = MECHANICAL_DESIGN_GEOMETRIC_PRESENTATION_REPRESENTATION (  '', ( #1796 ), #2347 ) ;
#2170 = SURFACE_SIDE_STYLE ('',( #3334 ) ) ;
#2171 = DIRECTION ( 'NONE',  ( -0.0000000000000000000, -0.0000000000000000000, -1.000000000000000000 ) ) ;
#2172 = DIRECTION ( 'NONE',  ( -0.2588190451025215200, 0.9659258262890680900, -0.0000000000000000000 ) ) ;
#2173 = SURFACE_STYLE_USAGE ( .BOTH. , #153 ) ;
#2174 = SURFACE_SIDE_STYLE ('',( #963 ) ) ;
#2175 = COLOUR_RGB ( '',1.000000000000000000, 0.8039215686274510100, 0.4941176470588235500 ) ;
#2176 = CARTESIAN_POINT ( 'NONE',  ( -0.1707728864236331100, 0.02232063740079146700, -0.06172633217640468400 ) ) ;
#2177 = DIRECTION ( 'NONE',  ( 0.2588190451025215200, 0.9659258262890680900, -0.0000000000000000000 ) ) ;
#2178 = DIMENSIONAL_EXPONENTS ( 1.000000000000000000, 0.0000000000000000000, 0.0000000000000000000, 0.0000000000000000000, 0.0000000000000000000, 0.0000000000000000000, 0.0000000000000000000 ) ;
#2179 = ORIENTED_EDGE ( 'NONE', *, *, #541, .T. ) ;
#2180 = STYLED_ITEM ( 'NONE', ( #3364 ), #1416 ) ;
#2181 = CARTESIAN_POINT ( 'NONE',  ( -0.1828598572846589200, 0.03393786491689935300, 0.05525674887808446100 ) ) ;
#2182 = DIRECTION ( 'NONE',  ( -0.9659258262890680900, -0.2588190451025215200, 0.0000000000000000000 ) ) ;
#2183 = CARTESIAN_POINT ( 'NONE',  ( 0.1774673509624233600, 0.02585843470042971000, -0.04700000000000005600 ) ) ;
#2184 = STYLED_ITEM ( 'NONE', ( #1064 ), #3689 ) ;
#2185 = ORIENTED_EDGE ( 'NONE', *, *, #15, .F. ) ;
#2186 = FACE_OUTER_BOUND ( 'NONE', #3653, .T. ) ;
#2187 = CARTESIAN_POINT ( 'NONE',  ( 0.1817427903790546600, 0.03023983873174638700, -0.08671685518007658800 ) ) ;
#2188 = DIRECTION ( 'NONE',  ( 1.000000000000000000, -0.0000000000000000000, 0.0000000000000000000 ) ) ;
#2189 =( CONVERSION_BASED_UNIT ( 'INCH', #1908 ) LENGTH_UNIT ( ) NAMED_UNIT ( #3592 ) );
#2190 =( GEOMETRIC_REPRESENTATION_CONTEXT ( 3 ) GLOBAL_UNCERTAINTY_ASSIGNED_CONTEXT ( ( #3030 ) ) GLOBAL_UNIT_ASSIGNED_CONTEXT ( ( #2813, #1100, #3092 ) ) REPRESENTATION_CONTEXT ( 'NONE', 'WORKASPACE' ) );
#2191 = VERTEX_POINT ( 'NONE', #2443 ) ;
#2192 = ORIENTED_EDGE ( 'NONE', *, *, #3174, .F. ) ;
#2193 = VERTEX_POINT ( 'NONE', #3591 ) ;
#2194 = DIRECTION ( 'NONE',  ( 1.000000000000000000, -1.778546870875171200E-015, 0.0000000000000000000 ) ) ;
#2195 = CIRCLE ( 'NONE', #1958, 0.01904313772181161900 ) ;
#2196 = CARTESIAN_POINT ( 'NONE',  ( 0.1492725953844384100, 0.01830367271251572000, -0.04700000000000005600 ) ) ;
#2197 = CARTESIAN_POINT ( 'NONE',  ( -0.1439336274264406700, 0.02104144939140570300, 0.08508627544362330800 ) ) ;
#2198 = DIMENSIONAL_EXPONENTS ( 1.000000000000000000, 0.0000000000000000000, 0.0000000000000000000, 0.0000000000000000000, 0.0000000000000000000, 0.0000000000000000000, 0.0000000000000000000 ) ;
#2199 = FILL_AREA_STYLE_COLOUR ( '', #815 ) ;
#2200 = CARTESIAN_POINT ( 'NONE',  ( 0.1615298895695069200, 0.01810204582853830100, -0.02481873041162529000 ) ) ;
#2201 = CARTESIAN_POINT ( 'NONE',  ( 0.1673760162107690900, 0.03991384338808996000, 0.03874325112191569200 ) ) ;
#2202 = EDGE_LOOP ( 'NONE', ( #3037, #3527, #623, #2779, #298, #1176 ) ) ;
#2203 = UNCERTAINTY_MEASURE_WITH_UNIT (LENGTH_MEASURE( 1.000000000000000100E-005 ), #954, 'distance_accuracy_value', 'NONE');
#2204 = CARTESIAN_POINT ( 'NONE',  ( 0.1846328852612065500, 0.02429247486686895000, 0.04014903521097098300 ) ) ;
#2205 = SURFACE_STYLE_FILL_AREA ( #2945 ) ;
#2206 = UNCERTAINTY_MEASURE_WITH_UNIT (LENGTH_MEASURE( 1.000000000000000100E-005 ), #2939, 'distance_accuracy_value', 'NONE');
#2207 = PRESENTATION_LAYER_ASSIGNMENT (  '', '', ( #1835 ) ) ;
#2208 = CARTESIAN_POINT ( 'NONE',  ( 0.1492725953844383800, 0.01830367271251573400, 0.01781064113762788700 ) ) ;
#2209 = PLANE ( 'NONE',  #387 ) ;
#2210 = CARTESIAN_POINT ( 'NONE',  ( -0.1841165628816027700, 0.03036578378886400200, 0.09136782547080585200 ) ) ;
#2211 = DIRECTION ( 'NONE',  ( -1.000000000000000000, 0.0000000000000000000, -0.0000000000000000000 ) ) ;
#2212 = CARTESIAN_POINT ( 'NONE',  ( 0.1851628096435824500, 0.02443446767717615000, -0.04143662668090082600 ) ) ;
#2213 = CARTESIAN_POINT ( 'NONE',  ( 0.1850077238629864700, 0.02439291256750788700, 0.04148362877706555200 ) ) ;
#2214 = CARTESIAN_POINT ( 'NONE',  ( 0.1609575297236173200, 0.03108441523156371000, 0.05332798043997891100 ) ) ;
#2215 = CIRCLE ( 'NONE', #498, 0.01459467943118608100 ) ;
#2216 = LINE ( 'NONE', #1777, #1469 ) ;
#2217 = EDGE_CURVE ( 'NONE', #1617, #1710, #1722, .T. ) ;
#2218 = PRESENTATION_LAYER_ASSIGNMENT (  '', '', ( #1849 ) ) ;
#2219 = LENGTH_MEASURE_WITH_UNIT ( LENGTH_MEASURE( 0.02539999999999999900 ), #853 );
#2220 = CARTESIAN_POINT ( 'NONE',  ( 0.1856694771522179300, 0.02457022883112959900, 0.002632174529194329100 ) ) ;
#2221 =( NAMED_UNIT ( * ) PLANE_ANGLE_UNIT ( ) SI_UNIT ( $, .RADIAN. ) );
#2222 = CARTESIAN_POINT ( 'NONE',  ( -0.1453995517789826400, 0.01377993484392608900, -0.05800182796917079800 ) ) ;
#2223 = FACE_BOUND ( 'NONE', #2518, .T. ) ;
#2224 = CARTESIAN_POINT ( 'NONE',  ( 0.1623278859655180900, 0.02597017611232081300, 0.04700000000000006300 ) ) ;
#2225 =( NAMED_UNIT ( * ) SI_UNIT ( $, .STERADIAN. ) SOLID_ANGLE_UNIT ( ) );
#2226 = CARTESIAN_POINT ( 'NONE',  ( -0.1492725953844383800, 0.01830367271251573000, 0.07618935886237222800 ) ) ;
#2227 = VERTEX_POINT ( 'NONE', #1896 ) ;
#2228 =( BOUNDED_CURVE ( )  B_SPLINE_CURVE ( 3, ( #950, #2676, #1220, #933 ),
 .UNSPECIFIED., .F., .F. ) 
 B_SPLINE_CURVE_WITH_KNOTS ( ( 4, 4 ),
 ( 0.0000000000000000000, 1.000000000000000000 ),
 .UNSPECIFIED. ) 
 CURVE ( )  GEOMETRIC_REPRESENTATION_ITEM ( )  RATIONAL_B_SPLINE_CURVE ( ( 1.000000000000000000, 0.3333333333333332000, 0.3333333333333332000, 1.000000000000000000 ) ) 
 REPRESENTATION_ITEM ( '' )  );
#2229 = FACE_OUTER_BOUND ( 'NONE', #292, .T. ) ;
#2230 = FILL_AREA_STYLE ('',( #1667 ) ) ;
#2231 = CARTESIAN_POINT ( 'NONE',  ( -0.1714441488184039700, 0.02075856358783308500, -0.06790628271859104600 ) ) ;
#2232 = CARTESIAN_POINT ( 'NONE',  ( -0.1551355555319929600, 0.01522363548712236100, 0.03227366782359544800 ) ) ;
#2233 = CARTESIAN_POINT ( 'NONE',  ( -0.1856694771522178500, 0.02457022883112959900, 0.09136782547080572700 ) ) ;
#2234 = ORIENTED_EDGE ( 'NONE', *, *, #3315, .T. ) ;
#2235 = VERTEX_POINT ( 'NONE', #750 ) ;
#2236 = CARTESIAN_POINT ( 'NONE',  ( 0.1856694771526362100, 0.02457022882956828900, 0.04700000000000006900 ) ) ;
#2237 = CARTESIAN_POINT ( 'NONE',  ( 0.1739298971459620500, 0.02025956414486002100, -0.06172633217640468400 ) ) ;
#2238 =( LENGTH_UNIT ( ) NAMED_UNIT ( * ) SI_UNIT ( $, .METRE. ) );
#2239 = EDGE_CURVE ( 'NONE', #394, #1137, #2459, .T. ) ;
#2240 = AXIS2_PLACEMENT_3D ( 'NONE', #2062, #332, #2330 ) ;
#2241 = CARTESIAN_POINT ( 'NONE',  ( 0.1672388651455729800, 0.03276749398526576000, 0.05332798043997889800 ) ) ;
#2242 = ADVANCED_FACE ( 'NONE', ( #3141, #2373 ), #3040, .F. ) ;
#2243 = PLANE ( 'NONE',  #29 ) ;
#2244 = CYLINDRICAL_SURFACE ( 'NONE', #3514, 0.01200000000000000200 ) ;
#2245 = DIRECTION ( 'NONE',  ( -0.0000000000000000000, -0.0000000000000000000, -1.000000000000000000 ) ) ;
#2246 = CARTESIAN_POINT ( 'NONE',  ( 0.1854769149748961000, 0.02451863194703992800, -0.05049470343395370100 ) ) ;
#2247 = UNCERTAINTY_MEASURE_WITH_UNIT (LENGTH_MEASURE( 1.000000000000000100E-005 ), #525, 'distance_accuracy_value', 'NONE');
#2248 = SURFACE_SIDE_STYLE ('',( #2918 ) ) ;
#2249 = CARTESIAN_POINT ( 'NONE',  ( -0.1546761943016616600, 0.02940133647786168800, -0.04067201956002123400 ) ) ;
#2250 = LINE ( 'NONE', #3370, #2164 ) ;
#2251 = ORIENTED_EDGE ( 'NONE', *, *, #362, .T. ) ;
#2252 = FILL_AREA_STYLE_COLOUR ( '', #3114 ) ;
#2253 = CARTESIAN_POINT ( 'NONE',  ( 0.1536981379681014700, 0.01600353431162054500, 0.06633132842986638700 ) ) ;
#2254 = COLOUR_RGB ( '',1.000000000000000000, 0.8039215686274510100, 0.4941176470588235500 ) ;
#2255 =( NAMED_UNIT ( * ) SI_UNIT ( $, .STERADIAN. ) SOLID_ANGLE_UNIT ( ) );
#2256 = AXIS2_PLACEMENT_3D ( 'NONE', #1605, #3580, #1887 ) ;
#2257 = SURFACE_SIDE_STYLE ('',( #1319 ) ) ;
#2258 = CARTESIAN_POINT ( 'NONE',  ( 0.1628856762417522400, 0.01846532777247532000, -0.06918523430891693200 ) ) ;
#2259 = FILL_AREA_STYLE_COLOUR ( '', #279 ) ;
#2260 = ADVANCED_FACE ( 'NONE', ( #1068 ), #2919, .F. ) ;
#2261 = DIRECTION ( 'NONE',  ( 0.9659258262890676500, -0.2588190451025229600, -1.589339925513299200E-016 ) ) ;
#2262 = LENGTH_MEASURE_WITH_UNIT ( LENGTH_MEASURE( 0.02539999999999999900 ), #3338 );
#2263 = FACE_OUTER_BOUND ( 'NONE', #979, .T. ) ;
#2264 = EDGE_CURVE ( 'NONE', #983, #2009, #3639, .T. ) ;
#2265 = CARTESIAN_POINT ( 'NONE',  ( 0.1818138193403227900, 0.02353710842995804900, 0.05986157060277085700 ) ) ;
#2266 = CARTESIAN_POINT ( 'NONE',  ( 0.1609575297236173200, 0.03108441523156371000, -0.04067201956002123400 ) ) ;
#2267 = ORIENTED_EDGE ( 'NONE', *, *, #3365, .F. ) ;
#2268 = CARTESIAN_POINT ( 'NONE',  ( -0.1428134486740990900, 0.01308699060793902400, 0.04700000000000005600 ) ) ;
#2269 = CARTESIAN_POINT ( 'NONE',  ( 0.1428186170895420800, 0.01308837547817301300, -0.04984144634734170900 ) ) ;
#2270 = DIRECTION ( 'NONE',  ( 0.0000000000000000000, 0.0000000000000000000, 1.000000000000000000 ) ) ;
#2271 =( LENGTH_UNIT ( ) NAMED_UNIT ( * ) SI_UNIT ( $, .METRE. ) );
#2272 = STYLED_ITEM ( 'NONE', ( #2430 ), #3123 ) ;
#2273 = ORIENTED_EDGE ( 'NONE', *, *, #2970, .T. ) ;
#2274 = ORIENTED_EDGE ( 'NONE', *, *, #2282, .F. ) ;
#2275 = MECHANICAL_DESIGN_GEOMETRIC_PRESENTATION_REPRESENTATION (  '', ( #1523 ), #2458 ) ;
#2276 = FILL_AREA_STYLE ('',( #818 ) ) ;
#2277 = ADVANCED_FACE ( 'NONE', ( #702 ), #1600, .F. ) ;
#2278 = ORIENTED_EDGE ( 'NONE', *, *, #1984, .F. ) ;
#2279 = CARTESIAN_POINT ( 'NONE',  ( -0.1615298895695098100, 0.01810204582853908500, 0.02481873041162526900 ) ) ;
#2280 = CARTESIAN_POINT ( 'NONE',  ( -0.1846328852612064700, 0.02429247486686893900, 0.05385096478902914900 ) ) ;
#2281 = FACE_OUTER_BOUND ( 'NONE', #435, .T. ) ;
#2282 = EDGE_CURVE ( 'NONE', #3398, #2591, #3293, .T. ) ;
#2283 = ORIENTED_EDGE ( 'NONE', *, *, #2525, .F. ) ;
#2284 = EDGE_CURVE ( 'NONE', #983, #2359, #333, .T. ) ;
#2285 = COLOUR_RGB ( '',1.000000000000000000, 0.8039215686274510100, 0.4941176470588235500 ) ;
#2286 = CIRCLE ( 'NONE', #252, 0.01459467943118608100 ) ;
#2287 = CARTESIAN_POINT ( 'NONE',  ( -0.1736604839337969100, 0.03174243744389465500, 0.05332798043997889800 ) ) ;
#2288 = FACE_OUTER_BOUND ( 'NONE', #1343, .T. ) ;
#2289 = DIRECTION ( 'NONE',  ( 0.9659258262890680900, -0.2588190451025213500, 0.0000000000000000000 ) ) ;
#2290 = CARTESIAN_POINT ( 'NONE',  ( -0.1851628096435824200, 0.02443446767717615000, 0.04143662668090138100 ) ) ;
#2291 = FILL_AREA_STYLE ('',( #3426 ) ) ;
#2292 = DIRECTION ( 'NONE',  ( -1.000000000000000000, 0.0000000000000000000, 0.0000000000000000000 ) ) ;
#2293 = STYLED_ITEM ( 'NONE', ( #2478 ), #2889 ) ;
#2294 = CARTESIAN_POINT ( 'NONE',  ( -0.1589264580680829200, 0.01740445846018199800, 0.06850429293550632000 ) ) ;
#2295 = ADVANCED_FACE ( 'NONE', ( #2536 ), #246, .T. ) ;
#2296 = AXIS2_PLACEMENT_3D ( 'NONE', #353, #2352, #653 ) ;
#2297 = DIRECTION ( 'NONE',  ( -1.000000000000000000, -0.0000000000000000000, 0.0000000000000000000 ) ) ;
#2298 = PRESENTATION_LAYER_ASSIGNMENT (  '', '', ( #2118 ) ) ;
#2299 = CIRCLE ( 'NONE', #2240, 0.01904313772181160200 ) ;
#2300 = DIRECTION ( 'NONE',  ( -0.2588190451025215200, 0.9659258262890680900, -0.0000000000000000000 ) ) ;
#2301 = CARTESIAN_POINT ( 'NONE',  ( -0.1576257156231048200, 0.02451175727244904100, -0.06621491822377280300 ) ) ;
#2302 = CARTESIAN_POINT ( 'NONE',  ( 0.07310582854123026700, -0.005591109915468819200, -0.07800000000000000000 ) ) ;
#2303 = CARTESIAN_POINT ( 'NONE',  ( -0.1639028465827197800, 0.01873787774390259600, -0.01599999999999886900 ) ) ;
#2304 = VERTEX_POINT ( 'NONE', #3124 ) ;
#2305 = EDGE_CURVE ( 'NONE', #3306, #983, #657, .T. ) ;
#2306 = EDGE_LOOP ( 'NONE', ( #257, #1309, #3604, #661 ) ) ;
#2307 = ADVANCED_FACE ( 'NONE', ( #2941 ), #1268, .T. ) ;
#2308 = CARTESIAN_POINT ( 'NONE',  ( 0.1412605344034839300, 0.01888254556567343200, 0.04700000000000006300 ) ) ;
#2309 = CARTESIAN_POINT ( 'NONE',  ( -0.1448970733761550700, 0.01364529616167437000, -0.03742640101761722500 ) ) ;
#2310 = VERTEX_POINT ( 'NONE', #1558 ) ;
#2311 = CARTESIAN_POINT ( 'NONE',  ( 0.1405628328110793100, 0.02260441136696421400, -0.05525674887808448100 ) ) ;
#2312 = CARTESIAN_POINT ( 'NONE',  ( -0.1538063640131546700, 0.02141124267390016500, -0.02778508177622732500 ) ) ;
#2313 =( CONVERSION_BASED_UNIT ( 'INCH', #779 ) LENGTH_UNIT ( ) NAMED_UNIT ( #773 ) );
#2314 = CARTESIAN_POINT ( 'NONE',  ( -0.1841165628820210800, 0.03036578378730269600, 0.04700000000000005600 ) ) ;
#2316 = VERTEX_POINT ( 'NONE', #113 ) ;
#2315 = MECHANICAL_DESIGN_GEOMETRIC_PRESENTATION_REPRESENTATION (  '', ( #1568 ), #2509 ) ;
#2317 = VERTEX_POINT ( 'NONE', #2134 ) ;
#2318 = MECHANICAL_DESIGN_GEOMETRIC_PRESENTATION_REPRESENTATION (  '', ( #1946 ), #2510 ) ;
#2319 = PRESENTATION_LAYER_ASSIGNMENT (  '', '', ( #2143 ) ) ;
#2320 = CARTESIAN_POINT ( 'NONE',  ( -0.1841165628816027700, 0.03036578378886398800, 0.002632174529194346500 ) ) ;
#2321 =( NAMED_UNIT ( * ) PLANE_ANGLE_UNIT ( ) SI_UNIT ( $, .RADIAN. ) );
#2322 = ORIENTED_EDGE ( 'NONE', *, *, #706, .F. ) ;
#2323 = CARTESIAN_POINT ( 'NONE',  ( -0.1922936329270657800, 0.03255682309981521000, -0.04699999999999888300 ) ) ;
#2324 = DIMENSIONAL_EXPONENTS ( 1.000000000000000000, 0.0000000000000000000, 0.0000000000000000000, 0.0000000000000000000, 0.0000000000000000000, 0.0000000000000000000, 0.0000000000000000000 ) ;
#2325 = PRESENTATION_LAYER_ASSIGNMENT (  '', '', ( #2079 ) ) ;
#2326 = CARTESIAN_POINT ( 'NONE',  ( 0.1841165628816027700, 0.03036578378886398800, -0.002632174529194346500 ) ) ;
#2327 = DIRECTION ( 'NONE',  ( 0.0000000000000000000, 1.000000000000000000, 0.0000000000000000000 ) ) ;
#2328 = SURFACE_STYLE_USAGE ( .BOTH. , #328 ) ;
#2329 =( CONVERSION_BASED_UNIT ( 'INCH', #1512 ) LENGTH_UNIT ( ) NAMED_UNIT ( #1321 ) );
#2330 = DIRECTION ( 'NONE',  ( 0.9659258262890680900, -0.2588190451025214600, 0.0000000000000000000 ) ) ;
#2331 = ORIENTED_EDGE ( 'NONE', *, *, #1127, .F. ) ;
#2332 = CARTESIAN_POINT ( 'NONE',  ( -0.1829430192539159600, 0.03005133372154262000, -0.04700000000000006300 ) ) ;
#2333 = VECTOR ( 'NONE', #1718, 39.37007874015748900 ) ;
#2334 = SURFACE_SIDE_STYLE ('',( #1377 ) ) ;
#2335 = COLOUR_RGB ( '',1.000000000000000000, 0.8039215686274510100, 0.4941176470588235500 ) ;
#2336 =( GEOMETRIC_REPRESENTATION_CONTEXT ( 3 ) GLOBAL_UNCERTAINTY_ASSIGNED_CONTEXT ( ( #3460 ) ) GLOBAL_UNIT_ASSIGNED_CONTEXT ( ( #834, #2845, #1132 ) ) REPRESENTATION_CONTEXT ( 'NONE', 'WORKASPACE' ) );
#2337 = PRESENTATION_LAYER_ASSIGNMENT (  '', '', ( #2160 ) ) ;
#2338 = PRESENTATION_STYLE_ASSIGNMENT (( #2385 ) ) ;
#2339 = DIRECTION ( 'NONE',  ( 0.0000000000000000000, 0.0000000000000000000, 1.000000000000000000 ) ) ;
#2340 = CARTESIAN_POINT ( 'NONE',  ( 0.1479330318784047000, 0.01569137540880860500, 0.04700000000000006900 ) ) ;
#2341 = CARTESIAN_POINT ( 'NONE',  ( -0.1828337769366178100, 0.02381040524838278600, -0.008503640305183364500 ) ) ;
#2342 = DIMENSIONAL_EXPONENTS ( 1.000000000000000000, 0.0000000000000000000, 0.0000000000000000000, 0.0000000000000000000, 0.0000000000000000000, 0.0000000000000000000, 0.0000000000000000000 ) ;
#2343 = CARTESIAN_POINT ( 'NONE',  ( 0.07000000000000000700, 0.005999999999999997500, 0.01600000000000004900 ) ) ;
#2344 = CARTESIAN_POINT ( 'NONE',  ( -0.1761064747648767600, 0.02359349653232860300, -0.02778508177622731800 ) ) ;
#2345 = PLANE ( 'NONE',  #862 ) ;
#2346 = UNCERTAINTY_MEASURE_WITH_UNIT (LENGTH_MEASURE( 1.000000000000000100E-005 ), #1660, 'distance_accuracy_value', 'NONE');
#2347 =( GEOMETRIC_REPRESENTATION_CONTEXT ( 3 ) GLOBAL_UNCERTAINTY_ASSIGNED_CONTEXT ( ( #95 ) ) GLOBAL_UNIT_ASSIGNED_CONTEXT ( ( #738, #462, #447 ) ) REPRESENTATION_CONTEXT ( 'NONE', 'WORKASPACE' ) );
#2348 = ORIENTED_EDGE ( 'NONE', *, *, #2419, .F. ) ;
#2349 = CARTESIAN_POINT ( 'NONE',  ( 0.1433792542216359700, 0.01996036019956385800, 0.04700000000000004900 ) ) ;
#2350 = SURFACE_STYLE_USAGE ( .BOTH. , #2365 ) ;
#2351 =( BOUNDED_SURFACE ( )  B_SPLINE_SURFACE ( 3, 3, ( 
 ( #3083, #3376, #1679, #3656 ),
 ( #1960, #231, #2241, #528 ),
 ( #2528, #817, #2825, #1115 ),
 ( #3101, #1408, #3390, #1691 ) ),
 .UNSPECIFIED., .F., .F., .F. ) 
 B_SPLINE_SURFACE_WITH_KNOTS ( ( 4, 4 ),
 ( 4, 4 ),
 ( 0.0000000000000000000, 1.000000000000000000 ),
 ( 0.0000000000000000000, 1.000000000000000000 ),
 .UNSPECIFIED. ) 
 GEOMETRIC_REPRESENTATION_ITEM ( )  RATIONAL_B_SPLINE_SURFACE ( (
 ( 1.000000000000000000, 0.9420348673768952400, 0.9420348673768952400, 1.000000000000000000),
 ( 0.7757257530573672400, 0.7307607069022391500, 0.7307607069022391500, 0.7757257530573672400),
 ( 0.7757257530573672400, 0.7307607069022391500, 0.7307607069022391500, 0.7757257530573672400),
 ( 1.000000000000000000, 0.9420348673768952400, 0.9420348673768952400, 1.000000000000000000) ) ) 
 REPRESENTATION_ITEM ( '' )  SURFACE ( )  );
#2352 = DIRECTION ( 'NONE',  ( 0.0000000000000000000, 0.0000000000000000000, 1.000000000000000000 ) ) ;
#2353 = FILL_AREA_STYLE_COLOUR ( '', #2972 ) ;
#2354 = FILL_AREA_STYLE_COLOUR ( '', #2989 ) ;
#2355 = ORIENTED_EDGE ( 'NONE', *, *, #564, .F. ) ;
#2356 = ORIENTED_EDGE ( 'NONE', *, *, #516, .T. ) ;
#2357 = CARTESIAN_POINT ( 'NONE',  ( 0.1479330318784047600, 0.01569137540880861900, -0.08012942142257539800 ) ) ;
#2358 = CARTESIAN_POINT ( 'NONE',  ( -0.07000000000000000700, -2.667820306312757000E-018, -0.07800000000000000000 ) ) ;
#2359 = VERTEX_POINT ( 'NONE', #420 ) ;
#2360 = CARTESIAN_POINT ( 'NONE',  ( 0.1639028465827198400, 0.01873787774390250200, -0.07799999999999890400 ) ) ;
#2361 = AXIS2_PLACEMENT_3D ( 'NONE', #369, #2367, #664 ) ;
#2362 = AXIS2_PLACEMENT_3D ( 'NONE', #615, #2612, #899 ) ;
#2363 = CARTESIAN_POINT ( 'NONE',  ( 0.1433792542216360000, 0.01996036019956385800, 0.007283144819923518900 ) ) ;
#2364 = CIRCLE ( 'NONE', #3055, 0.004236220472440934200 ) ;
#2365 = SURFACE_SIDE_STYLE ('',( #2090 ) ) ;
#2366 =( LENGTH_UNIT ( ) NAMED_UNIT ( * ) SI_UNIT ( $, .METRE. ) );
#2367 = DIRECTION ( 'NONE',  ( 0.0000000000000000000, -1.000000000000000000, 0.0000000000000000000 ) ) ;
#2368 = VERTEX_POINT ( 'NONE', #2711 ) ;
#2369 = STYLED_ITEM ( 'NONE', ( #2434 ), #2580 ) ;
#2370 =( NAMED_UNIT ( * ) SI_UNIT ( $, .STERADIAN. ) SOLID_ANGLE_UNIT ( ) );
#2371 = CIRCLE ( 'NONE', #3021, 0.01199999999999996700 ) ;
#2372 = LINE ( 'NONE', #3470, #3053 ) ;
#2373 = FACE_BOUND ( 'NONE', #622, .T. ) ;
#2374 = CARTESIAN_POINT ( 'NONE',  ( 0.1591801297522013600, 0.03771776223025954200, 0.05525674887808444000 ) ) ;
#2375 = SURFACE_STYLE_FILL_AREA ( #882 ) ;
#2376 = DIRECTION ( 'NONE',  ( 0.0000000000000000000, -0.0000000000000000000, -1.000000000000000000 ) ) ;
#2377 = DIMENSIONAL_EXPONENTS ( 1.000000000000000000, 0.0000000000000000000, 0.0000000000000000000, 0.0000000000000000000, 0.0000000000000000000, 0.0000000000000000000, 0.0000000000000000000 ) ;
#2378 =( LENGTH_UNIT ( ) NAMED_UNIT ( * ) SI_UNIT ( $, .METRE. ) );
#2379 = STYLED_ITEM ( 'NONE', ( #1208 ), #223 ) ;
#2380 = VERTEX_POINT ( 'NONE', #2410 ) ;
#2381 = CARTESIAN_POINT ( 'NONE',  ( -0.1401641198655446700, 0.02297442032741993000, -0.04700000000000006300 ) ) ;
#2382 = UNCERTAINTY_MEASURE_WITH_UNIT (LENGTH_MEASURE( 1.000000000000000100E-005 ), #3222, 'distance_accuracy_value', 'NONE');
#2383 = FILL_AREA_STYLE ('',( #2973 ) ) ;
#2384 = DIRECTION ( 'NONE',  ( 0.0000000000000000000, 0.0000000000000000000, 1.000000000000000000 ) ) ;
#2385 = SURFACE_STYLE_USAGE ( .BOTH. , #385 ) ;
#2386 = CARTESIAN_POINT ( 'NONE',  ( 0.1707728864236330900, 0.02232063740079143900, -0.03227366782359544800 ) ) ;
#2387 =( NAMED_UNIT ( * ) PLANE_ANGLE_UNIT ( ) SI_UNIT ( $, .RADIAN. ) );
#2388 = PRESENTATION_STYLE_ASSIGNMENT (( #458 ) ) ;
#2389 = MECHANICAL_DESIGN_GEOMETRIC_PRESENTATION_REPRESENTATION (  '', ( #1835 ), #2589 ) ;
#2390 = CYLINDRICAL_SURFACE ( 'NONE', #1867, 0.01199999999999996700 ) ;
#2391 = VECTOR ( 'NONE', #1089, 39.37007874015748100 ) ;
#2392 = SURFACE_STYLE_USAGE ( .BOTH. , #2402 ) ;
#2393 = STYLED_ITEM ( 'NONE', ( #287 ), #2260 ) ;
#2394 = DIRECTION ( 'NONE',  ( 0.9659258262890680900, -0.2588190451025214600, 0.0000000000000000000 ) ) ;
#2395 = CARTESIAN_POINT ( 'NONE',  ( -0.1633699731734308500, 0.02208105370647272000, 0.04700000000000006300 ) ) ;
#2396 =( CONVERSION_BASED_UNIT ( 'INCH', #3573 ) LENGTH_UNIT ( ) NAMED_UNIT ( #1534 ) );
#2397 = DIMENSIONAL_EXPONENTS ( 1.000000000000000000, 0.0000000000000000000, 0.0000000000000000000, 0.0000000000000000000, 0.0000000000000000000, 0.0000000000000000000, 0.0000000000000000000 ) ;
#2398 = ORIENTED_EDGE ( 'NONE', *, *, #875, .F. ) ;
#2399 = SURFACE_STYLE_USAGE ( .BOTH. , #406 ) ;
#2400 =( NAMED_UNIT ( * ) PLANE_ANGLE_UNIT ( ) SI_UNIT ( $, .RADIAN. ) );
#2401 = MECHANICAL_DESIGN_GEOMETRIC_PRESENTATION_REPRESENTATION (  '', ( #1849 ), #2603 ) ;
#2402 = SURFACE_SIDE_STYLE ('',( #1425 ) ) ;
#2403 = ORIENTED_EDGE ( 'NONE', *, *, #542, .F. ) ;
#2404 = CARTESIAN_POINT ( 'NONE',  ( -0.1639028465827197800, 0.01873787774390259600, -0.04699999999999888300 ) ) ;
#2405 = CARTESIAN_POINT ( 'NONE',  ( 0.1412605344030655500, 0.01888254556723473900, 0.09136782547080574100 ) ) ;
#2406 =( NAMED_UNIT ( * ) PLANE_ANGLE_UNIT ( ) SI_UNIT ( $, .RADIAN. ) );
#2407 = ORIENTED_EDGE ( 'NONE', *, *, #1074, .T. ) ;
#2408 = CARTESIAN_POINT ( 'NONE',  ( 0.1424340780307524200, 0.01919699563455609000, -0.005062058058026799000 ) ) ;
#2409 = CARTESIAN_POINT ( 'NONE',  ( -0.1828337769366178100, 0.02381040524838278300, -0.04700000000000006900 ) ) ;
#2410 = CARTESIAN_POINT ( 'NONE',  ( -0.1639028465827197800, 0.01873787774390259600, -0.01599999999999944900 ) ) ;
#2411 = CARTESIAN_POINT ( 'NONE',  ( 0.1424340780307523600, 0.01919699563455606500, 0.04700000000000006900 ) ) ;
#2412 = DIMENSIONAL_EXPONENTS ( 1.000000000000000000, 0.0000000000000000000, 0.0000000000000000000, 0.0000000000000000000, 0.0000000000000000000, 0.0000000000000000000, 0.0000000000000000000 ) ;
#2413 = PRESENTATION_LAYER_ASSIGNMENT (  '', '', ( #2041 ) ) ;
#2414 = CARTESIAN_POINT ( 'NONE',  ( 0.1633699731734308500, 0.02208105370647272000, -0.04700000000000006300 ) ) ;
#2415 = ORIENTED_EDGE ( 'NONE', *, *, #3392, .T. ) ;
#2416 = CARTESIAN_POINT ( 'NONE',  ( -0.07000000000000000700, -0.006000000000000000100, 0.07800000000000000000 ) ) ;
#2417 = SURFACE_STYLE_FILL_AREA ( #1806 ) ;
#2418 = PRESENTATION_STYLE_ASSIGNMENT (( #1519 ) ) ;
#2419 = EDGE_CURVE ( 'NONE', #1683, #3654, #378, .T. ) ;
#2420 =( GEOMETRIC_REPRESENTATION_CONTEXT ( 3 ) GLOBAL_UNCERTAINTY_ASSIGNED_CONTEXT ( ( #788 ) ) GLOBAL_UNIT_ASSIGNED_CONTEXT ( ( #2861, #2599, #2573 ) ) REPRESENTATION_CONTEXT ( 'NONE', 'WORKASPACE' ) );
#2421 = PRESENTATION_STYLE_ASSIGNMENT (( #368 ) ) ;
#2422 = FILL_AREA_STYLE_COLOUR ( '', #284 ) ;
#2423 = CARTESIAN_POINT ( 'NONE',  ( 0.1667888944592339800, 0.009321465760776890400, -0.04700000000000006300 ) ) ;
#2424 =( LENGTH_UNIT ( ) NAMED_UNIT ( * ) SI_UNIT ( $, .METRE. ) );
#2425 = ORIENTED_EDGE ( 'NONE', *, *, #2938, .T. ) ;
#2426 = CARTESIAN_POINT ( 'NONE',  ( -0.07310582854123028100, -0.005591109915468814800, 0.07800000000000000000 ) ) ;
#2427 = LINE ( 'NONE', #236, #1684 ) ;
#2428 = EDGE_CURVE ( 'NONE', #203, #3095, #1062, .T. ) ;
#2429 = CARTESIAN_POINT ( 'NONE',  ( -0.1667888944592339800, 0.009321465760776890400, 0.04700000000000006300 ) ) ;
#2430 = PRESENTATION_STYLE_ASSIGNMENT (( #2644 ) ) ;
#2431 = COLOUR_RGB ( '',1.000000000000000000, 0.8039215686274510100, 0.4941176470588235500 ) ;
#2432 = FACE_OUTER_BOUND ( 'NONE', #708, .T. ) ;
#2433 = B_SPLINE_CURVE_WITH_KNOTS ( 'NONE', 3,
 ( #2236, #2481, #3635, #2213, #2204, #1944, #1932, #1674, #1661, #1649, #1388, #1373, #1095, #1085, #1070, #802, #790, #782, #522, #508, #497, #484, #224, #209, #197, #1069, #3066, #2786, #2484, #130 ),
 .UNSPECIFIED., .F., .F.,
 ( 4, 1, 2, 2, 2, 1, 2, 2, 2, 1, 2, 2, 2, 1, 2, 2, 4 ),
 ( 0.0000000000000000000, 0.06249999999999938900, 0.09374999999999889000, 0.1249999999999983900, 0.2499999999999965000, 0.3124999999999955600, 0.3437499999999956700, 0.3749999999999957300, 0.4999999999999946200, 0.5624999999999946700, 0.5937499999999955600, 0.6249999999999963400, 0.7499999999999975600, 0.8124999999999983300, 0.8437499999999987800, 0.8749999999999991100, 1.000000000000000000 ),
 .UNSPECIFIED. ) ;
#2434 = PRESENTATION_STYLE_ASSIGNMENT (( #1355 ) ) ;
#2435 =( NAMED_UNIT ( * ) PLANE_ANGLE_UNIT ( ) SI_UNIT ( $, .RADIAN. ) );
#2436 = PRESENTATION_STYLE_ASSIGNMENT (( #381 ) ) ;
#2437 = CARTESIAN_POINT ( 'NONE',  ( 0.1623278859655180900, 0.02597017611232079300, -0.04700000000000006300 ) ) ;
#2438 = CARTESIAN_POINT ( 'NONE',  ( 0.1623278859655180900, 0.02597017611232081700, 0.06604313772181165400 ) ) ;
#2439 = STYLED_ITEM ( 'NONE', ( #2132 ), #2519 ) ;
#2440 = ORIENTED_EDGE ( 'NONE', *, *, #2125, .T. ) ;
#2441 = FILL_AREA_STYLE_COLOUR ( '', #1016 ) ;
#2442 = DIRECTION ( 'NONE',  ( 0.0000000000000000000, 0.0000000000000000000, 1.000000000000000000 ) ) ;
#2443 = CARTESIAN_POINT ( 'NONE',  ( -0.1623278859655180900, 0.02597017611232081700, -0.02795686227818846100 ) ) ;
#2444 = ORIENTED_EDGE ( 'NONE', *, *, #362, .F. ) ;
#2445 =( LENGTH_UNIT ( ) NAMED_UNIT ( * ) SI_UNIT ( $, .METRE. ) );
#2446 = DIRECTION ( 'NONE',  ( -0.0000000000000000000, -0.0000000000000000000, -1.000000000000000000 ) ) ;
#2447 = ORIENTED_EDGE ( 'NONE', *, *, #3294, .T. ) ;
#2448 =( CONVERSION_BASED_UNIT ( 'INCH', #1763 ) LENGTH_UNIT ( ) NAMED_UNIT ( #2977 ) );
#2449 =( LENGTH_UNIT ( ) NAMED_UNIT ( * ) SI_UNIT ( $, .METRE. ) );
#2450 = CARTESIAN_POINT ( 'NONE',  ( -0.1856694771522179000, 0.02457022883112959500, -0.04700000000000006900 ) ) ;
#2451 = CARTESIAN_POINT ( 'NONE',  ( -0.1807221445045954800, 0.03089890283323590600, -0.08508627544362322400 ) ) ;
#2452 = LINE ( 'NONE', #1274, #1715 ) ;
#2453 = AXIS2_PLACEMENT_3D ( 'NONE', #1509, #3487, #1795 ) ;
#2454 = CARTESIAN_POINT ( 'NONE',  ( -0.1673760162107691400, 0.03991384338808996000, 0.03874325112191566400 ) ) ;
#2455 = CARTESIAN_POINT ( 'NONE',  ( 0.1828598572846589200, 0.03393786491689935300, -0.03874325112191566400 ) ) ;
#2456 = CARTESIAN_POINT ( 'NONE',  ( -0.07000000000000000700, 0.005999999999999969800, 0.01600000000000004900 ) ) ;
#2457 = CIRCLE ( 'NONE', #2067, 0.006000000000000001000 ) ;
#2458 =( GEOMETRIC_REPRESENTATION_CONTEXT ( 3 ) GLOBAL_UNCERTAINTY_ASSIGNED_CONTEXT ( ( #3189 ) ) GLOBAL_UNIT_ASSIGNED_CONTEXT ( ( #1805, #56, #2086 ) ) REPRESENTATION_CONTEXT ( 'NONE', 'WORKASPACE' ) );
#2459 = CIRCLE ( 'NONE', #1261, 0.006000000000000001000 ) ;
#2460 = CARTESIAN_POINT ( 'NONE',  ( 0.1424340780307523900, 0.01919699563455609300, -0.04700000000000006300 ) ) ;
#2461 = CARTESIAN_POINT ( 'NONE',  ( 0.1434752019650039900, 0.01326430686531551200, -0.04148362877706577400 ) ) ;
#2462 =( NAMED_UNIT ( * ) SI_UNIT ( $, .STERADIAN. ) SOLID_ANGLE_UNIT ( ) );
#2463 = UNCERTAINTY_MEASURE_WITH_UNIT (LENGTH_MEASURE( 1.000000000000000100E-005 ), #1339, 'distance_accuracy_value', 'NONE');
#2464 = PRESENTATION_STYLE_ASSIGNMENT (( #1457 ) ) ;
#2465 = SURFACE_SIDE_STYLE ('',( #1003 ) ) ;
#2466 = ORIENTED_EDGE ( 'NONE', *, *, #1956, .F. ) ;
#2467 = UNCERTAINTY_MEASURE_WITH_UNIT (LENGTH_MEASURE( 1.000000000000000100E-005 ), #2189, 'distance_accuracy_value', 'NONE');
#2468 = EDGE_CURVE ( 'NONE', #2998, #613, #1831, .T. ) ;
#2469 = AXIS2_PLACEMENT_3D ( 'NONE', #3558, #3545, #3288 ) ;
#2470 = CARTESIAN_POINT ( 'NONE',  ( 0.07000000000000000700, -0.006000000000000000100, 0.07800000000000000000 ) ) ;
#2471 = CARTESIAN_POINT ( 'NONE',  ( 0.1799335956404845800, 0.02426590062619856500, -0.01387057857742475500 ) ) ;
#2472 = B_SPLINE_CURVE_WITH_KNOTS ( 'NONE', 3,
 ( #742, #1080, #1656, #3628, #1936, #204, #2222, #504, #2501, #796, #2804, #1091, #3084, #1384, #3369, #1669, #3642, #1950, #216, #2231, #515, #2514, #808, #2815, #1101, #3093, #1395, #3379, #1681, #3659 ),
 .UNSPECIFIED., .F., .F.,
 ( 4, 1, 2, 2, 2, 1, 2, 2, 2, 1, 2, 2, 2, 1, 2, 2, 4 ),
 ( 0.0000000000000000000, 0.06249999999999955600, 0.09374999999999952800, 0.1249999999999995000, 0.2499999999999990000, 0.3124999999999987800, 0.3437499999999982800, 0.3749999999999983900, 0.4999999999999972200, 0.5624999999999966700, 0.5937499999999970000, 0.6249999999999973400, 0.7499999999999977800, 0.8124999999999980000, 0.8437499999999982200, 0.8749999999999984500, 1.000000000000000000 ),
 .UNSPECIFIED. ) ;
#2473 = CARTESIAN_POINT ( 'NONE',  ( -0.1807221445045955100, 0.03089890283323588200, 0.04700000000000005600 ) ) ;
#2474 = FACE_BOUND ( 'NONE', #3000, .T. ) ;
#2475 = PLANE ( 'NONE',  #2738 ) ;
#2476 = CARTESIAN_POINT ( 'NONE',  ( 0.1676000319251587900, 0.01972853557067719100, -0.02500847078622707800 ) ) ;
#2477 = CARTESIAN_POINT ( 'NONE',  ( 0.1761064747648767600, 0.02359349653232860300, 0.02778508177622731800 ) ) ;
#2478 = PRESENTATION_STYLE_ASSIGNMENT (( #3122 ) ) ;
#2479 = SURFACE_STYLE_FILL_AREA ( #2276 ) ;
#2480 = SURFACE_STYLE_FILL_AREA ( #2081 ) ;
#2481 = CARTESIAN_POINT ( 'NONE',  ( 0.1856669057145249300, 0.02456953981229287300, 0.04558629667454717300 ) ) ;
#2482 = CIRCLE ( 'NONE', #1310, 0.01459467943118608100 ) ;
#2483 = COLOUR_RGB ( '',1.000000000000000000, 0.8039215686274510100, 0.4941176470588235500 ) ;
#2484 = CARTESIAN_POINT ( 'NONE',  ( 0.1428186170895420800, 0.01308837547817300600, 0.04415855365266969200 ) ) ;
#2485 = ORIENTED_EDGE ( 'NONE', *, *, #3533, .F. ) ;
#2486 = STYLED_ITEM ( 'NONE', ( #2421 ), #1465 ) ;
#2487 = CARTESIAN_POINT ( 'NONE',  ( 0.1774673509624233600, 0.02585843470042971700, 0.04700000000000006300 ) ) ;
#2488 = DIRECTION ( 'NONE',  ( 0.0000000000000000000, 0.0000000000000000000, 1.000000000000000000 ) ) ;
#2490 = SURFACE_STYLE_FILL_AREA ( #1402 ) ;
#2489 = DIMENSIONAL_EXPONENTS ( 1.000000000000000000, 0.0000000000000000000, 0.0000000000000000000, 0.0000000000000000000, 0.0000000000000000000, 0.0000000000000000000, 0.0000000000000000000 ) ;
#2491 = ORIENTED_EDGE ( 'NONE', *, *, #2916, .F. ) ;
#2492 = CARTESIAN_POINT ( 'NONE',  ( 0.1856694771526362100, 0.02457022882956828900, 0.04700000000000006900 ) ) ;
#2493 = CARTESIAN_POINT ( 'NONE',  ( 0.1856694771526362100, 0.02457022882956828900, -0.04700000000000005600 ) ) ;
#2494 = MECHANICAL_DESIGN_GEOMETRIC_PRESENTATION_REPRESENTATION (  '', ( #2118 ), #2696 ) ;
#2495 = ORIENTED_EDGE ( 'NONE', *, *, #2747, .F. ) ;
#2496 = DIRECTION ( 'NONE',  ( -0.9659258262890680900, -0.2588190451025213500, 0.0000000000000000000 ) ) ;
#2497 = VERTEX_POINT ( 'NONE', #719 ) ;
#2498 = CARTESIAN_POINT ( 'NONE',  ( 0.1496274375683258300, 0.02530280207860691500, 0.05332798043997890500 ) ) ;
#2499 = EDGE_CURVE ( 'NONE', #168, #1248, #2482, .T. ) ;
#2500 = MANIFOLD_SOLID_BREP ( 'Mirror2', #803 ) ;
#2501 = CARTESIAN_POINT ( 'NONE',  ( -0.1501298696105227100, 0.01504741968682978700, -0.06376545426434572500 ) ) ;
#2502 = EDGE_CURVE ( 'NONE', #464, #345, #3636, .T. ) ;
#2503 = DIRECTION ( 'NONE',  ( -0.9659258262890680900, -0.2588190451025214600, -8.965985653112928700E-016 ) ) ;
#2504 = CARTESIAN_POINT ( 'NONE',  ( -0.1568390703895839700, 0.01858708264698416900, 0.06172633217640469800 ) ) ;
#2505 = CARTESIAN_POINT ( 'NONE',  ( -0.1774673509624233600, 0.02585843470042971000, 0.04700000000000006300 ) ) ;
#2506 = DIRECTION ( 'NONE',  ( -0.2588190451025215200, 0.9659258262890680900, -0.0000000000000000000 ) ) ;
#2507 = FILL_AREA_STYLE_COLOUR ( '', #2905 ) ;
#2508 = ORIENTED_EDGE ( 'NONE', *, *, #1872, .T. ) ;
#2509 =( GEOMETRIC_REPRESENTATION_CONTEXT ( 3 ) GLOBAL_UNCERTAINTY_ASSIGNED_CONTEXT ( ( #1004 ) ) GLOBAL_UNIT_ASSIGNED_CONTEXT ( ( #1602, #3574, #1883 ) ) REPRESENTATION_CONTEXT ( 'NONE', 'WORKASPACE' ) );
#2510 =( GEOMETRIC_REPRESENTATION_CONTEXT ( 3 ) GLOBAL_UNCERTAINTY_ASSIGNED_CONTEXT ( ( #2756 ) ) GLOBAL_UNIT_ASSIGNED_CONTEXT ( ( #40, #2064, #335 ) ) REPRESENTATION_CONTEXT ( 'NONE', 'WORKASPACE' ) );
#2511 = SURFACE_STYLE_USAGE ( .BOTH. , #513 ) ;
#2512 = CARTESIAN_POINT ( 'NONE',  ( -0.1841165628820210800, 0.03036578378730269600, -0.04700000000000006900 ) ) ;
#2513 = SURFACE_STYLE_FILL_AREA ( #1227 ) ;
#2514 = CARTESIAN_POINT ( 'NONE',  ( -0.1773087749150433800, 0.02232998541433811300, -0.06484039255592286000 ) ) ;
#2515 = MECHANICAL_DESIGN_GEOMETRIC_PRESENTATION_REPRESENTATION (  '', ( #2143 ), #2718 ) ;
#2516 = CARTESIAN_POINT ( 'NONE',  ( 0.1623499323121047300, 0.02453343270163690200, -0.04699999999999888300 ) ) ;
#2517 = CARTESIAN_POINT ( 'NONE',  ( -0.1597662252102079700, 0.02096332007689595500, 0.03227366782359544800 ) ) ;
#2518 = EDGE_LOOP ( 'NONE', ( #1798, #450 ) ) ;
#2519 = ADVANCED_FACE ( 'NONE', ( #1738 ), #1316, .T. ) ;
#2520 =( BOUNDED_SURFACE ( )  B_SPLINE_SURFACE ( 3, 3, ( 
 ( #1792, #3266, #1565, #3547 ),
 ( #1855, #108, #2128, #416 ),
 ( #2409, #703, #2707, #994 ),
 ( #3001, #1285, #3277, #1579 ) ),
 .UNSPECIFIED., .F., .F., .F. ) 
 B_SPLINE_SURFACE_WITH_KNOTS ( ( 4, 4 ),
 ( 4, 4 ),
 ( 0.0000000000000000000, 1.000000000000000000 ),
 ( 0.0000000000000000000, 1.000000000000000000 ),
 .UNSPECIFIED. ) 
 GEOMETRIC_REPRESENTATION_ITEM ( )  RATIONAL_B_SPLINE_SURFACE ( (
 ( 1.000000000000000000, 0.3333333333333335400, 0.3333333333333335400, 1.000000000000000000),
 ( 0.9427141906301193000, 0.3142380635433733000, 0.3142380635433733000, 0.9427141906301193000),
 ( 0.9427141906301193000, 0.3142380635433733000, 0.3142380635433733000, 0.9427141906301193000),
 ( 1.000000000000000000, 0.3333333333333335400, 0.3333333333333335400, 1.000000000000000000) ) ) 
 REPRESENTATION_ITEM ( '' )  SURFACE ( )  );
#2521 = CARTESIAN_POINT ( 'NONE',  ( 0.1841165628820210800, 0.03036578378730269200, -0.04700000000000005600 ) ) ;
#2522 = VECTOR ( 'NONE', #2188, 39.37007874015748100 ) ;
#2523 = FILL_AREA_STYLE ('',( #3386 ) ) ;
#2524 =( NAMED_UNIT ( * ) PLANE_ANGLE_UNIT ( ) SI_UNIT ( $, .RADIAN. ) );
#2525 = EDGE_CURVE ( 'NONE', #1710, #3428, #2530, .T. ) ;
#2526 = VECTOR ( 'NONE', #2442, 39.37007874015748100 ) ;
#2527 = SURFACE_STYLE_USAGE ( .BOTH. , #242 ) ;
#2528 = CARTESIAN_POINT ( 'NONE',  ( 0.1791056961341458100, 0.02818749822255071900, 0.04067201956002122800 ) ) ;
#2529 = CARTESIAN_POINT ( 'NONE',  ( 0.1428160201134654700, 0.01308767962053051900, 0.04841370332545242400 ) ) ;
#2530 = LINE ( 'NONE', #2470, #325 ) ;
#2531 = SURFACE_SIDE_STYLE ('',( #3056 ) ) ;
#2532 = LENGTH_MEASURE_WITH_UNIT ( LENGTH_MEASURE( 0.02539999999999999900 ), #2661 );
#2533 = FILL_AREA_STYLE_COLOUR ( '', #740 ) ;
#2534 = CARTESIAN_POINT ( 'NONE',  ( -0.07000000000000000700, -0.006000000000000000100, -0.01600000000000003800 ) ) ;
#2535 = CARTESIAN_POINT ( 'NONE',  ( 0.1846328852612065500, 0.02429247486686895000, -0.05385096478902944000 ) ) ;
#2536 = FACE_OUTER_BOUND ( 'NONE', #390, .T. ) ;
#2537 = AXIS2_PLACEMENT_3D ( 'NONE', #398, #380, #120 ) ;
#2538 = ORIENTED_EDGE ( 'NONE', *, *, #564, .T. ) ;
#2539 = DIRECTION ( 'NONE',  ( -0.9659258262890677600, 0.2588190451025228500, 0.0000000000000000000 ) ) ;
#2540 = CARTESIAN_POINT ( 'NONE',  ( -0.1466892150844986700, 0.01950152830383892000, -0.04067201956002123400 ) ) ;
#2541 = ORIENTED_EDGE ( 'NONE', *, *, #339, .T. ) ;
#2542 = STYLED_ITEM ( 'NONE', ( #456 ), #1747 ) ;
#2543 = PRESENTATION_LAYER_ASSIGNMENT (  '', '', ( #2739 ) ) ;
#2544 = CARTESIAN_POINT ( 'NONE',  ( 0.1557238596543355200, 0.01654632480153717100, 0.06736741475072574600 ) ) ;
#2545 = ADVANCED_FACE ( 'NONE', ( #3290 ), #3678, .T. ) ;
#2546 = MECHANICAL_DESIGN_GEOMETRIC_PRESENTATION_REPRESENTATION (  '', ( #2160 ), #2740 ) ;
#2547 = CYLINDRICAL_SURFACE ( 'NONE', #876, 0.005999999999999975000 ) ;
#2548 = CARTESIAN_POINT ( 'NONE',  ( 0.1551355555319929600, 0.01522363548712235900, -0.06172633217640468400 ) ) ;
#2549 =( LENGTH_UNIT ( ) NAMED_UNIT ( * ) SI_UNIT ( $, .METRE. ) );
#2550 = CARTESIAN_POINT ( 'NONE',  ( 0.1589264580680837300, 0.01740445846018219600, -0.06850429293550672200 ) ) ;
#2551 = ORIENTED_EDGE ( 'NONE', *, *, #3597, .T. ) ;
#2552 = DIRECTION ( 'NONE',  ( 0.0000000000000000000, 0.0000000000000000000, 1.000000000000000000 ) ) ;
#2553 = ORIENTED_EDGE ( 'NONE', *, *, #1769, .T. ) ;
#2554 = CARTESIAN_POINT ( 'NONE',  ( 0.07000000000000000700, 0.005999999999999997500, -0.07800000000000000000 ) ) ;
#2555 = EDGE_CURVE ( 'NONE', #1025, #1865, #2045, .T. ) ;
#2556 = STYLED_ITEM ( 'NONE', ( #995 ), #574 ) ;
#2557 = CIRCLE ( 'NONE', #2469, 0.03100000000000002100 ) ;
#2558 = CARTESIAN_POINT ( 'NONE',  ( 0.1835858524518349200, 0.02401192327114893400, 0.05657359898238124900 ) ) ;
#2559 = CARTESIAN_POINT ( 'NONE',  ( 0.1568390703895839700, 0.01858708264698416900, -0.03227366782359544800 ) ) ;
#2560 = ORIENTED_EDGE ( 'NONE', *, *, #787, .F. ) ;
#2561 = CARTESIAN_POINT ( 'NONE',  ( -0.1434752019650038800, 0.01326430686531551200, 0.04148362877706492800 ) ) ;
#2562 = MECHANICAL_DESIGN_GEOMETRIC_PRESENTATION_REPRESENTATION (  '', ( #2891 ), #2758 ) ;
#2563 = CARTESIAN_POINT ( 'NONE',  ( -0.1856669057145248800, 0.02456953981229286600, 0.04841370332545294500 ) ) ;
#2564 = CIRCLE ( 'NONE', #675, 0.01459467943118608100 ) ;
#2565 = ADVANCED_FACE ( 'NONE', ( #3677 ), #2351, .F. ) ;
#2566 =( NAMED_UNIT ( * ) PLANE_ANGLE_UNIT ( ) SI_UNIT ( $, .RADIAN. ) );
#2567 = PRESENTATION_LAYER_ASSIGNMENT (  '', '', ( #2180 ) ) ;
#2568 = PRESENTATION_LAYER_ASSIGNMENT (  '', '', ( #2184 ) ) ;
#2569 = VERTEX_POINT ( 'NONE', #3368 ) ;
#2570 = SURFACE_STYLE_USAGE ( .BOTH. , #567 ) ;
#2571 = CARTESIAN_POINT ( 'NONE',  ( -0.1676000319251563000, 0.01972853557067651800, 0.02500847078622707100 ) ) ;
#2572 = CARTESIAN_POINT ( 'NONE',  ( 0.1633699731734308500, 0.02208105370647272700, 0.04700000000000006300 ) ) ;
#2573 =( NAMED_UNIT ( * ) SI_UNIT ( $, .STERADIAN. ) SOLID_ANGLE_UNIT ( ) );
#2574 = CARTESIAN_POINT ( 'NONE',  ( -0.1830833740490079000, 0.02387728458889736000, 0.05800182796917181800 ) ) ;
#2575 = COLOUR_RGB ( '',1.000000000000000000, 0.8039215686274510100, 0.4941176470588235500 ) ;
#2576 = VECTOR ( 'NONE', #3281, 39.37007874015748100 ) ;
#2577 = COLOUR_RGB ( '',1.000000000000000000, 0.8039215686274510100, 0.4941176470588235500 ) ;
#2578 = EDGE_CURVE ( 'NONE', #2380, #2033, #1697, .T. ) ;
#2579 = CARTESIAN_POINT ( 'NONE',  ( -0.1609575297236173200, 0.03108441523156372400, 0.04067201956002122800 ) ) ;
#2580 = ADVANCED_FACE ( 'NONE', ( #140 ), #2209, .T. ) ;
#2581 =( BOUNDED_SURFACE ( )  B_SPLINE_SURFACE ( 3, 3, ( 
 ( #2548, #833, #2842, #1131 ),
 ( #3119, #1422, #3403, #1704 ),
 ( #3679, #1992, #258, #2266 ),
 ( #557, #2559, #842, #2857 ) ),
 .UNSPECIFIED., .F., .F., .F. ) 
 B_SPLINE_SURFACE_WITH_KNOTS ( ( 4, 4 ),
 ( 4, 4 ),
 ( 0.0000000000000000000, 1.000000000000000000 ),
 ( 0.0000000000000000000, 1.000000000000000000 ),
 .UNSPECIFIED. ) 
 GEOMETRIC_REPRESENTATION_ITEM ( )  RATIONAL_B_SPLINE_SURFACE ( (
 ( 1.000000000000000000, 0.9420348673768949000, 0.9420348673768949000, 1.000000000000000000),
 ( 0.7757257530573673500, 0.7307607069022389300, 0.7307607069022389300, 0.7757257530573673500),
 ( 0.7757257530573673500, 0.7307607069022389300, 0.7307607069022389300, 0.7757257530573673500),
 ( 1.000000000000000000, 0.9420348673768949000, 0.9420348673768949000, 1.000000000000000000) ) ) 
 REPRESENTATION_ITEM ( '' )  SURFACE ( )  );
#2582 = CARTESIAN_POINT ( 'NONE',  ( -0.1412605344034839300, 0.01888254556567343200, -0.04700000000000006900 ) ) ;
#2583 = CARTESIAN_POINT ( 'NONE',  ( -0.1856694771526362100, 0.02457022882956828900, 0.04700000000000004900 ) ) ;
#2584 = CARTESIAN_POINT ( 'NONE',  ( -0.1628856762417522400, 0.01846532777247531000, -0.02481476569108320700 ) ) ;
#2585 = EDGE_LOOP ( 'NONE', ( #724, #1836, #112 ) ) ;
#2586 = CARTESIAN_POINT ( 'NONE',  ( -0.1570387770095850500, 0.01689865584498997600, 0.06790628271858968600 ) ) ;
#2587 = ORIENTED_EDGE ( 'NONE', *, *, #897, .F. ) ;
#2588 = COLOUR_RGB ( '',1.000000000000000000, 0.8039215686274510100, 0.4941176470588235500 ) ;
#2589 =( GEOMETRIC_REPRESENTATION_CONTEXT ( 3 ) GLOBAL_UNCERTAINTY_ASSIGNED_CONTEXT ( ( #2346 ) ) GLOBAL_UNIT_ASSIGNED_CONTEXT ( ( #1660, #3631, #1942 ) ) REPRESENTATION_CONTEXT ( 'NONE', 'WORKASPACE' ) );
#2590 = ORIENTED_EDGE ( 'NONE', *, *, #2828, .T. ) ;
#2591 = VERTEX_POINT ( 'NONE', #3073 ) ;
#2592 = ORIENTED_EDGE ( 'NONE', *, *, #81, .F. ) ;
#2593 = ORIENTED_EDGE ( 'NONE', *, *, #686, .T. ) ;
#2594 = AXIS2_PLACEMENT_3D ( 'NONE', #1635, #3613, #1919 ) ;
#2595 = ORIENTED_EDGE ( 'NONE', *, *, #2502, .T. ) ;
#2596 = EDGE_LOOP ( 'NONE', ( #2267, #1971, #1740, #31 ) ) ;
#2597 = FILL_AREA_STYLE ('',( #580 ) ) ;
#2598 = CARTESIAN_POINT ( 'NONE',  ( -0.1515836178269698900, 0.01702261681971245200, -0.06621491822377280300 ) ) ;
#2599 =( NAMED_UNIT ( * ) PLANE_ANGLE_UNIT ( ) SI_UNIT ( $, .RADIAN. ) );
#2600 = DIRECTION ( 'NONE',  ( 0.2588190451025228500, 0.9659258262890676500, 0.0000000000000000000 ) ) ;
#2601 = ADVANCED_FACE ( 'NONE', ( #565 ), #970, .T. ) ;
#2602 = EDGE_CURVE ( 'NONE', #293, #3352, #1735, .T. ) ;
#2603 =( GEOMETRIC_REPRESENTATION_CONTEXT ( 3 ) GLOBAL_UNCERTAINTY_ASSIGNED_CONTEXT ( ( #2168 ) ) GLOBAL_UNIT_ASSIGNED_CONTEXT ( ( #2148, #1305, #1012 ) ) REPRESENTATION_CONTEXT ( 'NONE', 'WORKASPACE' ) );
#2604 = SURFACE_STYLE_FILL_AREA ( #3129 ) ;
#2605 = FACE_OUTER_BOUND ( 'NONE', #1653, .T. ) ;
#2606 = CARTESIAN_POINT ( 'NONE',  ( -0.1439336274264407200, 0.02104144939140571000, 0.008913724556376904200 ) ) ;
#2607 = CARTESIAN_POINT ( 'NONE',  ( -0.1433201161844078800, 0.01322275175564724800, -0.04143662668090688400 ) ) ;
#2608 = PRESENTATION_STYLE_ASSIGNMENT (( #2173 ) ) ;
#2609 = CARTESIAN_POINT ( 'NONE',  ( 0.1509842432936335800, 0.03552168107242914500, -0.05525674887808449500 ) ) ;
#2610 =( NAMED_UNIT ( * ) SI_UNIT ( $, .STERADIAN. ) SOLID_ANGLE_UNIT ( ) );
#2611 = EDGE_LOOP ( 'NONE', ( #756, #533, #2683 ) ) ;
#2612 = DIRECTION ( 'NONE',  ( 0.2588190451025216300, -0.9659258262890680900, 0.0000000000000000000 ) ) ;
#2613 = CARTESIAN_POINT ( 'NONE',  ( -0.1412605344030656000, 0.01888254556723472900, 0.04700000000000005600 ) ) ;
#2614 = DIRECTION ( 'NONE',  ( -0.2588190451025216800, -0.9659258262890680900, 0.0000000000000000000 ) ) ;
#2615 = DIRECTION ( 'NONE',  ( -0.0000000000000000000, -0.0000000000000000000, -1.000000000000000000 ) ) ;
#2616 = LENGTH_MEASURE_WITH_UNIT ( LENGTH_MEASURE( 0.02539999999999999900 ), #2630 );
#2617 = SHAPE_REPRESENTATION_RELATIONSHIP ( 'NONE' , 'NONE' ,  #3431, #1545 ) ;
#2618 = EDGE_CURVE ( 'NONE', #1079, #1978, #360, .T. ) ;
#2619 = CARTESIAN_POINT ( 'NONE',  ( -0.1623278859655181100, 0.02597017611232080000, 0.06604313772181168200 ) ) ;
#2620 = MECHANICAL_DESIGN_GEOMETRIC_PRESENTATION_REPRESENTATION (  '', ( #3268 ), #2420 ) ;
#2621 = ORIENTED_EDGE ( 'NONE', *, *, #2264, .F. ) ;
#2622 = CARTESIAN_POINT ( 'NONE',  ( 0.1412605344030656000, 0.01888254556723472900, -0.04700000000000005600 ) ) ;
#2623 = AXIS2_PLACEMENT_3D ( 'NONE', #1275, #1259, #1243 ) ;
#2624 =( CONVERSION_BASED_UNIT ( 'INCH', #192 ) LENGTH_UNIT ( ) NAMED_UNIT ( #3357 ) );
#2625 =( NAMED_UNIT ( * ) SI_UNIT ( $, .STERADIAN. ) SOLID_ANGLE_UNIT ( ) );
#2626 = ORIENTED_EDGE ( 'NONE', *, *, #784, .F. ) ;
#2627 = CARTESIAN_POINT ( 'NONE',  ( 0.1633699731734308800, 0.02208105370647272400, -0.03240532056881397600 ) ) ;
#2628 = CARTESIAN_POINT ( 'NONE',  ( -0.1412605344030655500, 0.01888254556723473200, -0.002632174529194312200 ) ) ;
#2629 = CARTESIAN_POINT ( 'NONE',  ( -0.1719872071743819000, 0.02628278491666790800, -0.06621491822377283100 ) ) ;
#2630 =( LENGTH_UNIT ( ) NAMED_UNIT ( * ) SI_UNIT ( $, .METRE. ) );
#2631 = PRESENTATION_LAYER_ASSIGNMENT (  '', '', ( #1498 ) ) ;
#2632 = ORIENTED_EDGE ( 'NONE', *, *, #2125, .F. ) ;
#2633 = ORIENTED_EDGE ( 'NONE', *, *, #897, .T. ) ;
#2634 = AXIS2_PLACEMENT_3D ( 'NONE', #2437, #730, #2737 ) ;
#2635 = UNCERTAINTY_MEASURE_WITH_UNIT (LENGTH_MEASURE( 1.000000000000000100E-005 ), #441, 'distance_accuracy_value', 'NONE');
#2636 = DIRECTION ( 'NONE',  ( 0.0000000000000000000, 0.0000000000000000000, -1.000000000000000000 ) ) ;
#2637 = DIRECTION ( 'NONE',  ( 0.0000000000000000000, 0.0000000000000000000, -1.000000000000000000 ) ) ;
#2638 = CARTESIAN_POINT ( 'NONE',  ( 0.1828337769366177900, 0.02381040524838276900, 0.08549635969481667000 ) ) ;
#2639 = PRESENTATION_LAYER_ASSIGNMENT (  '', '', ( #2439 ) ) ;
#2640 = CARTESIAN_POINT ( 'NONE',  ( -0.1428134486736807000, 0.01308699060950033200, -0.04700000000000006300 ) ) ;
#2641 = DIRECTION ( 'NONE',  ( 1.000000000000000000, 0.0000000000000000000, 0.0000000000000000000 ) ) ;
#2642 = CARTESIAN_POINT ( 'NONE',  ( -0.1671292943549056700, 0.02705823351884069700, -0.02778508177622731800 ) ) ;
#2643 = ORIENTED_EDGE ( 'NONE', *, *, #2875, .T. ) ;
#2644 = SURFACE_STYLE_USAGE ( .BOTH. , #647 ) ;
#2645 = MECHANICAL_DESIGN_GEOMETRIC_PRESENTATION_REPRESENTATION (  '', ( #121 ), #1957 ) ;
#2646 = CARTESIAN_POINT ( 'NONE',  ( 0.1829430192539159600, 0.03005133372154262700, 0.005062058058026705300 ) ) ;
#2647 = CARTESIAN_POINT ( 'NONE',  ( -0.07000000000000000700, 0.005999999999999969800, 0.1093341932848706200 ) ) ;
#2648 = DIRECTION ( 'NONE',  ( -0.9659258262890679800, 0.2588190451025216300, -0.0000000000000000000 ) ) ;
#2649 = DIRECTION ( 'NONE',  ( 0.2588190451025229000, 0.9659258262890677600, 0.0000000000000000000 ) ) ;
#2651 = DIMENSIONAL_EXPONENTS ( 1.000000000000000000, 0.0000000000000000000, 0.0000000000000000000, 0.0000000000000000000, 0.0000000000000000000, 0.0000000000000000000, 0.0000000000000000000 ) ;
#2650 = CIRCLE ( 'NONE', #1088, 0.005999999999999975000 ) ;
#2652 = LENGTH_MEASURE_WITH_UNIT ( LENGTH_MEASURE( 0.02539999999999999900 ), #2549 );
#2653 =( CONVERSION_BASED_UNIT ( 'INCH', #1748 ) LENGTH_UNIT ( ) NAMED_UNIT ( #357 ) );
#2654 = ORIENTED_EDGE ( 'NONE', *, *, #612, .F. ) ;
#2655 = SURFACE_SIDE_STYLE ('',( #2417 ) ) ;
#2656 = PRESENTATION_LAYER_ASSIGNMENT (  '', '', ( #2272 ) ) ;
#2657 = LENGTH_MEASURE_WITH_UNIT ( LENGTH_MEASURE( 0.02539999999999999900 ), #3230 );
#2658 = CARTESIAN_POINT ( 'NONE',  ( 0.1424340780307523900, 0.01919699563455609700, 0.005062058058026662000 ) ) ;
#2659 = AXIS2_PLACEMENT_3D ( 'NONE', #1008, #3006, #1299 ) ;
#2660 =( NAMED_UNIT ( * ) PLANE_ANGLE_UNIT ( ) SI_UNIT ( $, .RADIAN. ) );
#2661 =( LENGTH_UNIT ( ) NAMED_UNIT ( * ) SI_UNIT ( $, .METRE. ) );
#2662 = CARTESIAN_POINT ( 'NONE',  ( 0.1670497772732067700, 0.02291494197020651700, -0.03227366782359544800 ) ) ;
#2663 = VECTOR ( 'NONE', #2890, 39.37007874015748900 ) ;
#2664 =( LENGTH_UNIT ( ) NAMED_UNIT ( * ) SI_UNIT ( $, .METRE. ) );
#2665 = CARTESIAN_POINT ( 'NONE',  ( 0.1799335956404845300, 0.02426590062619857900, -0.04700000000000006300 ) ) ;
#2666 = CARTESIAN_POINT ( 'NONE',  ( 0.1443966255079769900, 0.03017391338828151800, 0.05525674887808443300 ) ) ;
#2667 = FILL_AREA_STYLE_COLOUR ( '', #183 ) ;
#2668 = EDGE_CURVE ( 'NONE', #2193, #1920, #3244, .T. ) ;
#2669 = AXIS2_PLACEMENT_3D ( 'NONE', #2395, #2153, #2145 ) ;
#2670 = ORIENTED_EDGE ( 'NONE', *, *, #1676, .T. ) ;
#2671 = FILL_AREA_STYLE ('',( #3246 ) ) ;
#2672 =( NAMED_UNIT ( * ) SI_UNIT ( $, .STERADIAN. ) SOLID_ANGLE_UNIT ( ) );
#2673 = ORIENTED_EDGE ( 'NONE', *, *, #1270, .T. ) ;
#2674 = DIRECTION ( 'NONE',  ( 0.9659258262890680900, -0.2588190451025215200, 0.0000000000000000000 ) ) ;
#2675 = VERTEX_POINT ( 'NONE', #2802 ) ;
#2676 = CARTESIAN_POINT ( 'NONE',  ( -0.1841165628816027200, 0.03036578378886401300, 0.09136782547080575500 ) ) ;
#2677 = CARTESIAN_POINT ( 'NONE',  ( -0.07155291427061515100, 0.0002044450422655972600, 0.07800000000000000000 ) ) ;
#2678 = FILL_AREA_STYLE_COLOUR ( '', #1497 ) ;
#2679 = CARTESIAN_POINT ( 'NONE',  ( 0.1591801297522013600, 0.03771776223025954900, -0.05525674887808446100 ) ) ;
#2680 =( CONVERSION_BASED_UNIT ( 'INCH', #1514 ) LENGTH_UNIT ( ) NAMED_UNIT ( #210 ) );
#2681 = CARTESIAN_POINT ( 'NONE',  ( 0.1634080012417073700, 0.02193913102355123100, -0.03227366782359544100 ) ) ;
#2682 = EDGE_LOOP ( 'NONE', ( #60, #1446, #2689, #2356, #2273 ) ) ;
#2683 = ORIENTED_EDGE ( 'NONE', *, *, #391, .T. ) ;
#2684 = SURFACE_STYLE_USAGE ( .BOTH. , #2947 ) ;
#2685 = ORIENTED_EDGE ( 'NONE', *, *, #3461, .T. ) ;
#2686 = ORIENTED_EDGE ( 'NONE', *, *, #706, .T. ) ;
#2687 = FILL_AREA_STYLE_COLOUR ( '', #2175 ) ;
#2688 = CARTESIAN_POINT ( 'NONE',  ( 0.07310582854123026700, -0.005591109915468819200, 0.07800000000000000000 ) ) ;
#2689 = ORIENTED_EDGE ( 'NONE', *, *, #3554, .F. ) ;
#2690 = PRESENTATION_LAYER_ASSIGNMENT (  '', '', ( #2486 ) ) ;
#2691 = DIRECTION ( 'NONE',  ( 0.2588190451025228500, 0.9659258262890676500, 0.0000000000000000000 ) ) ;
#2692 =( NAMED_UNIT ( * ) PLANE_ANGLE_UNIT ( ) SI_UNIT ( $, .RADIAN. ) );
#2693 = DIRECTION ( 'NONE',  ( 0.2588190451025215200, 0.9659258262890680900, -0.0000000000000000000 ) ) ;
#2694 =( LENGTH_UNIT ( ) NAMED_UNIT ( * ) SI_UNIT ( $, .METRE. ) );
#2695 =( NAMED_UNIT ( * ) SI_UNIT ( $, .STERADIAN. ) SOLID_ANGLE_UNIT ( ) );
#2696 =( GEOMETRIC_REPRESENTATION_CONTEXT ( 3 ) GLOBAL_UNCERTAINTY_ASSIGNED_CONTEXT ( ( #2761 ) ) GLOBAL_UNIT_ASSIGNED_CONTEXT ( ( #2865, #1151, #3140 ) ) REPRESENTATION_CONTEXT ( 'NONE', 'WORKASPACE' ) );
#2697 = UNCERTAINTY_MEASURE_WITH_UNIT (LENGTH_MEASURE( 1.000000000000000100E-005 ), #663, 'distance_accuracy_value', 'NONE');
#2698 = LINE ( 'NONE', #1900, #410 ) ;
#2699 =( CONVERSION_BASED_UNIT ( 'INCH', #3512 ) LENGTH_UNIT ( ) NAMED_UNIT ( #1870 ) );
#2700 = SURFACE_STYLE_FILL_AREA ( #1890 ) ;
#2701 = CARTESIAN_POINT ( 'NONE',  ( -0.07000000000000000700, -0.005999999999999998400, -0.07800000000000000000 ) ) ;
#2702 = DIRECTION ( 'NONE',  ( 0.9659258262890680900, -0.2588190451025215200, 0.0000000000000000000 ) ) ;
#2703 = EDGE_CURVE ( 'NONE', #203, #2047, #187, .T. ) ;
#2704 = CARTESIAN_POINT ( 'NONE',  ( -0.1633699731734308500, 0.02208105370647272000, 0.04700000000000006300 ) ) ;
#2705 = CARTESIAN_POINT ( 'NONE',  ( 0.1841165628816027500, 0.03036578378886400600, 0.09136782547080575500 ) ) ;
#2706 = SURFACE_SIDE_STYLE ('',( #1536 ) ) ;
#2707 = CARTESIAN_POINT ( 'NONE',  ( -0.1456491488892808200, 0.01384681419224712900, -0.08549635969481680900 ) ) ;
#2708 = ORIENTED_EDGE ( 'NONE', *, *, #2668, .F. ) ;
#2709 = LENGTH_MEASURE_WITH_UNIT ( LENGTH_MEASURE( 0.02539999999999999900 ), #3360 );
#2710 = PRESENTATION_LAYER_ASSIGNMENT (  '', '', ( #2911 ) ) ;
#2711 = CARTESIAN_POINT ( 'NONE',  ( -0.07155291427061515100, 0.0002044450422655940600, 0.07800000000000000000 ) ) ;
#2712 = CARTESIAN_POINT ( 'NONE',  ( 0.1841165628816027700, 0.03036578378886398800, 0.09136782547080579700 ) ) ;
#2713 = STYLED_ITEM ( 'NONE', ( #901 ), #3439 ) ;
#2714 = LENGTH_MEASURE_WITH_UNIT ( LENGTH_MEASURE( 0.02539999999999999900 ), #445 );
#2715 = COLOUR_RGB ( '',1.000000000000000000, 0.8039215686274510100, 0.4941176470588235500 ) ;
#2716 = LENGTH_MEASURE_WITH_UNIT ( LENGTH_MEASURE( 0.02539999999999999900 ), #2870 );
#2717 = DIRECTION ( 'NONE',  ( -0.0000000000000000000, 0.0000000000000000000, 1.000000000000000000 ) ) ;
#2718 =( GEOMETRIC_REPRESENTATION_CONTEXT ( 3 ) GLOBAL_UNCERTAINTY_ASSIGNED_CONTEXT ( ( #913 ) ) GLOBAL_UNIT_ASSIGNED_CONTEXT ( ( #563, #2566, #850 ) ) REPRESENTATION_CONTEXT ( 'NONE', 'WORKASPACE' ) );
#2719 = DIRECTION ( 'NONE',  ( 0.0000000000000000000, -0.0000000000000000000, -1.000000000000000000 ) ) ;
#2720 = FILL_AREA_STYLE ('',( #717 ) ) ;
#2721 = ORIENTED_EDGE ( 'NONE', *, *, #1314, .T. ) ;
#2722 = UNCERTAINTY_MEASURE_WITH_UNIT (LENGTH_MEASURE( 1.000000000000000100E-005 ), #2969, 'distance_accuracy_value', 'NONE');
#2723 = SURFACE_STYLE_FILL_AREA ( #1232 ) ;
#2724 = ORIENTED_EDGE ( 'NONE', *, *, #2578, .F. ) ;
#2725 = FILL_AREA_STYLE_COLOUR ( '', #1780 ) ;
#2726 = DIRECTION ( 'NONE',  ( 0.0000000000000000000, 0.0000000000000000000, -1.000000000000000000 ) ) ;
#2727 = SURFACE_STYLE_USAGE ( .BOTH. , #3010 ) ;
#2728 = DIMENSIONAL_EXPONENTS ( 1.000000000000000000, 0.0000000000000000000, 0.0000000000000000000, 0.0000000000000000000, 0.0000000000000000000, 0.0000000000000000000, 0.0000000000000000000 ) ;
#2729 = CARTESIAN_POINT ( 'NONE',  ( 0.07000000000000000700, -0.006000000000000000100, 0.07800000000000000000 ) ) ;
#2730 = ORIENTED_EDGE ( 'NONE', *, *, #1487, .F. ) ;
#2731 = DIRECTION ( 'NONE',  ( 0.0000000000000000000, 0.0000000000000000000, 1.000000000000000000 ) ) ;
#2732 = ORIENTED_EDGE ( 'NONE', *, *, #81, .T. ) ;
#2733 = ORIENTED_EDGE ( 'NONE', *, *, #1744, .T. ) ;
#2734 = AXIS2_PLACEMENT_3D ( 'NONE', #2983, #712, #2702 ) ;
#2735 = DIRECTION ( 'NONE',  ( -0.0000000000000000000, -0.0000000000000000000, -1.000000000000000000 ) ) ;
#2736 = ORIENTED_EDGE ( 'NONE', *, *, #1769, .F. ) ;
#2737 = DIRECTION ( 'NONE',  ( -0.9659258262890682000, -0.2588190451025214600, 0.0000000000000000000 ) ) ;
#2738 = AXIS2_PLACEMENT_3D ( 'NONE', #1930, #194, #2211 ) ;
#2739 = STYLED_ITEM ( 'NONE', ( #2464 ), #1991 ) ;
#2740 =( GEOMETRIC_REPRESENTATION_CONTEXT ( 3 ) GLOBAL_UNCERTAINTY_ASSIGNED_CONTEXT ( ( #866 ) ) GLOBAL_UNIT_ASSIGNED_CONTEXT ( ( #2680, #967, #2975 ) ) REPRESENTATION_CONTEXT ( 'NONE', 'WORKASPACE' ) );
#2741 = FILL_AREA_STYLE_COLOUR ( '', #3367 ) ;
#2742 = EDGE_LOOP ( 'NONE', ( #2848, #997, #2955, #266 ) ) ;
#2743 = ORIENTED_EDGE ( 'NONE', *, *, #1822, .F. ) ;
#2744 = CARTESIAN_POINT ( 'NONE',  ( 0.1412605344034839300, 0.01888254556567343200, -0.04700000000000006900 ) ) ;
#2745 = DIMENSIONAL_EXPONENTS ( 1.000000000000000000, 0.0000000000000000000, 0.0000000000000000000, 0.0000000000000000000, 0.0000000000000000000, 0.0000000000000000000, 0.0000000000000000000 ) ;
#2746 = LINE ( 'NONE', #495, #550 ) ;
#2747 = EDGE_CURVE ( 'NONE', #3017, #1865, #3413, .T. ) ;
#2748 = AXIS2_PLACEMENT_3D ( 'NONE', #2994, #2981, #2968 ) ;
#2749 = CIRCLE ( 'NONE', #305, 0.006000000000000001000 ) ;
#2750 =( NAMED_UNIT ( * ) PLANE_ANGLE_UNIT ( ) SI_UNIT ( $, .RADIAN. ) );
#2751 = CARTESIAN_POINT ( 'NONE',  ( -0.07000000000000000700, 0.005999999999999969800, 0.07800000000000000000 ) ) ;
#2752 = CARTESIAN_POINT ( 'NONE',  ( 0.1623499323121047300, 0.02453343270163690200, -0.01599999999999944500 ) ) ;
#2753 = EDGE_LOOP ( 'NONE', ( #1882, #2818, #3318, #1567, #2398 ) ) ;
#2754 =( NAMED_UNIT ( * ) SI_UNIT ( $, .STERADIAN. ) SOLID_ANGLE_UNIT ( ) );
#2755 =( NAMED_UNIT ( * ) PLANE_ANGLE_UNIT ( ) SI_UNIT ( $, .RADIAN. ) );
#2756 = UNCERTAINTY_MEASURE_WITH_UNIT (LENGTH_MEASURE( 1.000000000000000100E-005 ), #40, 'distance_accuracy_value', 'NONE');
#2757 = CARTESIAN_POINT ( 'NONE',  ( -0.1439336274264406700, 0.02104144939140572800, -0.04700000000000006900 ) ) ;
#2758 =( GEOMETRIC_REPRESENTATION_CONTEXT ( 3 ) GLOBAL_UNCERTAINTY_ASSIGNED_CONTEXT ( ( #1440 ) ) GLOBAL_UNIT_ASSIGNED_CONTEXT ( ( #3, #2029, #306 ) ) REPRESENTATION_CONTEXT ( 'NONE', 'WORKASPACE' ) );
#2759 = DIRECTION ( 'NONE',  ( -0.0000000000000000000, -1.000000000000000000, -0.0000000000000000000 ) ) ;
#2760 = COLOUR_RGB ( '',1.000000000000000000, 0.8039215686274510100, 0.4941176470588235500 ) ;
#2761 = UNCERTAINTY_MEASURE_WITH_UNIT (LENGTH_MEASURE( 1.000000000000000100E-005 ), #2865, 'distance_accuracy_value', 'NONE');
#2762 = MECHANICAL_DESIGN_GEOMETRIC_PRESENTATION_REPRESENTATION (  '', ( #2180 ), #2954 ) ;
#2763 = CARTESIAN_POINT ( 'NONE',  ( -0.1828598572846589200, 0.03393786491689935300, 0.03874325112191566400 ) ) ;
#2764 = SURFACE_SIDE_STYLE ('',( #3051 ) ) ;
#2765 = CARTESIAN_POINT ( 'NONE',  ( 0.1761064747648767600, 0.02359349653232856900, -0.02778508177622729400 ) ) ;
#2766 = DIRECTION ( 'NONE',  ( -1.000000000000000000, -2.667820306312767900E-015, 0.0000000000000000000 ) ) ;
#2767 = MECHANICAL_DESIGN_GEOMETRIC_PRESENTATION_REPRESENTATION (  '', ( #2184 ), #2957 ) ;
#2768 = DIMENSIONAL_EXPONENTS ( 1.000000000000000000, 0.0000000000000000000, 0.0000000000000000000, 0.0000000000000000000, 0.0000000000000000000, 0.0000000000000000000, 0.0000000000000000000 ) ;
#2769 = CARTESIAN_POINT ( 'NONE',  ( 0.1829430192539159600, 0.03005133372154263400, -0.08893794194197342200 ) ) ;
#2770 = CARTESIAN_POINT ( 'NONE',  ( 0.1440475445044097100, 0.01341766558654326800, -0.03954323084818738000 ) ) ;
#2771 = CARTESIAN_POINT ( 'NONE',  ( 0.1719872071743819000, 0.02628278491666790800, 0.06621491822377283100 ) ) ;
#2772 = PRESENTATION_LAYER_ASSIGNMENT (  '', '', ( #2369 ) ) ;
#2773 =( LENGTH_UNIT ( ) NAMED_UNIT ( * ) SI_UNIT ( $, .METRE. ) );
#2774 = EDGE_LOOP ( 'NONE', ( #2736, #3184, #1797, #2425, #2491 ) ) ;
#2775 = VERTEX_POINT ( 'NONE', #529 ) ;
#2776 = EDGE_LOOP ( 'NONE', ( #2355, #1746, #3343, #479, #2993 ) ) ;
#2777 = FILL_AREA_STYLE_COLOUR ( '', #2089 ) ;
#2778 = CARTESIAN_POINT ( 'NONE',  ( 0.1479330318784048400, 0.01569137540880860900, -0.04700000000000006300 ) ) ;
#2779 = ORIENTED_EDGE ( 'NONE', *, *, #2578, .T. ) ;
#2780 = CARTESIAN_POINT ( 'NONE',  ( -0.1433792542216360000, 0.01996036019956383800, 0.08671685518007665700 ) ) ;
#2781 = ORIENTED_EDGE ( 'NONE', *, *, #3081, .F. ) ;
#2783 = CIRCLE ( 'NONE', #144, 0.01904313772181160200 ) ;
#2782 = SURFACE_SIDE_STYLE ('',( #1592 ) ) ;
#2784 = CARTESIAN_POINT ( 'NONE',  ( 0.1708504590932591000, 0.02059948490542582200, -0.02588576040180929800 ) ) ;
#2785 = CARTESIAN_POINT ( 'NONE',  ( 0.1671292943549056700, 0.02705823351884069700, 0.02778508177622731800 ) ) ;
#2786 = CARTESIAN_POINT ( 'NONE',  ( 0.1433201161844079300, 0.01322275175564724800, 0.04143662668090834800 ) ) ;
#2787 = CARTESIAN_POINT ( 'NONE',  ( 0.1633699731734308500, 0.02208105370647272700, 0.04700000000000006300 ) ) ;
#2788 = SURFACE_STYLE_USAGE ( .BOTH. , #783 ) ;
#2789 =( BOUNDED_SURFACE ( )  B_SPLINE_SURFACE ( 3, 3, ( 
 ( #411, #1219, #1511, #931 ),
 ( #2349, #2363, #1562, #964 ),
 ( #947, #2658, #2646, #122 ),
 ( #1522, #367, #1574, #3519 ) ),
 .UNSPECIFIED., .F., .F., .T. ) 
 B_SPLINE_SURFACE_WITH_KNOTS ( ( 4, 4 ),
 ( 4, 4 ),
 ( 0.0000000000000000000, 1.000000000000000000 ),
 ( 0.0000000000000000000, 1.000000000000000000 ),
 .UNSPECIFIED. ) 
 GEOMETRIC_REPRESENTATION_ITEM ( )  RATIONAL_B_SPLINE_SURFACE ( (
 ( 1.000000000000000000, 0.3333333333333332000, 0.3333333333333332000, 1.000000000000000000),
 ( 0.9427141906301181900, 0.3142380635433725800, 0.3142380635433725800, 0.9427141906301181900),
 ( 0.9427141906301181900, 0.3142380635433725800, 0.3142380635433725800, 0.9427141906301181900),
 ( 1.000000000000000000, 0.3333333333333332000, 0.3333333333333332000, 1.000000000000000000) ) ) 
 REPRESENTATION_ITEM ( '' )  SURFACE ( )  );
#2790 = AXIS2_PLACEMENT_3D ( 'NONE', #2572, #857, #2868 ) ;
#2791 = CARTESIAN_POINT ( 'NONE',  ( 0.1479330318784047600, 0.01569137540880861900, 0.01387057857742469600 ) ) ;
#2792 = CARTESIAN_POINT ( 'NONE',  ( -0.1639028465827197800, 0.01873787774390259600, 0.04699999999999888300 ) ) ;
#2793 = PRESENTATION_LAYER_ASSIGNMENT (  '', '', ( #2393 ) ) ;
#2794 = CARTESIAN_POINT ( 'NONE',  ( -0.1492725953844383800, 0.01830367271251573000, 0.04700000000000006300 ) ) ;
#2795 = CYLINDRICAL_SURFACE ( 'NONE', #2137, 0.006000000000000001000 ) ;
#2796 = CARTESIAN_POINT ( 'NONE',  ( 0.1609575297236173200, 0.03108441523156372000, 0.04067201956002123400 ) ) ;
#2797 = SURFACE_STYLE_FILL_AREA ( #2936 ) ;
#2798 = EDGE_CURVE ( 'NONE', #1434, #3352, #1648, .T. ) ;
#2799 = STYLED_ITEM ( 'NONE', ( #1743 ), #4 ) ;
#2800 = STYLED_ITEM ( 'NONE', ( #1163 ), #871 ) ;
#2801 = ORIENTED_EDGE ( 'NONE', *, *, #1651, .T. ) ;
#2802 = CARTESIAN_POINT ( 'NONE',  ( -0.1856694771526362100, 0.02457022882956828900, -0.04700000000000009700 ) ) ;
#2803 = AXIS2_PLACEMENT_3D ( 'NONE', #2404, #2140, #2124 ) ;
#2804 = CARTESIAN_POINT ( 'NONE',  ( -0.1536981379681013300, 0.01600353431162053100, -0.06633132842986723400 ) ) ;
#2805 = CARTESIAN_POINT ( 'NONE',  ( -0.1634080012417073700, 0.02193913102355123800, 0.06172633217640468400 ) ) ;
#2806 = CARTESIAN_POINT ( 'NONE',  ( -0.1479330318784047600, 0.01569137540880861900, 0.08012942142257539800 ) ) ;
#2807 = LINE ( 'NONE', #2052, #2039 ) ;
#2808 = SURFACE_STYLE_FILL_AREA ( #1020 ) ;
#2809 = B_SPLINE_CURVE_WITH_KNOTS ( 'NONE', 3,
 ( #2268, #1994, #558, #2561, #844, #2860, #1142, #3131, #1435, #3415, #1717, #3692, #2000, #270, #2279, #568, #2571, #856, #2867, #1154, #3145, #1447, #3425, #1728, #3702, #2011, #281, #2290, #581, #2583 ),
 .UNSPECIFIED., .F., .F.,
 ( 4, 1, 2, 2, 2, 1, 2, 2, 2, 1, 2, 2, 2, 1, 2, 2, 4 ),
 ( 0.0000000000000000000, 0.06249999999999894500, 0.09374999999999852900, 0.1249999999999981100, 0.2499999999999966700, 0.3124999999999959500, 0.3437499999999958900, 0.3749999999999958900, 0.4999999999999986700, 0.5625000000000000000, 0.5937500000000000000, 0.6249999999999998900, 0.7499999999999997800, 0.8124999999999996700, 0.8437499999999996700, 0.8749999999999995600, 1.000000000000000000 ),
 .UNSPECIFIED. ) ;
#2810 = CARTESIAN_POINT ( 'NONE',  ( -0.1634080012417073700, 0.02193913102355123400, -0.06172633217640468400 ) ) ;
#2811 = SURFACE_STYLE_FILL_AREA ( #2230 ) ;
#2812 = EDGE_LOOP ( 'NONE', ( #1041, #1136 ) ) ;
#2813 =( CONVERSION_BASED_UNIT ( 'INCH', #3382 ) LENGTH_UNIT ( ) NAMED_UNIT ( #3571 ) );
#2814 = ADVANCED_FACE ( 'NONE', ( #3155 ), #2094, .F. ) ;
#2815 = CARTESIAN_POINT ( 'NONE',  ( -0.1818138193403221500, 0.02353710842995786900, -0.05986157060277271000 ) ) ;
#2816 = CIRCLE ( 'NONE', #3012, 0.03100000000000002800 ) ;
#2817 = CARTESIAN_POINT ( 'NONE',  ( -0.1424340780307523600, 0.01919699563455606500, -0.04700000000000006900 ) ) ;
#2818 = ORIENTED_EDGE ( 'NONE', *, *, #942, .T. ) ;
#2819 = LENGTH_MEASURE_WITH_UNIT ( LENGTH_MEASURE( 0.02539999999999999900 ), #3248 );
#2820 = DIRECTION ( 'NONE',  ( -0.9659258262890679800, -0.2588190451025216800, 0.0000000000000000000 ) ) ;
#2821 = DIRECTION ( 'NONE',  ( 0.2588190451025229000, 0.9659258262890677600, 0.0000000000000000000 ) ) ;
#2822 = PRESENTATION_LAYER_ASSIGNMENT (  '', '', ( #3268 ) ) ;
#2823 = ORIENTED_EDGE ( 'NONE', *, *, #1127, .T. ) ;
#2824 = FILL_AREA_STYLE_COLOUR ( '', #341 ) ;
#2825 = CARTESIAN_POINT ( 'NONE',  ( 0.1672388651455729800, 0.03276749398526576000, 0.04067201956002122100 ) ) ;
#2826 = DIRECTION ( 'NONE',  ( 0.0000000000000000000, -0.0000000000000000000, -1.000000000000000000 ) ) ;
#2827 =( LENGTH_UNIT ( ) NAMED_UNIT ( * ) SI_UNIT ( $, .METRE. ) );
#2828 = EDGE_CURVE ( 'NONE', #1921, #3688, #1286, .T. ) ;
#2829 = FILL_AREA_STYLE ('',( #2533 ) ) ;
#2830 = DIRECTION ( 'NONE',  ( -0.0000000000000000000, -1.000000000000000000, 0.0000000000000000000 ) ) ;
#2831 = CARTESIAN_POINT ( 'NONE',  ( 0.1830833740490074900, 0.02387728458889724200, -0.05800182796917222700 ) ) ;
#2832 = ADVANCED_FACE ( 'NONE', ( #1953 ), #762, .F. ) ;
#2833 = CARTESIAN_POINT ( 'NONE',  ( -0.1639028465827197800, 0.01873787774390259600, -0.04699999999999888300 ) ) ;
#2834 = CARTESIAN_POINT ( 'NONE',  ( -0.1597662252102079700, 0.02096332007689595500, -0.03227366782359544800 ) ) ;
#2835 = MECHANICAL_DESIGN_GEOMETRIC_PRESENTATION_REPRESENTATION (  '', ( #1498 ), #3019 ) ;
#2836 = LINE ( 'NONE', #2688, #3186 ) ;
#2837 = AXIS2_PLACEMENT_3D ( 'NONE', #1313, #3305, #1606 ) ;
#2838 = CARTESIAN_POINT ( 'NONE',  ( 0.1841165628820210800, 0.03036578378730269200, -0.04700000000000005600 ) ) ;
#2839 = CARTESIAN_POINT ( 'NONE',  ( 0.1615298895695036800, 0.01810204582853742700, 0.06918126958837538000 ) ) ;
#2840 = PRESENTATION_STYLE_ASSIGNMENT (( #3567 ) ) ;
#2841 =( BOUNDED_SURFACE ( )  B_SPLINE_SURFACE ( 3, 3, ( 
 ( #2978, #2098, #2083, #1830 ),
 ( #1817, #1528, #1249, #1239 ),
 ( #1225, #972, #957, #939 ),
 ( #681, #665, #656, #371 ) ),
 .UNSPECIFIED., .F., .F., .F. ) 
 B_SPLINE_SURFACE_WITH_KNOTS ( ( 4, 4 ),
 ( 4, 4 ),
 ( 0.0000000000000000000, 1.000000000000000000 ),
 ( 0.0000000000000000000, 1.000000000000000000 ),
 .UNSPECIFIED. ) 
 GEOMETRIC_REPRESENTATION_ITEM ( )  RATIONAL_B_SPLINE_SURFACE ( (
 ( 1.000000000000000000, 0.3333333333333335400, 0.3333333333333335400, 1.000000000000000000),
 ( 0.9427141906301195200, 0.3142380635433733600, 0.3142380635433733600, 0.9427141906301195200),
 ( 0.9427141906301195200, 0.3142380635433733600, 0.3142380635433733600, 0.9427141906301195200),
 ( 1.000000000000000000, 0.3333333333333335400, 0.3333333333333335400, 1.000000000000000000) ) ) 
 REPRESENTATION_ITEM ( '' )  SURFACE ( )  );
#2842 = CARTESIAN_POINT ( 'NONE',  ( 0.1597662252102079700, 0.02096332007689595500, -0.06172633217640469800 ) ) ;
#2843 = MECHANICAL_DESIGN_GEOMETRIC_PRESENTATION_REPRESENTATION (  '', ( #2439 ), #3024 ) ;
#2844 = CYLINDRICAL_SURFACE ( 'NONE', #3625, 0.03100000000000002800 ) ;
#2845 =( NAMED_UNIT ( * ) PLANE_ANGLE_UNIT ( ) SI_UNIT ( $, .RADIAN. ) );
#2846 = FACE_OUTER_BOUND ( 'NONE', #3564, .T. ) ;
#2847 = CARTESIAN_POINT ( 'NONE',  ( 0.1570387770095850500, 0.01689865584498997600, -0.06790628271858971400 ) ) ;
#2848 = ORIENTED_EDGE ( 'NONE', *, *, #2602, .T. ) ;
#2849 = FILL_AREA_STYLE ('',( #2259 ) ) ;
#2850 = DIRECTION ( 'NONE',  ( 1.000000000000000000, 0.0000000000000000000, 0.0000000000000000000 ) ) ;
#2851 = PLANE ( 'NONE',  #2362 ) ;
#2852 = VECTOR ( 'NONE', #658, 39.37007874015748100 ) ;
#2853 = CIRCLE ( 'NONE', #2748, 0.03100000000000002800 ) ;
#2854 = CARTESIAN_POINT ( 'NONE',  ( 0.1851628096435824500, 0.02443446767717614300, 0.05256337331909932700 ) ) ;
#2855 = ADVANCED_FACE ( 'NONE', ( #911 ), #3143, .T. ) ;
#2856 = CARTESIAN_POINT ( 'NONE',  ( -0.1608828939028335600, 0.01792868386214674400, -0.02500847078622710900 ) ) ;
#2857 = CARTESIAN_POINT ( 'NONE',  ( 0.1634080012417073700, 0.02193913102355123800, -0.03227366782359544800 ) ) ;
#2858 = PRESENTATION_STYLE_ASSIGNMENT (( #3627 ) ) ;
#2859 = LENGTH_MEASURE_WITH_UNIT ( LENGTH_MEASURE( 0.02539999999999999900 ), #3668 );
#2860 = CARTESIAN_POINT ( 'NONE',  ( -0.1440475445044097900, 0.01341766558654329500, 0.03954323084818681100 ) ) ;
#2861 =( CONVERSION_BASED_UNIT ( 'INCH', #2716 ) LENGTH_UNIT ( ) NAMED_UNIT ( #629 ) );
#2862 = MECHANICAL_DESIGN_GEOMETRIC_PRESENTATION_REPRESENTATION (  '', ( #2272 ), #3042 ) ;
#2863 = UNCERTAINTY_MEASURE_WITH_UNIT (LENGTH_MEASURE( 1.000000000000000100E-005 ), #3494, 'distance_accuracy_value', 'NONE');
#2864 = EDGE_LOOP ( 'NONE', ( #2587, #3165, #1784, #1701, #747 ) ) ;
#2865 =( CONVERSION_BASED_UNIT ( 'INCH', #2219 ) LENGTH_UNIT ( ) NAMED_UNIT ( #449 ) );
#2866 = ORIENTED_EDGE ( 'NONE', *, *, #2970, .F. ) ;
#2867 = CARTESIAN_POINT ( 'NONE',  ( -0.1708504590932578300, 0.02059948490542548900, 0.02588576040180927100 ) ) ;
#2868 = DIRECTION ( 'NONE',  ( -0.9659258262890680900, -0.2588190451025213500, 0.0000000000000000000 ) ) ;
#2869 = ORIENTED_EDGE ( 'NONE', *, *, #633, .T. ) ;
#2870 =( LENGTH_UNIT ( ) NAMED_UNIT ( * ) SI_UNIT ( $, .METRE. ) );
#2871 = EDGE_LOOP ( 'NONE', ( #1877, #1304, #2065, #1161 ) ) ;
#2872 = CARTESIAN_POINT ( 'NONE',  ( -0.1783530562174650800, 0.02260979974599291300, 0.06376545426434773700 ) ) ;
#2873 = ADVANCED_FACE ( 'NONE', ( #561 ), #1825, .T. ) ;
#2874 = CIRCLE ( 'NONE', #2926, 0.004236220472440934200 ) ;
#2875 = EDGE_CURVE ( 'NONE', #1616, #573, #1056, .T. ) ;
#2876 = UNCERTAINTY_MEASURE_WITH_UNIT (LENGTH_MEASURE( 1.000000000000000100E-005 ), #3225, 'distance_accuracy_value', 'NONE');
#2877 = AXIS2_PLACEMENT_3D ( 'NONE', #1853, #1589, #1577 ) ;
#2878 = LENGTH_MEASURE_WITH_UNIT ( LENGTH_MEASURE( 0.02539999999999999900 ), #2694 );
#2879 = CARTESIAN_POINT ( 'NONE',  ( -0.1736604839337969100, 0.03174243744389465500, 0.04067201956002122800 ) ) ;
#2880 = UNCERTAINTY_MEASURE_WITH_UNIT (LENGTH_MEASURE( 1.000000000000000100E-005 ), #915, 'distance_accuracy_value', 'NONE');
#2881 = CARTESIAN_POINT ( 'NONE',  ( 0.1515836178269699100, 0.01702261681971243100, -0.06621491822377284500 ) ) ;
#2882 = SURFACE_STYLE_USAGE ( .BOTH. , #868 ) ;
#2883 = SURFACE_STYLE_USAGE ( .BOTH. , #3132 ) ;
#2884 = PRESENTATION_LAYER_ASSIGNMENT (  '', '', ( #2293 ) ) ;
#2885 = CARTESIAN_POINT ( 'NONE',  ( -0.1511741509129436400, 0.01532723401848441900, 0.06484039255591937700 ) ) ;
#2886 = LENGTH_MEASURE_WITH_UNIT ( LENGTH_MEASURE( 0.02539999999999999900 ), #2827 );
#2887 = MECHANICAL_DESIGN_GEOMETRIC_PRESENTATION_REPRESENTATION (  '', ( #2486 ), #3071 ) ;
#2888 = FILL_AREA_STYLE_COLOUR ( '', #2715 ) ;
#2889 = ADVANCED_FACE ( 'NONE', ( #1732 ), #1645, .T. ) ;
#2890 = DIRECTION ( 'NONE',  ( 0.2588190451025228500, 0.9659258262890676500, 0.0000000000000000000 ) ) ;
#2891 = STYLED_ITEM ( 'NONE', ( #3465 ), #2832 ) ;
#2892 = SURFACE_STYLE_USAGE ( .BOTH. , #880 ) ;
#2893 = CARTESIAN_POINT ( 'NONE',  ( -0.1509842432936335800, 0.03552168107242913800, -0.05525674887808443300 ) ) ;
#2894 = FILL_AREA_STYLE_COLOUR ( '', #953 ) ;
#2895 = DIRECTION ( 'NONE',  ( -0.0000000000000000000, -0.0000000000000000000, -1.000000000000000000 ) ) ;
#2896 = CARTESIAN_POINT ( 'NONE',  ( -0.1412605344030655500, 0.01888254556723473900, 0.002632174529194389400 ) ) ;
#2897 = VECTOR ( 'NONE', #2600, 39.37007874015748900 ) ;
#2898 = SURFACE_STYLE_FILL_AREA ( #735 ) ;
#2899 = VECTOR ( 'NONE', #3417, 39.37007874015748100 ) ;
#2900 = COLOUR_RGB ( '',1.000000000000000000, 0.8039215686274510100, 0.4941176470588235500 ) ;
#2901 = EDGE_CURVE ( 'NONE', #1920, #2191, #695, .T. ) ;
#2902 = CARTESIAN_POINT ( 'NONE',  ( -0.1817427903790546400, 0.03023983873174637000, 0.04700000000000006300 ) ) ;
#2903 = UNCERTAINTY_MEASURE_WITH_UNIT (LENGTH_MEASURE( 1.000000000000000100E-005 ), #1824, 'distance_accuracy_value', 'NONE');
#2904 = CARTESIAN_POINT ( 'NONE',  ( -0.1428134486740990900, 0.01308699060793902500, -0.04700000000000009700 ) ) ;
#2905 = COLOUR_RGB ( '',1.000000000000000000, 0.8039215686274510100, 0.4941176470588235500 ) ;
#2906 = ORIENTED_EDGE ( 'NONE', *, *, #633, .F. ) ;
#2907 = CARTESIAN_POINT ( 'NONE',  ( 0.1405628328110793100, 0.02260441136696421700, -0.03874325112191566400 ) ) ;
#2908 = CARTESIAN_POINT ( 'NONE',  ( 0.07000000000000000700, 0.005999999999999997500, -0.1093341932848706200 ) ) ;
#2909 = CIRCLE ( 'NONE', #2057, 0.01968503937007874000 ) ;
#2910 = ORIENTED_EDGE ( 'NONE', *, *, #3202, .F. ) ;
#2911 = STYLED_ITEM ( 'NONE', ( #3201 ), #1147 ) ;
#2912 = FILL_AREA_STYLE_COLOUR ( '', #2577 ) ;
#2913 = AXIS2_PLACEMENT_3D ( 'NONE', #3538, #1845, #94 ) ;
#2914 = ORIENTED_EDGE ( 'NONE', *, *, #1582, .F. ) ;
#2915 = CARTESIAN_POINT ( 'NONE',  ( -0.1807221445045955100, 0.03089890283323590300, -0.008913724556376819200 ) ) ;
#2916 = EDGE_CURVE ( 'NONE', #2775, #666, #480, .T. ) ;
#2917 = EDGE_CURVE ( 'NONE', #2380, #2497, #3632, .T. ) ;
#2918 = SURFACE_STYLE_FILL_AREA ( #2523 ) ;
#2919 =( BOUNDED_SURFACE ( )  B_SPLINE_SURFACE ( 3, 3, ( 
 ( #486, #3624, #1933, #198 ),
 ( #2214, #500, #2498, #791 ),
 ( #2796, #1087, #3080, #1376 ),
 ( #3363, #1664, #3637, #1945 ) ),
 .UNSPECIFIED., .F., .F., .F. ) 
 B_SPLINE_SURFACE_WITH_KNOTS ( ( 4, 4 ),
 ( 4, 4 ),
 ( 0.0000000000000000000, 1.000000000000000000 ),
 ( 0.0000000000000000000, 1.000000000000000000 ),
 .UNSPECIFIED. ) 
 GEOMETRIC_REPRESENTATION_ITEM ( )  RATIONAL_B_SPLINE_SURFACE ( (
 ( 1.000000000000000000, 0.9420348673768949000, 0.9420348673768949000, 1.000000000000000000),
 ( 0.7757257530573673500, 0.7307607069022389300, 0.7307607069022389300, 0.7757257530573673500),
 ( 0.7757257530573673500, 0.7307607069022389300, 0.7307607069022389300, 0.7757257530573673500),
 ( 1.000000000000000000, 0.9420348673768949000, 0.9420348673768949000, 1.000000000000000000) ) ) 
 REPRESENTATION_ITEM ( '' )  SURFACE ( )  );
#2920 = CARTESIAN_POINT ( 'NONE',  ( -0.07155291427061515100, 0.0002044450422655923500, -0.07800000000000002800 ) ) ;
#2921 = ORIENTED_EDGE ( 'NONE', *, *, #1417, .T. ) ;
#2922 =( NAMED_UNIT ( * ) SI_UNIT ( $, .STERADIAN. ) SOLID_ANGLE_UNIT ( ) );
#2923 = CARTESIAN_POINT ( 'NONE',  ( -0.1492725953844383800, 0.01830367271251573400, -0.01781064113762788700 ) ) ;
#2924 = DIMENSIONAL_EXPONENTS ( 1.000000000000000000, 0.0000000000000000000, 0.0000000000000000000, 0.0000000000000000000, 0.0000000000000000000, 0.0000000000000000000, 0.0000000000000000000 ) ;
#2925 = CARTESIAN_POINT ( 'NONE',  ( 0.1424340780307524200, 0.01919699563455608300, -0.04700000000000006300 ) ) ;
#2926 = AXIS2_PLACEMENT_3D ( 'NONE', #2996, #976, #3649 ) ;
#2927 = CARTESIAN_POINT ( 'NONE',  ( -0.1841165628816028000, 0.03036578378886400200, -0.04700000000000006900 ) ) ;
#2928 = CARTESIAN_POINT ( 'NONE',  ( -0.1623775049890052200, 0.02578499539564484800, -0.06621491822377283100 ) ) ;
#2929 =( NAMED_UNIT ( * ) PLANE_ANGLE_UNIT ( ) SI_UNIT ( $, .RADIAN. ) );
#2930 = CIRCLE ( 'NONE', #1210, 0.01904313772181161900 ) ;
#2931 = VERTEX_POINT ( 'NONE', #595 ) ;
#2932 = CARTESIAN_POINT ( 'NONE',  ( 0.1492725953844383800, 0.01830367271251572700, -0.04700000000000006300 ) ) ;
#2933 = PRESENTATION_LAYER_ASSIGNMENT (  '', '', ( #2542 ) ) ;
#2934 = AXIS2_PLACEMENT_3D ( 'NONE', #1965, #3108, #1423 ) ;
#2935 = PRODUCT_DEFINITION ( 'UNKNOWN', '', #3492, #2944 ) ;
#2936 = FILL_AREA_STYLE ('',( #2068 ) ) ;
#2937 = CARTESIAN_POINT ( 'NONE',  ( 0.1456491488892807900, 0.01384681419224712900, 0.04700000000000006900 ) ) ;
#2938 = EDGE_CURVE ( 'NONE', #2100, #666, #1468, .T. ) ;
#2939 =( CONVERSION_BASED_UNIT ( 'INCH', #49 ) LENGTH_UNIT ( ) NAMED_UNIT ( #469 ) );
#2940 = AXIS2_PLACEMENT_3D ( 'NONE', #1590, #1333, #158 ) ;
#2941 = FACE_OUTER_BOUND ( 'NONE', #2596, .T. ) ;
#2942 = DIRECTION ( 'NONE',  ( 0.0000000000000000000, 0.0000000000000000000, 1.000000000000000000 ) ) ;
#2943 = CARTESIAN_POINT ( 'NONE',  ( 0.1623499323121047300, 0.02453343270163690200, -0.07799999999999944500 ) ) ;
#2944 = PRODUCT_DEFINITION_CONTEXT ( 'detailed design', #2117, 'design' ) ;
#2945 = FILL_AREA_STYLE ('',( #2353 ) ) ;
#2946 = SURFACE_STYLE_USAGE ( .BOTH. , #937 ) ;
#2947 = SURFACE_SIDE_STYLE ('',( #3344 ) ) ;
#2948 = STYLED_ITEM ( 'NONE', ( #137 ), #2855 ) ;
#2949 = ORIENTED_EDGE ( 'NONE', *, *, #1604, .F. ) ;
#2950 = COLOUR_RGB ( '',1.000000000000000000, 0.8039215686274510100, 0.4941176470588235500 ) ;
#2951 =( LENGTH_UNIT ( ) NAMED_UNIT ( * ) SI_UNIT ( $, .METRE. ) );
#2952 = SURFACE_SIDE_STYLE ('',( #3589 ) ) ;
#2953 = DIMENSIONAL_EXPONENTS ( 1.000000000000000000, 0.0000000000000000000, 0.0000000000000000000, 0.0000000000000000000, 0.0000000000000000000, 0.0000000000000000000, 0.0000000000000000000 ) ;
#2955 = ORIENTED_EDGE ( 'NONE', *, *, #1909, .T. ) ;
#2954 =( GEOMETRIC_REPRESENTATION_CONTEXT ( 3 ) GLOBAL_UNCERTAINTY_ASSIGNED_CONTEXT ( ( #14 ) ) GLOBAL_UNIT_ASSIGNED_CONTEXT ( ( #75, #2109, #384 ) ) REPRESENTATION_CONTEXT ( 'NONE', 'WORKASPACE' ) );
#2956 = EDGE_LOOP ( 'NONE', ( #3336, #1296, #3601, #3297, #388 ) ) ;
#2957 =( GEOMETRIC_REPRESENTATION_CONTEXT ( 3 ) GLOBAL_UNCERTAINTY_ASSIGNED_CONTEXT ( ( #475 ) ) GLOBAL_UNIT_ASSIGNED_CONTEXT ( ( #2624, #908, #2922 ) ) REPRESENTATION_CONTEXT ( 'NONE', 'WORKASPACE' ) );
#2958 = DIRECTION ( 'NONE',  ( -0.9659258262890680900, -0.2588190451025215200, 0.0000000000000000000 ) ) ;
#2959 =( NAMED_UNIT ( * ) PLANE_ANGLE_UNIT ( ) SI_UNIT ( $, .RADIAN. ) );
#2960 = CIRCLE ( 'NONE', #2150, 0.01459467943118608100 ) ;
#2961 = ORIENTED_EDGE ( 'NONE', *, *, #3034, .F. ) ;
#2962 = CARTESIAN_POINT ( 'NONE',  ( 0.07000000000000000700, 0.005999999999999997500, -0.1093341932848706200 ) ) ;
#2963 =( NAMED_UNIT ( * ) PLANE_ANGLE_UNIT ( ) SI_UNIT ( $, .RADIAN. ) );
#2964 = CARTESIAN_POINT ( 'NONE',  ( 0.1791056961341458100, 0.02818749822255071600, -0.04067201956002122800 ) ) ;
#2965 = CARTESIAN_POINT ( 'NONE',  ( 0.1456491488892807900, 0.01384681419224713600, -0.08549635969481680900 ) ) ;
#2966 = CARTESIAN_POINT ( 'NONE',  ( 0.1591801297522013600, 0.03771776223025954200, 0.03874325112191568500 ) ) ;
#2967 = ORIENTED_EDGE ( 'NONE', *, *, #2901, .T. ) ;
#2968 = DIRECTION ( 'NONE',  ( -0.9659258262890677600, 0.2588190451025228500, 0.0000000000000000000 ) ) ;
#2969 =( CONVERSION_BASED_UNIT ( 'INCH', #2819 ) LENGTH_UNIT ( ) NAMED_UNIT ( #2651 ) );
#2970 = EDGE_CURVE ( 'NONE', #1231, #354, #3529, .T. ) ;
#2971 = CARTESIAN_POINT ( 'NONE',  ( 0.1667888944592339800, 0.009321465760776890400, 0.04700000000000006300 ) ) ;
#2972 = COLOUR_RGB ( '',1.000000000000000000, 0.8039215686274510100, 0.4941176470588235500 ) ;
#2973 = FILL_AREA_STYLE_COLOUR ( '', #3511 ) ;
#2974 = CARTESIAN_POINT ( 'NONE',  ( 0.1761064747648767600, 0.02359349653232856900, -0.06621491822377283100 ) ) ;
#2975 =( NAMED_UNIT ( * ) SI_UNIT ( $, .STERADIAN. ) SOLID_ANGLE_UNIT ( ) );
#2976 = CARTESIAN_POINT ( 'NONE',  ( 0.1736604839337969100, 0.03174243744389465500, -0.04067201956002122800 ) ) ;
#2977 = DIMENSIONAL_EXPONENTS ( 1.000000000000000000, 0.0000000000000000000, 0.0000000000000000000, 0.0000000000000000000, 0.0000000000000000000, 0.0000000000000000000, 0.0000000000000000000 ) ;
#2978 = CARTESIAN_POINT ( 'NONE',  ( -0.1774673509624233600, 0.02585843470042971000, 0.04700000000000005600 ) ) ;
#2979 =( BOUNDED_SURFACE ( )  B_SPLINE_SURFACE ( 3, 3, ( 
 ( #3534, #2987, #1277, #3265 ),
 ( #1564, #3546, #1854, #106 ),
 ( #2127, #415, #2408, #2925 ),
 ( #326, #2326, #625, #2622 ) ),
 .UNSPECIFIED., .F., .F., .T. ) 
 B_SPLINE_SURFACE_WITH_KNOTS ( ( 4, 4 ),
 ( 4, 4 ),
 ( 0.0000000000000000000, 1.000000000000000000 ),
 ( 0.0000000000000000000, 1.000000000000000000 ),
 .UNSPECIFIED. ) 
 GEOMETRIC_REPRESENTATION_ITEM ( )  RATIONAL_B_SPLINE_SURFACE ( (
 ( 1.000000000000000000, 0.3333333333333335400, 0.3333333333333335400, 1.000000000000000000),
 ( 0.9427141906301189600, 0.3142380635433731900, 0.3142380635433731900, 0.9427141906301189600),
 ( 0.9427141906301189600, 0.3142380635433731900, 0.3142380635433731900, 0.9427141906301189600),
 ( 1.000000000000000000, 0.3333333333333335400, 0.3333333333333335400, 1.000000000000000000) ) ) 
 REPRESENTATION_ITEM ( '' )  SURFACE ( )  );
#2980 = UNCERTAINTY_MEASURE_WITH_UNIT (LENGTH_MEASURE( 1.000000000000000100E-005 ), #1979, 'distance_accuracy_value', 'NONE');
#2981 = DIRECTION ( 'NONE',  ( -0.2588190451025229000, -0.9659258262890677600, -0.0000000000000000000 ) ) ;
#2982 = CARTESIAN_POINT ( 'NONE',  ( -0.1428134486740990900, 0.01308699060793902400, 0.04700000000000005600 ) ) ;
#2983 = CARTESIAN_POINT ( 'NONE',  ( -0.1633699731734308500, 0.02208105370647272000, 0.04700000000000006300 ) ) ;
#2984 = CARTESIAN_POINT ( 'NONE',  ( -0.1492725953844383800, 0.01830367271251573400, -0.04700000000000006300 ) ) ;
#2985 = MECHANICAL_DESIGN_GEOMETRIC_PRESENTATION_REPRESENTATION (  '', ( #2393 ), #3163 ) ;
#2986 = DIRECTION ( 'NONE',  ( -0.2588190451025217400, 0.9659258262890680900, 0.0000000000000000000 ) ) ;
#2987 = CARTESIAN_POINT ( 'NONE',  ( 0.1807221445045954800, 0.03089890283323587900, -0.008913724556376840000 ) ) ;
#2988 = CIRCLE ( 'NONE', #1488, 0.004236220472440949800 ) ;
#2989 = COLOUR_RGB ( '',1.000000000000000000, 0.8039215686274510100, 0.4941176470588235500 ) ;
#2990 =( NAMED_UNIT ( * ) SI_UNIT ( $, .STERADIAN. ) SOLID_ANGLE_UNIT ( ) );
#2991 = CARTESIAN_POINT ( 'NONE',  ( 0.1439336274264406700, 0.02104144939140573400, 0.08508627544362330800 ) ) ;
#2992 = EDGE_CURVE ( 'NONE', #539, #2100, #2215, .T. ) ;
#2993 = ORIENTED_EDGE ( 'NONE', *, *, #827, .F. ) ;
#2994 = CARTESIAN_POINT ( 'NONE',  ( -0.1623499323121046500, 0.02453343270163699600, -0.04699999999999888300 ) ) ;
#2995 = DIRECTION ( 'NONE',  ( 0.0000000000000000000, 0.0000000000000000000, -1.000000000000000000 ) ) ;
#2996 = CARTESIAN_POINT ( 'NONE',  ( -0.1830201483440818400, 0.03445765854904917600, -0.04700000000000006300 ) ) ;
#2997 = CARTESIAN_POINT ( 'NONE',  ( -0.1807221445045955100, 0.03089890283323588200, 0.04700000000000005600 ) ) ;
#2998 = VERTEX_POINT ( 'NONE', #3185 ) ;
#2999 = LINE ( 'NONE', #1803, #799 ) ;
#3000 = EDGE_LOOP ( 'NONE', ( #20, #1301 ) ) ;
#3001 = CARTESIAN_POINT ( 'NONE',  ( -0.1856694771522178800, 0.02457022883112957800, -0.04700000000000006900 ) ) ;
#3002 = CARTESIAN_POINT ( 'NONE',  ( 0.1412605344030655200, 0.01888254556723471100, 0.04700000000000006900 ) ) ;
#3003 = ORIENTED_EDGE ( 'NONE', *, *, #3616, .T. ) ;
#3004 = MECHANICAL_DESIGN_GEOMETRIC_PRESENTATION_REPRESENTATION (  '', ( #2041 ), #3187 ) ;
#3005 = DIRECTION ( 'NONE',  ( 0.9659258262890679800, 0.2588190451025217900, 0.0000000000000000000 ) ) ;
#3006 = DIRECTION ( 'NONE',  ( 1.182917971378669600E-016, 3.169619151431774200E-017, 1.000000000000000000 ) ) ;
#3007 = VERTEX_POINT ( 'NONE', #3696 ) ;
#3008 = SURFACE_STYLE_FILL_AREA ( #1840 ) ;
#3009 = AXIS2_PLACEMENT_3D ( 'NONE', #2093, #3704, #3712 ) ;
#3010 = SURFACE_SIDE_STYLE ('',( #3690 ) ) ;
#3011 = DIRECTION ( 'NONE',  ( 0.0000000000000000000, 0.0000000000000000000, 1.000000000000000000 ) ) ;
#3012 = AXIS2_PLACEMENT_3D ( 'NONE', #1851, #1837, #1823 ) ;
#3013 = CIRCLE ( 'NONE', #743, 0.01200000000000000200 ) ;
#3014 = SURFACE_SIDE_STYLE ('',( #2808 ) ) ;
#3015 = CARTESIAN_POINT ( 'NONE',  ( -0.1623775049890052400, 0.02578499539564483100, 0.02778508177622729400 ) ) ;
#3016 = CARTESIAN_POINT ( 'NONE',  ( -0.1492725953844383800, 0.01830367271251572700, 0.04700000000000006300 ) ) ;
#3017 = VERTEX_POINT ( 'NONE', #2037 ) ;
#3018 = SURFACE_STYLE_FILL_AREA ( #2291 ) ;
#3019 =( GEOMETRIC_REPRESENTATION_CONTEXT ( 3 ) GLOBAL_UNCERTAINTY_ASSIGNED_CONTEXT ( ( #1264 ) ) GLOBAL_UNIT_ASSIGNED_CONTEXT ( ( #21, #2046, #317 ) ) REPRESENTATION_CONTEXT ( 'NONE', 'WORKASPACE' ) );
#3020 = CARTESIAN_POINT ( 'NONE',  ( 0.1492725953844383800, 0.01830367271251573400, 0.04700000000000006300 ) ) ;
#3021 = AXIS2_PLACEMENT_3D ( 'NONE', #148, #2171, #453 ) ;
#3022 =( NAMED_UNIT ( * ) SI_UNIT ( $, .STERADIAN. ) SOLID_ANGLE_UNIT ( ) );
#3023 = CARTESIAN_POINT ( 'NONE',  ( -0.1667888944592339800, 0.009321465760776890400, 0.04700000000000006300 ) ) ;
#3024 =( GEOMETRIC_REPRESENTATION_CONTEXT ( 3 ) GLOBAL_UNCERTAINTY_ASSIGNED_CONTEXT ( ( #1982 ) ) GLOBAL_UNIT_ASSIGNED_CONTEXT ( ( #741, #2750, #1035 ) ) REPRESENTATION_CONTEXT ( 'NONE', 'WORKASPACE' ) );
#3025 = B_SPLINE_CURVE_WITH_KNOTS ( 'NONE', 3,
 ( #363, #1905, #472, #2461, #764, #2770, #1053, #3049, #1347, #3331, #1632, #3611, #1915, #180, #2200, #481, #2476, #777, #2784, #1066, #3065, #1359, #3346, #1644, #3622, #1931, #195, #2212, #496, #2493 ),
 .UNSPECIFIED., .F., .F.,
 ( 4, 1, 2, 2, 2, 1, 2, 2, 2, 1, 2, 2, 2, 1, 2, 2, 4 ),
 ( 0.0000000000000000000, 0.06250000000000038900, 0.09375000000000069400, 0.1250000000000010000, 0.2500000000000022200, 0.3125000000000025500, 0.3437500000000028300, 0.3750000000000030500, 0.5000000000000040000, 0.5625000000000037700, 0.5937500000000028900, 0.6250000000000021100, 0.7500000000000014400, 0.8125000000000010000, 0.8437500000000007800, 0.8750000000000005600, 1.000000000000000000 ),
 .UNSPECIFIED. ) ;
#3026 = SURFACE_STYLE_FILL_AREA ( #2829 ) ;
#3027 = LENGTH_MEASURE_WITH_UNIT ( LENGTH_MEASURE( 0.02539999999999999900 ), #350 );
#3028 = FILL_AREA_STYLE ('',( #2441 ) ) ;
#3029 = CARTESIAN_POINT ( 'NONE',  ( -0.1576257156231048200, 0.02451175727244900600, 0.02778508177622728700 ) ) ;
#3030 = UNCERTAINTY_MEASURE_WITH_UNIT (LENGTH_MEASURE( 1.000000000000000100E-005 ), #2813, 'distance_accuracy_value', 'NONE');
#3031 = ORIENTED_EDGE ( 'NONE', *, *, #731, .F. ) ;
#3032 = DIRECTION ( 'NONE',  ( -1.000000000000000000, 0.0000000000000000000, 0.0000000000000000000 ) ) ;
#3033 = FILL_AREA_STYLE_COLOUR ( '', #3409 ) ;
#3034 = EDGE_CURVE ( 'NONE', #1137, #1617, #2807, .T. ) ;
#3035 = FILL_AREA_STYLE_COLOUR ( '', #1226 ) ;
#3036 = CARTESIAN_POINT ( 'NONE',  ( -0.1817427903790546900, 0.03023983873174638000, -0.08671685518007657400 ) ) ;
#3037 = ORIENTED_EDGE ( 'NONE', *, *, #212, .T. ) ;
#3038 = ORIENTED_EDGE ( 'NONE', *, *, #1909, .F. ) ;
#3039 = CARTESIAN_POINT ( 'NONE',  ( -0.1538063640131546500, 0.02141124267390012700, 0.02778508177622728700 ) ) ;
#3040 = PLANE ( 'NONE',  #2594 ) ;
#3041 = ORIENTED_EDGE ( 'NONE', *, *, #110, .T. ) ;
#3042 =( GEOMETRIC_REPRESENTATION_CONTEXT ( 3 ) GLOBAL_UNCERTAINTY_ASSIGNED_CONTEXT ( ( #2206 ) ) GLOBAL_UNIT_ASSIGNED_CONTEXT ( ( #2939, #1228, #3219 ) ) REPRESENTATION_CONTEXT ( 'NONE', 'WORKASPACE' ) );
#3043 = CARTESIAN_POINT ( 'NONE',  ( -0.1671292943549056700, 0.02705823351884065200, 0.02778508177622729000 ) ) ;
#3044 =( LENGTH_UNIT ( ) NAMED_UNIT ( * ) SI_UNIT ( $, .METRE. ) );
#3045 = SURFACE_SIDE_STYLE ('',( #1141 ) ) ;
#3046 = VECTOR ( 'NONE', #1874, 39.37007874015748100 ) ;
#3047 = STYLED_ITEM ( 'NONE', ( #2840 ), #2038 ) ;
#3048 = CARTESIAN_POINT ( 'NONE',  ( 0.1412605344030655500, 0.01888254556723473200, -0.04700000000000006300 ) ) ;
#3049 = CARTESIAN_POINT ( 'NONE',  ( 0.1470089669930924900, 0.01421117635083318600, -0.03347172314333101600 ) ) ;
#3050 = CARTESIAN_POINT ( 'NONE',  ( 0.1623775049890052200, 0.02578499539564484800, 0.06621491822377283100 ) ) ;
#3051 = SURFACE_STYLE_FILL_AREA ( #758 ) ;
#3052 =( NAMED_UNIT ( * ) PLANE_ANGLE_UNIT ( ) SI_UNIT ( $, .RADIAN. ) );
#3053 = VECTOR ( 'NONE', #2327, 39.37007874015748100 ) ;
#3054 = PRESENTATION_LAYER_ASSIGNMENT (  '', '', ( #121 ) ) ;
#3055 = AXIS2_PLACEMENT_3D ( 'NONE', #439, #428, #414 ) ;
#3056 = SURFACE_STYLE_FILL_AREA ( #531 ) ;
#3057 = SURFACE_SIDE_STYLE ('',( #1107 ) ) ;
#3058 = SURFACE_SIDE_STYLE ('',( #916 ) ) ;
#3059 = LENGTH_MEASURE_WITH_UNIT ( LENGTH_MEASURE( 0.02539999999999999900 ), #3444 );
#3060 = CARTESIAN_POINT ( 'NONE',  ( 0.1828337769366177900, 0.02381040524838277600, -0.008503640305183449500 ) ) ;
#3061 = CARTESIAN_POINT ( 'NONE',  ( -0.1817427903790547200, 0.03023983873174638700, 0.04700000000000005600 ) ) ;
#3062 = DIMENSIONAL_EXPONENTS ( 1.000000000000000000, 0.0000000000000000000, 0.0000000000000000000, 0.0000000000000000000, 0.0000000000000000000, 0.0000000000000000000, 0.0000000000000000000 ) ;
#3063 = VERTEX_POINT ( 'NONE', #2619 ) ;
#3064 =( LENGTH_UNIT ( ) NAMED_UNIT ( * ) SI_UNIT ( $, .METRE. ) );
#3065 = CARTESIAN_POINT ( 'NONE',  ( 0.1748684126858149300, 0.02167609232577690600, -0.02749341820852424200 ) ) ;
#3066 = CARTESIAN_POINT ( 'NONE',  ( 0.1445674034030531300, 0.01355696135861290400, 0.03818361718566794200 ) ) ;
#3067 = MECHANICAL_DESIGN_GEOMETRIC_PRESENTATION_REPRESENTATION (  '', ( #2293 ), #3253 ) ;
#3068 =( CONVERSION_BASED_UNIT ( 'INCH', #1650 ) LENGTH_UNIT ( ) NAMED_UNIT ( #2412 ) );
#3069 = CIRCLE ( 'NONE', #2053, 0.01459467943118608100 ) ;
#3070 = PRESENTATION_STYLE_ASSIGNMENT (( #2570 ) ) ;
#3071 =( GEOMETRIC_REPRESENTATION_CONTEXT ( 3 ) GLOBAL_UNCERTAINTY_ASSIGNED_CONTEXT ( ( #2697 ) ) GLOBAL_UNIT_ASSIGNED_CONTEXT ( ( #663, #2660, #951 ) ) REPRESENTATION_CONTEXT ( 'NONE', 'WORKASPACE' ) );
#3072 = CARTESIAN_POINT ( 'NONE',  ( 0.1799335956404845300, 0.02426590062619858300, 0.04700000000000006300 ) ) ;
#3073 = CARTESIAN_POINT ( 'NONE',  ( 0.07155291427061515100, 0.0002044450422655913800, -0.07800000000000000000 ) ) ;
#3074 = LENGTH_MEASURE_WITH_UNIT ( LENGTH_MEASURE( 0.02539999999999999900 ), #352 );
#3075 = CARTESIAN_POINT ( 'NONE',  ( -0.07155291427061515100, 0.0002044450422655972600, 0.01600000000000003200 ) ) ;
#3076 = LENGTH_MEASURE_WITH_UNIT ( LENGTH_MEASURE( 0.02539999999999999900 ), #2156 );
#3077 = SURFACE_SIDE_STYLE ('',( #600 ) ) ;
#3078 = EDGE_LOOP ( 'NONE', ( #1844, #536, #3341, #855 ) ) ;
#3079 = DIRECTION ( 'NONE',  ( -0.9659258262890678700, 0.2588190451025221800, 0.0000000000000000000 ) ) ;
#3080 = CARTESIAN_POINT ( 'NONE',  ( 0.1496274375683258300, 0.02530280207860691500, 0.04067201956002123400 ) ) ;
#3081 = EDGE_CURVE ( 'NONE', #1248, #1683, #1284, .T. ) ;
#3082 = ORIENTED_EDGE ( 'NONE', *, *, #1149, .F. ) ;
#3083 = CARTESIAN_POINT ( 'NONE',  ( 0.1739298971459620500, 0.02025956414486004800, 0.06172633217640468400 ) ) ;
#3084 = CARTESIAN_POINT ( 'NONE',  ( -0.1557238596543351300, 0.01654632480153709500, -0.06736741475072594000 ) ) ;
#3085 = AXIS2_PLACEMENT_3D ( 'NONE', #1513, #1262, #1244 ) ;
#3086 = DIRECTION ( 'NONE',  ( -0.0000000000000000000, -0.0000000000000000000, -1.000000000000000000 ) ) ;
#3087 = CARTESIAN_POINT ( 'NONE',  ( -0.1496274375683257800, 0.02530280207860692600, 0.05332798043997890500 ) ) ;
#3088 = CARTESIAN_POINT ( 'NONE',  ( -0.1799335956404845300, 0.02426590062619857900, 0.04700000000000006300 ) ) ;
#3089 = VERTEX_POINT ( 'NONE', #2323 ) ;
#3090 = AXIS2_PLACEMENT_3D ( 'NONE', #438, #2152, #2165 ) ;
#3091 = PRESENTATION_LAYER_ASSIGNMENT (  '', '', ( #2713 ) ) ;
#3092 =( NAMED_UNIT ( * ) SI_UNIT ( $, .STERADIAN. ) SOLID_ANGLE_UNIT ( ) );
#3093 = CARTESIAN_POINT ( 'NONE',  ( -0.1835858524518345900, 0.02401192327114884000, -0.05657359898238223400 ) ) ;
#3094 = CARTESIAN_POINT ( 'NONE',  ( -0.1841165628816027700, 0.03036578378886398800, -0.09136782547080579700 ) ) ;
#3095 = VERTEX_POINT ( 'NONE', #903 ) ;
#3096 = CARTESIAN_POINT ( 'NONE',  ( -0.07000000000000000700, -0.005999999999999998400, -0.01600000000000004200 ) ) ;
#3097 = CARTESIAN_POINT ( 'NONE',  ( -0.1568390703895839700, 0.01858708264698416200, -0.06172633217640469800 ) ) ;
#3098 = AXIS2_PLACEMENT_3D ( 'NONE', #3235, #3220, #3209 ) ;
#3099 =( CONVERSION_BASED_UNIT ( 'INCH', #151 ) LENGTH_UNIT ( ) NAMED_UNIT ( #3215 ) );
#3100 = ORIENTED_EDGE ( 'NONE', *, *, #1557, .F. ) ;
#3101 = CARTESIAN_POINT ( 'NONE',  ( 0.1739298971459620500, 0.02025956414486004800, 0.03227366782359544100 ) ) ;
#3102 = CARTESIAN_POINT ( 'NONE',  ( 0.1434752019650039300, 0.01326430686531550300, 0.05251637122293384400 ) ) ;
#3103 = ADVANCED_FACE ( 'NONE', ( #3552, #511 ), #322, .T. ) ;
#3104 =( BOUNDED_SURFACE ( )  B_SPLINE_SURFACE ( 3, 3, ( 
 ( #124, #433, #3251, #2974 ),
 ( #2679, #1841, #88, #678 ),
 ( #966, #1267, #3328, #2455 ),
 ( #1340, #467, #1048, #2765 ) ),
 .UNSPECIFIED., .F., .F., .F. ) 
 B_SPLINE_SURFACE_WITH_KNOTS ( ( 4, 4 ),
 ( 4, 4 ),
 ( 0.0000000000000000000, 1.000000000000000000 ),
 ( 0.0000000000000000000, 1.000000000000000000 ),
 .UNSPECIFIED. ) 
 GEOMETRIC_REPRESENTATION_ITEM ( )  RATIONAL_B_SPLINE_SURFACE ( (
 ( 1.000000000000000000, 0.9420348673768949000, 0.9420348673768949000, 1.000000000000000000),
 ( 0.7757257530573668000, 0.7307607069022384900, 0.7307607069022384900, 0.7757257530573668000),
 ( 0.7757257530573668000, 0.7307607069022384900, 0.7307607069022384900, 0.7757257530573668000),
 ( 1.000000000000000000, 0.9420348673768949000, 0.9420348673768949000, 1.000000000000000000) ) ) 
 REPRESENTATION_ITEM ( '' )  SURFACE ( )  );
#3105 =( NAMED_UNIT ( * ) PLANE_ANGLE_UNIT ( ) SI_UNIT ( $, .RADIAN. ) );
#3106 = LINE ( 'NONE', #3703, #1601 ) ;
#3107 = DIRECTION ( 'NONE',  ( -0.0000000000000000000, -0.0000000000000000000, -1.000000000000000000 ) ) ;
#3108 = DIRECTION ( 'NONE',  ( 0.2588190451025229000, 0.9659258262890677600, 0.0000000000000000000 ) ) ;
#3109 = CARTESIAN_POINT ( 'NONE',  ( 0.1783530562174650800, 0.02260979974599291000, -0.06376545426434776500 ) ) ;
#3110 = AXIS2_PLACEMENT_3D ( 'NONE', #3361, #3348, #3079 ) ;
#3111 = SURFACE_STYLE_FILL_AREA ( #1178 ) ;
#3112 = COLOUR_RGB ( '',0.7921568627450980000, 0.8196078431372548800, 0.9333333333333333500 ) ;
#3113 = CARTESIAN_POINT ( 'NONE',  ( -0.1551355555319929600, 0.01522363548712235200, -0.03227366782359544800 ) ) ;
#3114 = COLOUR_RGB ( '',1.000000000000000000, 0.8039215686274510100, 0.4941176470588235500 ) ;
#3115 = FILL_AREA_STYLE ('',( #1405 ) ) ;
#3116 = MECHANICAL_DESIGN_GEOMETRIC_PRESENTATION_REPRESENTATION (  '', ( #2542 ), #3307 ) ;
#3117 = MECHANICAL_DESIGN_GEOMETRIC_PRESENTATION_REPRESENTATION (  '', ( #2739 ), #3308 ) ;
#3118 = CARTESIAN_POINT ( 'NONE',  ( 0.1676000319251616500, 0.01972853557067796500, 0.06899152921377250900 ) ) ;
#3119 = CARTESIAN_POINT ( 'NONE',  ( 0.1466892150844986700, 0.01950152830383892300, -0.05332798043997891100 ) ) ;
#3120 = ORIENTED_EDGE ( 'NONE', *, *, #1314, .F. ) ;
#3121 = CARTESIAN_POINT ( 'NONE',  ( 0.1511741509129443100, 0.01532723401848458200, -0.06484039255592002900 ) ) ;
#3122 = SURFACE_STYLE_USAGE ( .BOTH. , #1134 ) ;
#3123 = ADVANCED_FACE ( 'NONE', ( #3199 ), #1325, .T. ) ;
#3124 = CARTESIAN_POINT ( 'NONE',  ( 0.1623278859655180900, 0.02597017611232081700, 0.02795686227818846100 ) ) ;
#3125 = EDGE_CURVE ( 'NONE', #2316, #256, #649, .T. ) ;
#3126 = PRESENTATION_LAYER_ASSIGNMENT (  '', '', ( #2556 ) ) ;
#3127 = ORIENTED_EDGE ( 'NONE', *, *, #3501, .T. ) ;
#3128 = ORIENTED_EDGE ( 'NONE', *, *, #1362, .T. ) ;
#3129 = FILL_AREA_STYLE ('',( #3582 ) ) ;
#3130 = CARTESIAN_POINT ( 'NONE',  ( 0.1856694771526362100, 0.02457022882956828900, 0.04700000000000006900 ) ) ;
#3131 = CARTESIAN_POINT ( 'NONE',  ( -0.1470089669930944000, 0.01421117635083370800, 0.03347172314333084900 ) ) ;
#3132 = SURFACE_SIDE_STYLE ('',( #3634 ) ) ;
#3133 = LINE ( 'NONE', #2416, #852 ) ;
#3134 = CARTESIAN_POINT ( 'NONE',  ( 0.1774673509624233900, 0.02585843470042970700, -0.07618935886237227000 ) ) ;
#3135 =( BOUNDED_SURFACE ( )  B_SPLINE_SURFACE ( 3, 3, ( 
 ( #1269, #986, #2991, #1279 ),
 ( #3270, #1571, #3551, #1859 ),
 ( #114, #2135, #421, #2411 ),
 ( #710, #2712, #999, #3002 ) ),
 .UNSPECIFIED., .F., .F., .F. ) 
 B_SPLINE_SURFACE_WITH_KNOTS ( ( 4, 4 ),
 ( 4, 4 ),
 ( 0.0000000000000000000, 1.000000000000000000 ),
 ( 0.0000000000000000000, 1.000000000000000000 ),
 .UNSPECIFIED. ) 
 GEOMETRIC_REPRESENTATION_ITEM ( )  RATIONAL_B_SPLINE_SURFACE ( (
 ( 1.000000000000000000, 0.3333333333333335400, 0.3333333333333335400, 1.000000000000000000),
 ( 0.9427141906301176300, 0.3142380635433727500, 0.3142380635433727500, 0.9427141906301176300),
 ( 0.9427141906301176300, 0.3142380635433727500, 0.3142380635433727500, 0.9427141906301176300),
 ( 1.000000000000000000, 0.3333333333333335400, 0.3333333333333335400, 1.000000000000000000) ) ) 
 REPRESENTATION_ITEM ( '' )  SURFACE ( )  );
#3136 = PRESENTATION_LAYER_ASSIGNMENT (  '', '', ( #3325 ) ) ;
#3137 = CIRCLE ( 'NONE', #2634, 0.01904313772181161900 ) ;
#3138 = STYLED_ITEM ( 'NONE', ( #1474 ), #3707 ) ;
#3139 = CIRCLE ( 'NONE', #3399, 0.03100000000000002800 ) ;
#3140 =( NAMED_UNIT ( * ) SI_UNIT ( $, .STERADIAN. ) SOLID_ANGLE_UNIT ( ) );
#3141 = FACE_OUTER_BOUND ( 'NONE', #2306, .T. ) ;
#3142 = ADVANCED_FACE ( 'NONE', ( #2084 ), #2345, .T. ) ;
#3143 =( BOUNDED_SURFACE ( )  B_SPLINE_SURFACE ( 3, 3, ( 
 ( #3473, #2923, #1212, #3203 ),
 ( #1503, #3483, #1790, #47 ),
 ( #2072, #344, #2341, #640 ),
 ( #2640, #924, #830, #2450 ) ),
 .UNSPECIFIED., .F., .F., .F. ) 
 B_SPLINE_SURFACE_WITH_KNOTS ( ( 4, 4 ),
 ( 4, 4 ),
 ( 0.0000000000000000000, 1.000000000000000000 ),
 ( 0.0000000000000000000, 1.000000000000000000 ),
 .UNSPECIFIED. ) 
 GEOMETRIC_REPRESENTATION_ITEM ( )  RATIONAL_B_SPLINE_SURFACE ( (
 ( 1.000000000000000000, 0.3333333333333332000, 0.3333333333333332000, 1.000000000000000000),
 ( 0.9427141906301194100, 0.3142380635433730300, 0.3142380635433730300, 0.9427141906301194100),
 ( 0.9427141906301194100, 0.3142380635433730300, 0.3142380635433730300, 0.9427141906301194100),
 ( 1.000000000000000000, 0.3333333333333332000, 0.3333333333333332000, 1.000000000000000000) ) ) 
 REPRESENTATION_ITEM ( '' )  SURFACE ( )  );
#3144 = CYLINDRICAL_SURFACE ( 'NONE', #987, 0.03100000000000002100 ) ;
#3145 = CARTESIAN_POINT ( 'NONE',  ( -0.1748684126858109100, 0.02167609232577584500, 0.02749341820852129600 ) ) ;
#3146 = CARTESIAN_POINT ( 'NONE',  ( -0.07000000000000000700, -0.005999999999999998400, 0.01600000000000004900 ) ) ;
#3147 =( BOUNDED_SURFACE ( )  B_SPLINE_SURFACE ( 3, 3, ( 
 ( #468, #2197, #477, #2473 ),
 ( #772, #2780, #1063, #3061 ),
 ( #1357, #3340, #1640, #3621 ),
 ( #1928, #191, #2210, #494 ) ),
 .UNSPECIFIED., .F., .F., .F. ) 
 B_SPLINE_SURFACE_WITH_KNOTS ( ( 4, 4 ),
 ( 4, 4 ),
 ( 0.0000000000000000000, 1.000000000000000000 ),
 ( 0.0000000000000000000, 1.000000000000000000 ),
 .UNSPECIFIED. ) 
 GEOMETRIC_REPRESENTATION_ITEM ( )  RATIONAL_B_SPLINE_SURFACE ( (
 ( 1.000000000000000000, 0.3333333333333332000, 0.3333333333333332000, 1.000000000000000000),
 ( 0.9427141906301193000, 0.3142380635433729700, 0.3142380635433729700, 0.9427141906301193000),
 ( 0.9427141906301193000, 0.3142380635433729700, 0.3142380635433729700, 0.9427141906301193000),
 ( 1.000000000000000000, 0.3333333333333332000, 0.3333333333333332000, 1.000000000000000000) ) ) 
 REPRESENTATION_ITEM ( '' )  SURFACE ( )  );
#3148 = FILL_AREA_STYLE ('',( #3159 ) ) ;
#3149 = ORIENTED_EDGE ( 'NONE', *, *, #1652, .F. ) ;
#3150 = CARTESIAN_POINT ( 'NONE',  ( -0.1747847878598854400, 0.02165368512120189500, 0.06633132842987002300 ) ) ;
#3151 = FACE_OUTER_BOUND ( 'NONE', #3498, .T. ) ;
#3152 = EDGE_CURVE ( 'NONE', #3516, #1706, #1731, .T. ) ;
#3153 = CARTESIAN_POINT ( 'NONE',  ( -0.1634080012417073700, 0.02193913102355123100, 0.03227366782359544100 ) ) ;
#3154 = VECTOR ( 'NONE', #3180, 39.37007874015748100 ) ;
#3155 = FACE_OUTER_BOUND ( 'NONE', #2005, .T. ) ;
#3156 = DIRECTION ( 'NONE',  ( 0.0000000000000000000, 0.0000000000000000000, 1.000000000000000000 ) ) ;
#3157 = SURFACE_SIDE_STYLE ('',( #956 ) ) ;
#3158 =( CONVERSION_BASED_UNIT ( 'INCH', #1140 ) LENGTH_UNIT ( ) NAMED_UNIT ( #2198 ) );
#3159 = FILL_AREA_STYLE_COLOUR ( '', #2131 ) ;
#3160 = CARTESIAN_POINT ( 'NONE',  ( -0.1466691064876711200, 0.01412011100286630000, 0.05986157060277562400 ) ) ;
#3161 = ADVANCED_FACE ( 'NONE', ( #3151, #2474 ), #1891, .T. ) ;
#3162 = STYLED_ITEM ( 'NONE', ( #736 ), #3385 ) ;
#3163 =( GEOMETRIC_REPRESENTATION_CONTEXT ( 3 ) GLOBAL_UNCERTAINTY_ASSIGNED_CONTEXT ( ( #3568 ) ) GLOBAL_UNIT_ASSIGNED_CONTEXT ( ( #3068, #1361, #3350 ) ) REPRESENTATION_CONTEXT ( 'NONE', 'WORKASPACE' ) );
#3164 = FILL_AREA_STYLE ('',( #2888 ) ) ;
#3165 = ORIENTED_EDGE ( 'NONE', *, *, #977, .T. ) ;
#3166 =( BOUNDED_SURFACE ( )  B_SPLINE_SURFACE ( 3, 3, ( 
 ( #1308, #1862, #119, #1585 ),
 ( #152, #3602, #3590, #3576 ),
 ( #3566, #3323, #3313, #3299 ),
 ( #3289, #3039, #3029, #3015 ) ),
 .UNSPECIFIED., .F., .F., .F. ) 
 B_SPLINE_SURFACE_WITH_KNOTS ( ( 4, 4 ),
 ( 4, 4 ),
 ( 0.0000000000000000000, 1.000000000000000000 ),
 ( 0.0000000000000000000, 1.000000000000000000 ),
 .UNSPECIFIED. ) 
 GEOMETRIC_REPRESENTATION_ITEM ( )  RATIONAL_B_SPLINE_SURFACE ( (
 ( 1.000000000000000000, 0.9420348673768947900, 0.9420348673768947900, 1.000000000000000000),
 ( 0.7757257530573668000, 0.7307607069022383800, 0.7307607069022383800, 0.7757257530573668000),
 ( 0.7757257530573668000, 0.7307607069022383800, 0.7307607069022383800, 0.7757257530573668000),
 ( 1.000000000000000000, 0.9420348673768947900, 0.9420348673768947900, 1.000000000000000000) ) ) 
 REPRESENTATION_ITEM ( '' )  SURFACE ( )  );
#3167 = FILL_AREA_STYLE_COLOUR ( '', #2575 ) ;
#3168 = CARTESIAN_POINT ( 'NONE',  ( -0.1576324667347323600, 0.01705773452739784600, -0.02588576040180932600 ) ) ;
#3169 =( CONVERSION_BASED_UNIT ( 'INCH', #3351 ) LENGTH_UNIT ( ) NAMED_UNIT ( #1238 ) );
#3170 = CARTESIAN_POINT ( 'NONE',  ( -0.1405628328110793700, 0.02260441136696423800, -0.05525674887808444000 ) ) ;
#3171 = CARTESIAN_POINT ( 'NONE',  ( -0.1623278859655180900, 0.02597017611232079300, 0.04700000000000006300 ) ) ;
#3172 = CARTESIAN_POINT ( 'NONE',  ( -0.07310582854123028100, -0.005591109915468814800, 0.01600000000000004200 ) ) ;
#3173 = EDGE_LOOP ( 'NONE', ( #527, #3041, #2444 ) ) ;
#3174 = EDGE_CURVE ( 'NONE', #599, #3654, #3025, .T. ) ;
#3175 =( GEOMETRIC_REPRESENTATION_CONTEXT ( 3 ) GLOBAL_UNCERTAINTY_ASSIGNED_CONTEXT ( ( #896 ) ) GLOBAL_UNIT_ASSIGNED_CONTEXT ( ( #302, #286, #274 ) ) REPRESENTATION_CONTEXT ( 'NONE', 'WORKASPACE' ) );
#3176 = PRESENTATION_LAYER_ASSIGNMENT (  '', '', ( #2800 ) ) ;
#3177 = CARTESIAN_POINT ( 'NONE',  ( -0.1433792542216360300, 0.01996036019956384800, 0.007283144819923622100 ) ) ;
#3178 = ADVANCED_FACE ( 'NONE', ( #2123 ), #1705, .T. ) ;
#3179 = FILL_AREA_STYLE ('',( #3167 ) ) ;
#3180 = DIRECTION ( 'NONE',  ( 0.0000000000000000000, -0.0000000000000000000, -1.000000000000000000 ) ) ;
#3181 = CARTESIAN_POINT ( 'NONE',  ( 0.1509842432936335800, 0.03552168107242914500, -0.03874325112191566400 ) ) ;
#3182 = CARTESIAN_POINT ( 'NONE',  ( -0.1439336274264407000, 0.02104144939140573800, -0.04700000000000006300 ) ) ;
#3183 = FILL_AREA_STYLE_COLOUR ( '', #1363 ) ;
#3184 = ORIENTED_EDGE ( 'NONE', *, *, #919, .T. ) ;
#3185 = CARTESIAN_POINT ( 'NONE',  ( -0.07000000000000000700, -2.667820306312757000E-018, 0.01600000000000004200 ) ) ;
#3186 = VECTOR ( 'NONE', #3500, 39.37007874015748100 ) ;
#3187 =( GEOMETRIC_REPRESENTATION_CONTEXT ( 3 ) GLOBAL_UNCERTAINTY_ASSIGNED_CONTEXT ( ( #878 ) ) GLOBAL_UNIT_ASSIGNED_CONTEXT ( ( #1117, #3105, #1411 ) ) REPRESENTATION_CONTEXT ( 'NONE', 'WORKASPACE' ) );
#3188 = COLOUR_RGB ( '',1.000000000000000000, 0.8039215686274510100, 0.4941176470588235500 ) ;
#3189 = UNCERTAINTY_MEASURE_WITH_UNIT (LENGTH_MEASURE( 1.000000000000000100E-005 ), #1805, 'distance_accuracy_value', 'NONE');
#3190 = CARTESIAN_POINT ( 'NONE',  ( 0.1774673509624233300, 0.02585843470042972800, 0.04700000000000006900 ) ) ;
#3191 = FILL_AREA_STYLE_COLOUR ( '', #2335 ) ;
#3192 = SURFACE_STYLE_FILL_AREA ( #61 ) ;
#3193 = LENGTH_MEASURE_WITH_UNIT ( LENGTH_MEASURE( 0.02539999999999999900 ), #3630 );
#3194 = CARTESIAN_POINT ( 'NONE',  ( 0.1633699731734308500, 0.02208105370647272700, 0.04700000000000006300 ) ) ;
#3195 = EDGE_LOOP ( 'NONE', ( #1818, #3615, #3673, #3100 ) ) ;
#3196 = CARTESIAN_POINT ( 'NONE',  ( -0.1433792542216359700, 0.01996036019956385800, -0.04700000000000004900 ) ) ;
#3197 = DIRECTION ( 'NONE',  ( -0.0000000000000000000, 0.0000000000000000000, 1.000000000000000000 ) ) ;
#3198 = LINE ( 'NONE', #3599, #233 ) ;
#3199 = FACE_OUTER_BOUND ( 'NONE', #3397, .T. ) ;
#3200 = CIRCLE ( 'NONE', #111, 0.01968503937007874000 ) ;
#3201 = PRESENTATION_STYLE_ASSIGNMENT (( #3312 ) ) ;
#3202 = EDGE_CURVE ( 'NONE', #3437, #3398, #1010, .T. ) ;
#3203 = CARTESIAN_POINT ( 'NONE',  ( -0.1774673509624233600, 0.02585843470042971700, -0.04700000000000006300 ) ) ;
#3204 = VECTOR ( 'NONE', #2261, 39.37007874015748900 ) ;
#3205 = COLOUR_RGB ( '',1.000000000000000000, 0.8039215686274510100, 0.4941176470588235500 ) ;
#3206 = CARTESIAN_POINT ( 'NONE',  ( -0.1757549444056436300, 0.03857634961290894900, -0.05525674887808446800 ) ) ;
#3207 = ORIENTED_EDGE ( 'NONE', *, *, #3686, .F. ) ;
#3208 = AXIS2_PLACEMENT_3D ( 'NONE', #2751, #1036, #3032 ) ;
#3209 = DIRECTION ( 'NONE',  ( -0.9659258262890680900, -0.2588190451025214600, 0.0000000000000000000 ) ) ;
#3210 = PLANE ( 'NONE',  #3085 ) ;
#3211 = SURFACE_STYLE_USAGE ( .BOTH. , #1221 ) ;
#3212 = CARTESIAN_POINT ( 'NONE',  ( -0.1412605344034839300, 0.01888254556567343200, -0.04700000000000006900 ) ) ;
#3213 = CARTESIAN_POINT ( 'NONE',  ( 0.1856694771522178500, 0.02457022883112957400, 0.09136782547080570000 ) ) ;
#3214 = STYLED_ITEM ( 'NONE', ( #1019 ), #2545 ) ;
#3215 = DIMENSIONAL_EXPONENTS ( 1.000000000000000000, 0.0000000000000000000, 0.0000000000000000000, 0.0000000000000000000, 0.0000000000000000000, 0.0000000000000000000, 0.0000000000000000000 ) ;
#3216 = ORIENTED_EDGE ( 'NONE', *, *, #1461, .T. ) ;
#3217 = SURFACE_SIDE_STYLE ('',( #2513 ) ) ;
#3218 = VERTEX_POINT ( 'NONE', #3660 ) ;
#3219 =( NAMED_UNIT ( * ) SI_UNIT ( $, .STERADIAN. ) SOLID_ANGLE_UNIT ( ) );
#3220 = DIRECTION ( 'NONE',  ( -0.2588190451025215200, 0.9659258262890680900, -0.0000000000000000000 ) ) ;
#3221 = CIRCLE ( 'NONE', #2669, 0.01459467943118608100 ) ;
#3222 =( CONVERSION_BASED_UNIT ( 'INCH', #3074 ) LENGTH_UNIT ( ) NAMED_UNIT ( #2060 ) );
#3223 = CARTESIAN_POINT ( 'NONE',  ( -0.1639028465827197800, 0.01873787774390259600, 0.04699999999999888300 ) ) ;
#3224 = SURFACE_STYLE_USAGE ( .BOTH. , #1235 ) ;
#3225 =( CONVERSION_BASED_UNIT ( 'INCH', #611 ) LENGTH_UNIT ( ) NAMED_UNIT ( #1938 ) );
#3226 = CARTESIAN_POINT ( 'NONE',  ( 0.1639028465827198400, 0.01873787774390249900, 0.07800000000000000000 ) ) ;
#3227 = LINE ( 'NONE', #1559, #72 ) ;
#3228 = VECTOR ( 'NONE', #1885, 39.37007874015748100 ) ;
#3229 =( NAMED_UNIT ( * ) PLANE_ANGLE_UNIT ( ) SI_UNIT ( $, .RADIAN. ) );
#3230 =( LENGTH_UNIT ( ) NAMED_UNIT ( * ) SI_UNIT ( $, .METRE. ) );
#3231 = PRESENTATION_LAYER_ASSIGNMENT (  '', '', ( #3421 ) ) ;
#3232 = LENGTH_MEASURE_WITH_UNIT ( LENGTH_MEASURE( 0.02539999999999999900 ), #3329 );
#3233 = FACE_OUTER_BOUND ( 'NONE', #1265, .T. ) ;
#3234 = ORIENTED_EDGE ( 'NONE', *, *, #1335, .T. ) ;
#3235 = CARTESIAN_POINT ( 'NONE',  ( 0.1623278859655180900, 0.02597017611232081300, 0.04700000000000006300 ) ) ;
#3236 = FILL_AREA_STYLE ('',( #952 ) ) ;
#3237 = CARTESIAN_POINT ( 'NONE',  ( 0.1672388651455729800, 0.03276749398526573900, -0.04067201956002122800 ) ) ;
#3238 = FILL_AREA_STYLE_COLOUR ( '', #1570 ) ;
#3239 = VECTOR ( 'NONE', #1808, 39.37007874015748100 ) ;
#3240 = CARTESIAN_POINT ( 'NONE',  ( 0.1828337769366178700, 0.02381040524838278600, -0.04700000000000006300 ) ) ;
#3241 = CARTESIAN_POINT ( 'NONE',  ( 0.1443966255079769900, 0.03017391338828151800, 0.03874325112191568500 ) ) ;
#3242 = SURFACE_STYLE_FILL_AREA ( #2849 ) ;
#3243 = AXIS2_PLACEMENT_3D ( 'NONE', #123, #716, #691 ) ;
#3244 = CIRCLE ( 'NONE', #1164, 0.01904313772181160200 ) ;
#3245 = FACE_BOUND ( 'NONE', #2812, .T. ) ;
#3246 = FILL_AREA_STYLE_COLOUR ( '', #3593 ) ;
#3247 = VECTOR ( 'NONE', #432, 39.37007874015748100 ) ;
#3248 =( LENGTH_UNIT ( ) NAMED_UNIT ( * ) SI_UNIT ( $, .METRE. ) );
#3249 = FILL_AREA_STYLE_COLOUR ( '', #1963 ) ;
#3250 = CARTESIAN_POINT ( 'NONE',  ( -0.07155291427061515100, 0.0002044450422655972600, -0.07800000000000006900 ) ) ;
#3251 = CARTESIAN_POINT ( 'NONE',  ( 0.1719872071743819300, 0.02628278491666789400, -0.06621491822377283100 ) ) ;
#3252 = SURFACE_STYLE_FILL_AREA ( #1334 ) ;
#3253 =( GEOMETRIC_REPRESENTATION_CONTEXT ( 3 ) GLOBAL_UNCERTAINTY_ASSIGNED_CONTEXT ( ( #1158 ) ) GLOBAL_UNIT_ASSIGNED_CONTEXT ( ( #3406, #1711, #3684 ) ) REPRESENTATION_CONTEXT ( 'NONE', 'WORKASPACE' ) );
#3254 = FACE_OUTER_BOUND ( 'NONE', #199, .T. ) ;
#3255 = ORIENTED_EDGE ( 'NONE', *, *, #470, .T. ) ;
#3256 = FILL_AREA_STYLE_COLOUR ( '', #1315 ) ;
#3257 = AXIS2_PLACEMENT_3D ( 'NONE', #2115, #401, #2394 ) ;
#3258 = CARTESIAN_POINT ( 'NONE',  ( -0.1623278859655181100, 0.02597017611232080000, 0.02795686227818844300 ) ) ;
#3259 = ORIENTED_EDGE ( 'NONE', *, *, #1392, .T. ) ;
#3260 = DIRECTION ( 'NONE',  ( 0.9659258262890680900, -0.2588190451025215200, 0.0000000000000000000 ) ) ;
#3261 = ORIENTED_EDGE ( 'NONE', *, *, #3664, .T. ) ;
#3262 = SURFACE_STYLE_USAGE ( .BOTH. , #3272 ) ;
#3263 = DIRECTION ( 'NONE',  ( -0.9659258262890679800, -0.2588190451025215700, -0.0000000000000000000 ) ) ;
#3264 = ORIENTED_EDGE ( 'NONE', *, *, #288, .F. ) ;
#3265 = CARTESIAN_POINT ( 'NONE',  ( 0.1439336274264407000, 0.02104144939140570300, -0.04700000000000005600 ) ) ;
#3266 = CARTESIAN_POINT ( 'NONE',  ( -0.1774673509624233000, 0.02585843470042972400, -0.07618935886237218600 ) ) ;
#3267 = DIMENSIONAL_EXPONENTS ( 1.000000000000000000, 0.0000000000000000000, 0.0000000000000000000, 0.0000000000000000000, 0.0000000000000000000, 0.0000000000000000000, 0.0000000000000000000 ) ;
#3268 = STYLED_ITEM ( 'NONE', ( #3556 ), #301 ) ;
#3269 = CARTESIAN_POINT ( 'NONE',  ( 0.07000000000000000700, -0.006000000000000000100, 0.0000000000000000000 ) ) ;
#3270 = CARTESIAN_POINT ( 'NONE',  ( 0.1817427903790546900, 0.03023983873174638700, 0.04700000000000006900 ) ) ;
#3271 = CARTESIAN_POINT ( 'NONE',  ( -0.1667888944592339800, 0.009321465760776890400, -0.04700000000000006300 ) ) ;
#3272 = SURFACE_SIDE_STYLE ('',( #709 ) ) ;
#3273 = EDGE_CURVE ( 'NONE', #3654, #599, #1034, .T. ) ;
#3274 = DIRECTION ( 'NONE',  ( -0.9659258262890680900, -0.2588190451025218500, 0.0000000000000000000 ) ) ;
#3275 = ORIENTED_EDGE ( 'NONE', *, *, #2305, .F. ) ;
#3276 = SURFACE_STYLE_USAGE ( .BOTH. , #2706 ) ;
#3277 = CARTESIAN_POINT ( 'NONE',  ( -0.1428134486736807000, 0.01308699060950031800, -0.09136782547080585200 ) ) ;
#3278 =( NAMED_UNIT ( * ) SI_UNIT ( $, .STERADIAN. ) SOLID_ANGLE_UNIT ( ) );
#3279 = FACE_OUTER_BOUND ( 'NONE', #23, .T. ) ;
#3280 = MECHANICAL_DESIGN_GEOMETRIC_PRESENTATION_REPRESENTATION (  '', ( #2911 ), #3469 ) ;
#3282 =( BOUNDED_CURVE ( )  B_SPLINE_CURVE ( 3, ( #1123, #1427, #849, #2521 ),
 .UNSPECIFIED., .F., .F. ) 
 B_SPLINE_CURVE_WITH_KNOTS ( ( 4, 4 ),
 ( 0.0000000000000000000, 1.000000000000000000 ),
 .UNSPECIFIED. ) 
 CURVE ( )  GEOMETRIC_REPRESENTATION_ITEM ( )  RATIONAL_B_SPLINE_CURVE ( ( 1.000000000000000000, 0.3333333333333335400, 0.3333333333333335400, 1.000000000000000000 ) ) 
 REPRESENTATION_ITEM ( '' )  );
#3281 = DIRECTION ( 'NONE',  ( 0.0000000000000000000, 0.0000000000000000000, 1.000000000000000000 ) ) ;
#3283 = DIMENSIONAL_EXPONENTS ( 1.000000000000000000, 0.0000000000000000000, 0.0000000000000000000, 0.0000000000000000000, 0.0000000000000000000, 0.0000000000000000000, 0.0000000000000000000 ) ;
#3284 = VERTEX_POINT ( 'NONE', #3096 ) ;
#3285 = DIRECTION ( 'NONE',  ( 0.0000000000000000000, 0.0000000000000000000, -1.000000000000000000 ) ) ;
#3286 = STYLED_ITEM ( 'NONE', ( #3683 ), #2307 ) ;
#3287 = FILL_AREA_STYLE_COLOUR ( '', #2042 ) ;
#3288 = DIRECTION ( 'NONE',  ( -0.9659258262890679800, -0.2588190451025216800, 0.0000000000000000000 ) ) ;
#3289 = CARTESIAN_POINT ( 'NONE',  ( -0.1515836178269699100, 0.01702261681971243400, 0.02778508177622729400 ) ) ;
#3290 = FACE_OUTER_BOUND ( 'NONE', #3324, .T. ) ;
#3291 = CARTESIAN_POINT ( 'NONE',  ( 0.1633699731734308500, 0.02208105370647272000, -0.04700000000000006300 ) ) ;
#3292 = DIRECTION ( 'NONE',  ( 0.0000000000000000000, 0.0000000000000000000, 1.000000000000000000 ) ) ;
#3293 = CIRCLE ( 'NONE', #1191, 0.006000000000000001000 ) ;
#3294 = EDGE_CURVE ( 'NONE', #2235, #293, #2427, .T. ) ;
#3295 = EDGE_CURVE ( 'NONE', #1616, #1078, #3198, .T. ) ;
#3296 = VERTEX_POINT ( 'NONE', #845 ) ;
#3297 = ORIENTED_EDGE ( 'NONE', *, *, #1444, .F. ) ;
#3298 =( LENGTH_UNIT ( ) NAMED_UNIT ( * ) SI_UNIT ( $, .METRE. ) );
#3299 = CARTESIAN_POINT ( 'NONE',  ( -0.1591801297522013600, 0.03771776223025956300, 0.03874325112191566400 ) ) ;
#3300 = AXIS2_PLACEMENT_3D ( 'NONE', #2787, #2506, #2496 ) ;
#3301 = CIRCLE ( 'NONE', #687, 0.03100000000000002800 ) ;
#3302 = UNCERTAINTY_MEASURE_WITH_UNIT (LENGTH_MEASURE( 1.000000000000000100E-005 ), #2699, 'distance_accuracy_value', 'NONE');
#3303 = EDGE_LOOP ( 'NONE', ( #2415, #2633, #2823 ) ) ;
#3304 = FILL_AREA_STYLE_COLOUR ( '', #2900 ) ;
#3305 = DIRECTION ( 'NONE',  ( 0.2588190451025215200, 0.9659258262890680900, -0.0000000000000000000 ) ) ;
#3306 = VERTEX_POINT ( 'NONE', #1436 ) ;
#3307 =( GEOMETRIC_REPRESENTATION_CONTEXT ( 3 ) GLOBAL_UNCERTAINTY_ASSIGNED_CONTEXT ( ( #1090 ) ) GLOBAL_UNIT_ASSIGNED_CONTEXT ( ( #1941, #206, #2225 ) ) REPRESENTATION_CONTEXT ( 'NONE', 'WORKASPACE' ) );
#3308 =( GEOMETRIC_REPRESENTATION_CONTEXT ( 3 ) GLOBAL_UNCERTAINTY_ASSIGNED_CONTEXT ( ( #2139 ) ) GLOBAL_UNIT_ASSIGNED_CONTEXT ( ( #1741, #3710, #2022 ) ) REPRESENTATION_CONTEXT ( 'NONE', 'WORKASPACE' ) );
#3309 = CARTESIAN_POINT ( 'NONE',  ( -0.1428134486740990900, 0.01308699060793902500, -0.04700000000000009700 ) ) ;
#3310 = DIRECTION ( 'NONE',  ( 0.0000000000000000000, 0.0000000000000000000, 1.000000000000000000 ) ) ;
#3311 = ORIENTED_EDGE ( 'NONE', *, *, #2499, .T. ) ;
#3312 = SURFACE_STYLE_USAGE ( .BOTH. , #1320 ) ;
#3313 = CARTESIAN_POINT ( 'NONE',  ( -0.1509842432936335800, 0.03552168107242914500, 0.03874325112191566400 ) ) ;
#3314 = CIRCLE ( 'NONE', #1911, 0.01904313772181161900 ) ;
#3315 = EDGE_CURVE ( 'NONE', #1175, #1025, #906, .T. ) ;
#3316 = MECHANICAL_DESIGN_GEOMETRIC_PRESENTATION_REPRESENTATION (  '', ( #2556 ), #3503 ) ;
#3317 = CARTESIAN_POINT ( 'NONE',  ( -0.1719872071743819300, 0.02628278491666789400, 0.06621491822377283100 ) ) ;
#3318 = ORIENTED_EDGE ( 'NONE', *, *, #1391, .T. ) ;
#3319 = CARTESIAN_POINT ( 'NONE',  ( 0.1439336274264406700, 0.02104144939140570300, -0.08508627544362330800 ) ) ;
#3320 = DIRECTION ( 'NONE',  ( -0.2588190451025217400, -0.9659258262890680900, 0.0000000000000000000 ) ) ;
#3321 = CARTESIAN_POINT ( 'NONE',  ( -0.1433792542216359700, 0.01996036019956383400, -0.04700000000000006900 ) ) ;
#3322 = PRESENTATION_LAYER_ASSIGNMENT (  '', '', ( #2948 ) ) ;
#3323 = CARTESIAN_POINT ( 'NONE',  ( -0.1443966255079769400, 0.03017391338828151800, 0.03874325112191566400 ) ) ;
#3324 = EDGE_LOOP ( 'NONE', ( #2144, #2251, #3216, #2732, #196 ) ) ;
#3325 = STYLED_ITEM ( 'NONE', ( #725 ), #1432 ) ;
#3326 = CARTESIAN_POINT ( 'NONE',  ( -0.1761064747648767600, 0.02359349653232856900, 0.02778508177622729400 ) ) ;
#3327 =( NAMED_UNIT ( * ) PLANE_ANGLE_UNIT ( ) SI_UNIT ( $, .RADIAN. ) );
#3328 = CARTESIAN_POINT ( 'NONE',  ( 0.1757549444056436800, 0.03857634961290894200, -0.03874325112191566400 ) ) ;
#3329 =( LENGTH_UNIT ( ) NAMED_UNIT ( * ) SI_UNIT ( $, .METRE. ) );
#3330 = CARTESIAN_POINT ( 'NONE',  ( 0.1841165628816027700, 0.03036578378886400200, -0.09136782547080585200 ) ) ;
#3331 = CARTESIAN_POINT ( 'NONE',  ( 0.1518181397021384200, 0.01549979029448383600, -0.02880775795814510500 ) ) ;
#3332 = CARTESIAN_POINT ( 'NONE',  ( 0.1757549444056436300, 0.03857634961290894900, 0.05525674887808446800 ) ) ;
#3333 = MECHANICAL_DESIGN_GEOMETRIC_PRESENTATION_REPRESENTATION (  '', ( #2369 ), #3524 ) ;
#3334 = SURFACE_STYLE_FILL_AREA ( #147 ) ;
#3335 = VECTOR ( 'NONE', #3472, 39.37007874015748100 ) ;
#3336 = ORIENTED_EDGE ( 'NONE', *, *, #733, .F. ) ;
#3337 =( LENGTH_UNIT ( ) NAMED_UNIT ( * ) SI_UNIT ( $, .METRE. ) );
#3338 =( LENGTH_UNIT ( ) NAMED_UNIT ( * ) SI_UNIT ( $, .METRE. ) );
#3339 = CARTESIAN_POINT ( 'NONE',  ( 0.1456491488892808500, 0.01384681419224714600, -0.04700000000000006300 ) ) ;
#3340 = CARTESIAN_POINT ( 'NONE',  ( -0.1424340780307523600, 0.01919699563455609300, 0.08893794194197350600 ) ) ;
#3341 = ORIENTED_EDGE ( 'NONE', *, *, #1561, .F. ) ;
#3342 = EDGE_CURVE ( 'NONE', #248, #464, #133, .T. ) ;
#3343 = ORIENTED_EDGE ( 'NONE', *, *, #422, .T. ) ;
#3344 = SURFACE_STYLE_FILL_AREA ( #718 ) ;
#3345 =( NAMED_UNIT ( * ) PLANE_ANGLE_UNIT ( ) SI_UNIT ( $, .RADIAN. ) );
#3346 = CARTESIAN_POINT ( 'NONE',  ( 0.1804356481773944900, 0.02316782857981954400, -0.03239060358528150800 ) ) ;
#3347 = ORIENTED_EDGE ( 'NONE', *, *, #1510, .T. ) ;
#3348 = DIRECTION ( 'NONE',  ( -1.182917971378669600E-016, 3.169619151431774200E-017, -1.000000000000000000 ) ) ;
#3349 = ORIENTED_EDGE ( 'NONE', *, *, #1676, .F. ) ;
#3350 =( NAMED_UNIT ( * ) SI_UNIT ( $, .STERADIAN. ) SOLID_ANGLE_UNIT ( ) );
#3351 = LENGTH_MEASURE_WITH_UNIT ( LENGTH_MEASURE( 0.02539999999999999900 ), #1180 );
#3352 = VERTEX_POINT ( 'NONE', #3146 ) ;
#3353 = ORIENTED_EDGE ( 'NONE', *, *, #1200, .T. ) ;
#3354 = CARTESIAN_POINT ( 'NONE',  ( 0.1456491488892807900, 0.01384681419224713600, 0.008503640305183312500 ) ) ;
#3355 = FILL_AREA_STYLE ('',( #2777 ) ) ;
#3356 = CARTESIAN_POINT ( 'NONE',  ( -0.1634080012417073700, 0.02193913102355123800, 0.03227366782359544800 ) ) ;
#3357 = DIMENSIONAL_EXPONENTS ( 1.000000000000000000, 0.0000000000000000000, 0.0000000000000000000, 0.0000000000000000000, 0.0000000000000000000, 0.0000000000000000000, 0.0000000000000000000 ) ;
#3358 = AXIS2_PLACEMENT_3D ( 'NONE', #1389, #3375, #1675 ) ;
#3359 = SURFACE_SIDE_STYLE ('',( #3489 ) ) ;
#3360 =( LENGTH_UNIT ( ) NAMED_UNIT ( * ) SI_UNIT ( $, .METRE. ) );
#3361 = CARTESIAN_POINT ( 'NONE',  ( -0.1830201483440818400, 0.03445765854904917600, 0.04700000000000006300 ) ) ;
#3362 = COLOUR_RGB ( '',1.000000000000000000, 0.8039215686274510100, 0.4941176470588235500 ) ;
#3363 = CARTESIAN_POINT ( 'NONE',  ( 0.1634080012417073700, 0.02193913102355123800, 0.03227366782359544800 ) ) ;
#3364 = PRESENTATION_STYLE_ASSIGNMENT (( #3521 ) ) ;
#3365 = EDGE_CURVE ( 'NONE', #1839, #1710, #824, .T. ) ;
#3366 = EDGE_CURVE ( 'NONE', #3352, #2998, #3106, .T. ) ;
#3367 = COLOUR_RGB ( '',1.000000000000000000, 0.8039215686274510100, 0.4941176470588235500 ) ;
#3368 = CARTESIAN_POINT ( 'NONE',  ( 0.1492725953844383800, 0.01830367271251573400, 0.04700000000000006300 ) ) ;
#3369 = CARTESIAN_POINT ( 'NONE',  ( -0.1615298895695024000, 0.01810204582853711500, -0.06918126958837489400 ) ) ;
#3370 = CARTESIAN_POINT ( 'NONE',  ( -0.07000000000000000700, -0.006000000000000000100, 0.07800000000000000000 ) ) ;
#3371 = CARTESIAN_POINT ( 'NONE',  ( -0.1609575297236173200, 0.03108441523156371000, 0.05332798043997891100 ) ) ;
#3372 = CARTESIAN_POINT ( 'NONE',  ( -0.1456491488892807900, 0.01384681419224713600, 0.08549635969481680900 ) ) ;
#3373 = VERTEX_POINT ( 'NONE', #2001 ) ;
#3374 = CARTESIAN_POINT ( 'NONE',  ( 0.1774673509624233600, 0.02585843470042971700, 0.04700000000000006900 ) ) ;
#3375 = DIRECTION ( 'NONE',  ( -0.2588190451025215200, 0.9659258262890680900, -0.0000000000000000000 ) ) ;
#3376 = CARTESIAN_POINT ( 'NONE',  ( 0.1707728864236331100, 0.02232063740079146700, 0.06172633217640468400 ) ) ;
#3377 = CARTESIAN_POINT ( 'NONE',  ( 0.1428134486740990900, 0.01308699060793902400, 0.04700000000000006300 ) ) ;
#3378 = UNCERTAINTY_MEASURE_WITH_UNIT (LENGTH_MEASURE( 1.000000000000000100E-005 ), #3099, 'distance_accuracy_value', 'NONE');
#3379 = CARTESIAN_POINT ( 'NONE',  ( -0.1851628096435825000, 0.02443446767717615300, -0.05256337331909939600 ) ) ;
#3380 = SURFACE_STYLE_FILL_AREA ( #2110 ) ;
#3381 = CARTESIAN_POINT ( 'NONE',  ( -0.1412605344030655200, 0.01888254556723471100, -0.04700000000000006900 ) ) ;
#3382 = LENGTH_MEASURE_WITH_UNIT ( LENGTH_MEASURE( 0.02539999999999999900 ), #806 );
#3383 = DIRECTION ( 'NONE',  ( -0.2588190451025215200, 0.9659258262890680900, -0.0000000000000000000 ) ) ;
#3384 = CARTESIAN_POINT ( 'NONE',  ( 0.1856669057145249000, 0.02456953981229286600, -0.04841370332545327100 ) ) ;
#3385 = ADVANCED_FACE ( 'NONE', ( #1773 ), #3144, .T. ) ;
#3386 = FILL_AREA_STYLE_COLOUR ( '', #2155 ) ;
#3387 = CARTESIAN_POINT ( 'NONE',  ( -0.1609575297236173200, 0.03108441523156371000, -0.05332798043997891100 ) ) ;
#3388 = VERTEX_POINT ( 'NONE', #2302 ) ;
#3389 = DIRECTION ( 'NONE',  ( -1.000000000000000000, 0.0000000000000000000, 0.0000000000000000000 ) ) ;
#3390 = CARTESIAN_POINT ( 'NONE',  ( 0.1670497772732067700, 0.02291494197020654100, 0.03227366782359544100 ) ) ;
#3391 = CARTESIAN_POINT ( 'NONE',  ( 0.1440475445044096800, 0.01341766558654324500, 0.05445676915181237700 ) ) ;
#3392 = EDGE_CURVE ( 'NONE', #571, #146, #1508, .T. ) ;
#3393 = SURFACE_SIDE_STYLE ('',( #3026 ) ) ;
#3394 = ORIENTED_EDGE ( 'NONE', *, *, #3572, .T. ) ;
#3395 = CARTESIAN_POINT ( 'NONE',  ( 0.1747847878598853800, 0.02165368512120188800, -0.06633132842987003700 ) ) ;
#3396 = ORIENTED_EDGE ( 'NONE', *, *, #1075, .T. ) ;
#3397 = EDGE_LOOP ( 'NONE', ( #2283, #3430, #3264, #2167 ) ) ;
#3398 = VERTEX_POINT ( 'NONE', #295 ) ;
#3399 = AXIS2_PLACEMENT_3D ( 'NONE', #1776, #35, #2061 ) ;
#3400 = AXIS2_PLACEMENT_3D ( 'NONE', #163, #2182, #466 ) ;
#3401 = CARTESIAN_POINT ( 'NONE',  ( 0.1708504590932604600, 0.02059948490542620400, 0.06811423959819057300 ) ) ;
#3402 = ADVANCED_FACE ( 'NONE', ( #174 ), #2795, .F. ) ;
#3403 = CARTESIAN_POINT ( 'NONE',  ( 0.1546761943016616600, 0.02940133647786168400, -0.05332798043997890500 ) ) ;
#3404 = CARTESIAN_POINT ( 'NONE',  ( 0.1466691064876705600, 0.01412011100286614100, -0.05986157060277502000 ) ) ;
#3405 = LENGTH_MEASURE_WITH_UNIT ( LENGTH_MEASURE( 0.02539999999999999900 ), #2121 );
#3406 =( CONVERSION_BASED_UNIT ( 'INCH', #1646 ) LENGTH_UNIT ( ) NAMED_UNIT ( #2178 ) );
#3407 = DIRECTION ( 'NONE',  ( 0.0000000000000000000, 0.0000000000000000000, -1.000000000000000000 ) ) ;
#3408 = UNCERTAINTY_MEASURE_WITH_UNIT (LENGTH_MEASURE( 1.000000000000000100E-005 ), #2313, 'distance_accuracy_value', 'NONE');
#3409 = COLOUR_RGB ( '',1.000000000000000000, 0.8039215686274510100, 0.4941176470588235500 ) ;
#3410 = SURFACE_STYLE_USAGE ( .BOTH. , #1430 ) ;
#3411 = VERTEX_POINT ( 'NONE', #1485 ) ;
#3412 = CARTESIAN_POINT ( 'NONE',  ( -0.07000000000000000700, -0.006000000000000000100, 0.07800000000000000000 ) ) ;
#3413 = B_SPLINE_CURVE_WITH_KNOTS ( 'NONE', 3,
 ( #3377, #2529, #1116, #3102, #1410, #3391, #1692, #3667, #1976, #244, #2253, #545, #2544, #831, #2839, #1129, #3118, #1421, #3401, #1703, #3675, #1989, #255, #2265, #555, #2558, #841, #2854, #1139, #3130 ),
 .UNSPECIFIED., .F., .F.,
 ( 4, 1, 2, 2, 2, 1, 2, 2, 2, 1, 2, 2, 2, 1, 2, 2, 4 ),
 ( 0.0000000000000000000, 0.06249999999999969500, 0.09374999999999979200, 0.1249999999999998900, 0.2500000000000002200, 0.3125000000000004400, 0.3437500000000002200, 0.3749999999999999400, 0.4999999999999986700, 0.5624999999999980000, 0.5937499999999984500, 0.6249999999999987800, 0.7499999999999995600, 0.8124999999999997800, 0.8437499999999997800, 0.8749999999999996700, 1.000000000000000000 ),
 .UNSPECIFIED. ) ;
#3414 = PRODUCT_DEFINITION_SHAPE ( 'NONE', 'NONE',  #2935 ) ;
#3415 = CARTESIAN_POINT ( 'NONE',  ( -0.1518181397021367000, 0.01549979029448338500, 0.02880775795814524000 ) ) ;
#3416 = DIRECTION ( 'NONE',  ( -0.9659258262890676500, 0.2588190451025229000, 0.0000000000000000000 ) ) ;
#3417 = DIRECTION ( 'NONE',  ( 0.0000000000000000000, -0.0000000000000000000, -1.000000000000000000 ) ) ;
#3418 = DIRECTION ( 'NONE',  ( 0.9659258262890680900, -0.2588190451025215200, 0.0000000000000000000 ) ) ;
#3419 = ADVANCED_FACE ( 'NONE', ( #2026 ), #2088, .T. ) ;
#3420 = CARTESIAN_POINT ( 'NONE',  ( 0.1479330318784047600, 0.01569137540880862300, -0.04700000000000006300 ) ) ;
#3421 = STYLED_ITEM ( 'NONE', ( #3504 ), #3142 ) ;
#3422 = LENGTH_MEASURE_WITH_UNIT ( LENGTH_MEASURE( 0.02539999999999999900 ), #1935 );
#3423 = LENGTH_MEASURE_WITH_UNIT ( LENGTH_MEASURE( 0.02539999999999999900 ), #2106 );
#3424 = CARTESIAN_POINT ( 'NONE',  ( -0.1670497772732067700, 0.02291494197020651700, 0.06172633217640467700 ) ) ;
#3425 = CARTESIAN_POINT ( 'NONE',  ( -0.1804356481773943500, 0.02316782857981952000, 0.03239060358528068200 ) ) ;
#3426 = FILL_AREA_STYLE_COLOUR ( '', #2254 ) ;
#3427 = CARTESIAN_POINT ( 'NONE',  ( 0.07310582854123025300, -0.005591109915468823500, 0.07800000000000000000 ) ) ;
#3428 = VERTEX_POINT ( 'NONE', #632 ) ;
#3429 = CARTESIAN_POINT ( 'NONE',  ( -0.1727590661736566100, 0.02111089463128669800, 0.06736741475072574600 ) ) ;
#3430 = ORIENTED_EDGE ( 'NONE', *, *, #2006, .T. ) ;
#3431 = SHAPE_REPRESENTATION ( '112TR', ( #1977 ), #1599 ) ;
#3432 = EDGE_CURVE ( 'NONE', #1617, #1921, #1001, .T. ) ;
#3433 = EDGE_LOOP ( 'NONE', ( #2560, #847, #24, #1400, #1662 ) ) ;
#3434 = PRESENTATION_LAYER_ASSIGNMENT (  '', '', ( #2379 ) ) ;
#3435 = STYLED_ITEM ( 'NONE', ( #3699 ), #819 ) ;
#3436 = ORIENTED_EDGE ( 'NONE', *, *, #3366, .F. ) ;
#3437 = VERTEX_POINT ( 'NONE', #2358 ) ;
#3438 = CARTESIAN_POINT ( 'NONE',  ( -0.1707728864236330900, 0.02232063740079143900, 0.03227366782359544800 ) ) ;
#3439 = ADVANCED_FACE ( 'NONE', ( #1678 ), #755, .T. ) ;
#3440 = UNCERTAINTY_MEASURE_WITH_UNIT (LENGTH_MEASURE( 1.000000000000000100E-005 ), #920, 'distance_accuracy_value', 'NONE');
#3441 = ORIENTED_EDGE ( 'NONE', *, *, #3294, .F. ) ;
#3442 = EDGE_LOOP ( 'NONE', ( #2185, #1566, #3584, #1280, #2921, #3396, #3459, #3548, #2686, #155, #1970, #2730 ) ) ;
#3443 = CARTESIAN_POINT ( 'NONE',  ( -0.1829430192539159600, 0.03005133372154261000, -0.08893794194197340900 ) ) ;
#3444 =( LENGTH_UNIT ( ) NAMED_UNIT ( * ) SI_UNIT ( $, .METRE. ) );
#3445 =( NAMED_UNIT ( * ) SI_UNIT ( $, .STERADIAN. ) SOLID_ANGLE_UNIT ( ) );
#3446 = CARTESIAN_POINT ( 'NONE',  ( -0.1448970733761572000, 0.01364529616167495400, 0.05657359898238360100 ) ) ;
#3447 = AXIS2_PLACEMENT_3D ( 'NONE', #383, #2384, #676 ) ;
#3448 = VECTOR ( 'NONE', #1366, 39.37007874015748100 ) ;
#3449 = SURFACE_STYLE_USAGE ( .BOTH. , #1464 ) ;
#3450 = CARTESIAN_POINT ( 'NONE',  ( -0.1536145131421849400, 0.01598112710704903400, -0.02749341820851938100 ) ) ;
#3451 = FACE_OUTER_BOUND ( 'NONE', #1997, .T. ) ;
#3452 =( NAMED_UNIT ( * ) SI_UNIT ( $, .STERADIAN. ) SOLID_ANGLE_UNIT ( ) );
#3453 = CARTESIAN_POINT ( 'NONE',  ( -0.1509842432936335800, 0.03552168107242913800, -0.03874325112191568500 ) ) ;
#3454 = LENGTH_MEASURE_WITH_UNIT ( LENGTH_MEASURE( 0.02539999999999999900 ), #2049 );
#3455 = DIRECTION ( 'NONE',  ( 0.9659258262890682000, -0.2588190451025214600, 0.0000000000000000000 ) ) ;
#3456 = EDGE_CURVE ( 'NONE', #3373, #3388, #2836, .T. ) ;
#3457 = CARTESIAN_POINT ( 'NONE',  ( -0.1401641198655446700, 0.02297442032741993000, 0.04700000000000006300 ) ) ;
#3458 = ADVANCED_FACE ( 'NONE', ( #549 ), #3135, .F. ) ;
#3459 = ORIENTED_EDGE ( 'NONE', *, *, #3202, .T. ) ;
#3460 = UNCERTAINTY_MEASURE_WITH_UNIT (LENGTH_MEASURE( 1.000000000000000100E-005 ), #834, 'distance_accuracy_value', 'NONE');
#3461 = EDGE_CURVE ( 'NONE', #3306, #2009, #1720, .T. ) ;
#3462 = CARTESIAN_POINT ( 'NONE',  ( -0.1829430192539159000, 0.03005133372154261000, 0.04700000000000006300 ) ) ;
#3463 = SURFACE_STYLE_USAGE ( .BOTH. , #1481 ) ;
#3464 = PRESENTATION_STYLE_ASSIGNMENT (( #634 ) ) ;
#3465 = PRESENTATION_STYLE_ASSIGNMENT (( #3449 ) ) ;
#3466 = CARTESIAN_POINT ( 'NONE',  ( 0.1515836178269699100, 0.01702261681971243400, -0.02778508177622729400 ) ) ;
#3467 = FILL_AREA_STYLE ('',( #3681 ) ) ;
#3468 = CARTESIAN_POINT ( 'NONE',  ( -0.1633699731734308500, 0.02208105370647272000, 0.04700000000000006300 ) ) ;
#3469 =( GEOMETRIC_REPRESENTATION_CONTEXT ( 3 ) GLOBAL_UNCERTAINTY_ASSIGNED_CONTEXT ( ( #722 ) ) GLOBAL_UNIT_ASSIGNED_CONTEXT ( ( #3588, #1894, #156 ) ) REPRESENTATION_CONTEXT ( 'NONE', 'WORKASPACE' ) );
#3471 = VECTOR ( 'NONE', #1799, 39.37007874015748100 ) ;
#3470 = CARTESIAN_POINT ( 'NONE',  ( 0.07000000000000000700, -0.006000000000000000100, -0.01600000000000004900 ) ) ;
#3472 = DIRECTION ( 'NONE',  ( -1.000000000000000000, -0.0000000000000000000, -0.0000000000000000000 ) ) ;
#3473 = CARTESIAN_POINT ( 'NONE',  ( -0.1492725953844383800, 0.01830367271251573400, -0.04700000000000006300 ) ) ;
#3474 = ORIENTED_EDGE ( 'NONE', *, *, #185, .F. ) ;
#3475 = DIRECTION ( 'NONE',  ( -0.9659258262890680900, -0.2588190451025213500, 0.0000000000000000000 ) ) ;
#3476 = CARTESIAN_POINT ( 'NONE',  ( -0.1817427903790546900, 0.03023983873174639100, -0.007283144819923469500 ) ) ;
#3477 = SURFACE_STYLE_USAGE ( .BOTH. , #1494 ) ;
#3478 = DIRECTION ( 'NONE',  ( -0.2588190451025215200, 0.9659258262890680900, -0.0000000000000000000 ) ) ;
#3479 = COLOUR_RGB ( '',1.000000000000000000, 0.8039215686274510100, 0.4941176470588235500 ) ;
#3480 = CARTESIAN_POINT ( 'NONE',  ( 0.1623499323121047300, 0.02453343270163690200, 0.07800000000000002800 ) ) ;
#3481 = DIRECTION ( 'NONE',  ( -0.2588190451025215200, 0.9659258262890680900, -0.0000000000000000000 ) ) ;
#3482 = CARTESIAN_POINT ( 'NONE',  ( 0.1492725953844383800, 0.01830367271251573400, 0.07618935886237225600 ) ) ;
#3483 = CARTESIAN_POINT ( 'NONE',  ( -0.1479330318784047600, 0.01569137540880861900, -0.01387057857742469600 ) ) ;
#3484 = AXIS2_PLACEMENT_3D ( 'NONE', #2010, #280, #2289 ) ;
#3485 = UNCERTAINTY_MEASURE_WITH_UNIT (LENGTH_MEASURE( 1.000000000000000100E-005 ), #2653, 'distance_accuracy_value', 'NONE');
#3486 = CARTESIAN_POINT ( 'NONE',  ( -0.1591801297522013600, 0.03771776223025952200, -0.05525674887808446800 ) ) ;
#3487 = DIRECTION ( 'NONE',  ( -0.2588190451025217400, -0.9659258262890680900, 0.0000000000000000000 ) ) ;
#3488 = CARTESIAN_POINT ( 'NONE',  ( 0.1401641198655446700, 0.02297442032741993000, 0.04700000000000006300 ) ) ;
#3489 = SURFACE_STYLE_FILL_AREA ( #1370 ) ;
#3490 = AXIS2_PLACEMENT_3D ( 'NONE', #1658, #3629, #1940 ) ;
#3491 = STYLED_ITEM ( 'NONE', ( #2119 ), #2003 ) ;
#3492 = PRODUCT_DEFINITION_FORMATION_WITH_SPECIFIED_SOURCE ( 'ANY', '', #3701, .NOT_KNOWN. ) ;
#3493 =( NAMED_UNIT ( * ) SI_UNIT ( $, .STERADIAN. ) SOLID_ANGLE_UNIT ( ) );
#3494 =( CONVERSION_BASED_UNIT ( 'INCH', #1193 ) LENGTH_UNIT ( ) NAMED_UNIT ( #69 ) );
#3495 = CARTESIAN_POINT ( 'NONE',  ( 0.1428134486736806800, 0.01308699060950031300, 0.04700000000000006900 ) ) ;
#3496 = LINE ( 'NONE', #86, #460 ) ;
#3497 = PRESENTATION_STYLE_ASSIGNMENT (( #547 ) ) ;
#3498 = EDGE_LOOP ( 'NONE', ( #2447, #1224, #1987, #886, #1260 ) ) ;
#3499 =( LENGTH_UNIT ( ) NAMED_UNIT ( * ) SI_UNIT ( $, .METRE. ) );
#3500 = DIRECTION ( 'NONE',  ( 0.0000000000000000000, -0.0000000000000000000, -1.000000000000000000 ) ) ;
#3501 = EDGE_CURVE ( 'NONE', #1617, #203, #2457, .T. ) ;
#3502 = DIRECTION ( 'NONE',  ( 1.000000000000000000, 0.0000000000000000000, 0.0000000000000000000 ) ) ;
#3503 =( GEOMETRIC_REPRESENTATION_CONTEXT ( 3 ) GLOBAL_UNCERTAINTY_ASSIGNED_CONTEXT ( ( #1187 ) ) GLOBAL_UNIT_ASSIGNED_CONTEXT ( ( #2138, #2104, #1850 ) ) REPRESENTATION_CONTEXT ( 'NONE', 'WORKASPACE' ) );
#3504 = PRESENTATION_STYLE_ASSIGNMENT (( #1241 ) ) ;
#3505 = SURFACE_STYLE_FILL_AREA ( #1775 ) ;
#3506 = SHAPE_DEFINITION_REPRESENTATION ( #3414, #3431 ) ;
#3507 = DIRECTION ( 'NONE',  ( -0.2588190451025215200, 0.9659258262890680900, -0.0000000000000000000 ) ) ;
#3508 =( CONVERSION_BASED_UNIT ( 'INCH', #3537 ) LENGTH_UNIT ( ) NAMED_UNIT ( #659 ) );
#3509 =( NAMED_UNIT ( * ) SI_UNIT ( $, .STERADIAN. ) SOLID_ANGLE_UNIT ( ) );
#3510 = DIMENSIONAL_EXPONENTS ( 1.000000000000000000, 0.0000000000000000000, 0.0000000000000000000, 0.0000000000000000000, 0.0000000000000000000, 0.0000000000000000000, 0.0000000000000000000 ) ;
#3511 = COLOUR_RGB ( '',1.000000000000000000, 0.8039215686274510100, 0.4941176470588235500 ) ;
#3512 = LENGTH_MEASURE_WITH_UNIT ( LENGTH_MEASURE( 0.02539999999999999900 ), #693 );
#3513 =( NAMED_UNIT ( * ) PLANE_ANGLE_UNIT ( ) SI_UNIT ( $, .RADIAN. ) );
#3514 = AXIS2_PLACEMENT_3D ( 'NONE', #2962, #2339, #677 ) ;
#3515 = PRESENTATION_LAYER_ASSIGNMENT (  '', '', ( #3138 ) ) ;
#3516 = VERTEX_POINT ( 'NONE', #1869 ) ;
#3517 = CARTESIAN_POINT ( 'NONE',  ( 0.1633699731734308800, 0.02208105370647272400, -0.06159467943118615600 ) ) ;
#3518 = VERTEX_POINT ( 'NONE', #1011 ) ;
#3519 = CARTESIAN_POINT ( 'NONE',  ( 0.1841165628816028000, 0.03036578378886400200, 0.04700000000000006900 ) ) ;
#3520 = DIRECTION ( 'NONE',  ( 0.0000000000000000000, -0.0000000000000000000, -1.000000000000000000 ) ) ;
#3521 = SURFACE_STYLE_USAGE ( .BOTH. , #1537 ) ;
#3522 = DIRECTION ( 'NONE',  ( 0.0000000000000000000, 0.0000000000000000000, 1.000000000000000000 ) ) ;
#3523 = CARTESIAN_POINT ( 'NONE',  ( 0.1609575297236173200, 0.03108441523156372400, -0.04067201956002122800 ) ) ;
#3524 =( GEOMETRIC_REPRESENTATION_CONTEXT ( 3 ) GLOBAL_UNCERTAINTY_ASSIGNED_CONTEXT ( ( #1713 ) ) GLOBAL_UNIT_ASSIGNED_CONTEXT ( ( #1638, #3619, #1925 ) ) REPRESENTATION_CONTEXT ( 'NONE', 'WORKASPACE' ) );
#3525 =( BOUNDED_SURFACE ( )  B_SPLINE_SURFACE ( 3, 3, ( 
 ( #3190, #1501, #3482, #1789 ),
 ( #46, #2070, #343, #2340 ),
 ( #639, #2638, #923, #2937 ),
 ( #1223, #3213, #1516, #3495 ) ),
 .UNSPECIFIED., .F., .F., .F. ) 
 B_SPLINE_SURFACE_WITH_KNOTS ( ( 4, 4 ),
 ( 4, 4 ),
 ( 0.0000000000000000000, 1.000000000000000000 ),
 ( 0.0000000000000000000, 1.000000000000000000 ),
 .UNSPECIFIED. ) 
 GEOMETRIC_REPRESENTATION_ITEM ( )  RATIONAL_B_SPLINE_SURFACE ( (
 ( 1.000000000000000000, 0.3333333333333335400, 0.3333333333333335400, 1.000000000000000000),
 ( 0.9427141906301193000, 0.3142380635433733000, 0.3142380635433733000, 0.9427141906301193000),
 ( 0.9427141906301193000, 0.3142380635433733000, 0.3142380635433733000, 0.9427141906301193000),
 ( 1.000000000000000000, 0.3333333333333335400, 0.3333333333333335400, 1.000000000000000000) ) ) 
 REPRESENTATION_ITEM ( '' )  SURFACE ( )  );
#3526 = VERTEX_POINT ( 'NONE', #3570 ) ;
#3527 = ORIENTED_EDGE ( 'NONE', *, *, #211, .T. ) ;
#3528 = CARTESIAN_POINT ( 'NONE',  ( 0.1428134486736807000, 0.01308699060950033000, -0.09136782547080582500 ) ) ;
#3529 =( BOUNDED_CURVE ( )  B_SPLINE_CURVE ( 3, ( #1475, #2896, #313, #2314 ),
 .UNSPECIFIED., .F., .F. ) 
 B_SPLINE_CURVE_WITH_KNOTS ( ( 4, 4 ),
 ( 0.0000000000000000000, 1.000000000000000000 ),
 .UNSPECIFIED. ) 
 CURVE ( )  GEOMETRIC_REPRESENTATION_ITEM ( )  RATIONAL_B_SPLINE_CURVE ( ( 1.000000000000000000, 0.3333333333333335400, 0.3333333333333335400, 1.000000000000000000 ) ) 
 REPRESENTATION_ITEM ( '' )  );
#3530 = COLOUR_RGB ( '',1.000000000000000000, 0.8039215686274510100, 0.4941176470588235500 ) ;
#3531 = CARTESIAN_POINT ( 'NONE',  ( 0.1623775049890052400, 0.02578499539564486600, 0.02778508177622731800 ) ) ;
#3532 = ORIENTED_EDGE ( 'NONE', *, *, #2499, .F. ) ;
#3533 = EDGE_CURVE ( 'NONE', #2009, #1257, #3137, .T. ) ;
#3534 = CARTESIAN_POINT ( 'NONE',  ( 0.1807221445045955100, 0.03089890283323588200, -0.04700000000000005600 ) ) ;
#3535 = APPLICATION_CONTEXT ( 'automotive_design' ) ;
#3536 = CARTESIAN_POINT ( 'NONE',  ( 0.1791056961341458100, 0.02818749822255071600, -0.05332798043997891800 ) ) ;
#3537 = LENGTH_MEASURE_WITH_UNIT ( LENGTH_MEASURE( 0.02539999999999999900 ), #1525 );
#3538 = CARTESIAN_POINT ( 'NONE',  ( 0.1623278859655180900, 0.02597017611232079300, -0.04700000000000006300 ) ) ;
#3539 = FILL_AREA_STYLE ('',( #3256 ) ) ;
#3540 = SURFACE_STYLE_FILL_AREA ( #1182 ) ;
#3541 = FACE_OUTER_BOUND ( 'NONE', #2753, .T. ) ;
#3542 = DIRECTION ( 'NONE',  ( 0.9659258262890680900, -0.2588190451025214600, 8.965985653112928700E-016 ) ) ;
#3543 = COLOUR_RGB ( '',1.000000000000000000, 0.8039215686274510100, 0.4941176470588235500 ) ;
#3544 = CARTESIAN_POINT ( 'NONE',  ( 0.07000000000000000700, 0.005999999999999997500, 0.07800000000000000000 ) ) ;
#3545 = DIRECTION ( 'NONE',  ( 0.2588190451025217400, -0.9659258262890680900, -0.0000000000000000000 ) ) ;
#3546 = CARTESIAN_POINT ( 'NONE',  ( 0.1817427903790546600, 0.03023983873174637300, -0.007283144819923553600 ) ) ;
#3547 = CARTESIAN_POINT ( 'NONE',  ( -0.1492725953844383500, 0.01830367271251572700, -0.04700000000000006900 ) ) ;
#3548 = ORIENTED_EDGE ( 'NONE', *, *, #2282, .T. ) ;
#3549 = PRESENTATION_STYLE_ASSIGNMENT (( #1371 ) ) ;
#3550 = DIRECTION ( 'NONE',  ( 0.0000000000000000000, 0.0000000000000000000, -1.000000000000000000 ) ) ;
#3551 = CARTESIAN_POINT ( 'NONE',  ( 0.1433792542216359700, 0.01996036019956383800, 0.08671685518007665700 ) ) ;
#3552 = FACE_OUTER_BOUND ( 'NONE', #425, .T. ) ;
#3553 = PRESENTATION_STYLE_ASSIGNMENT (( #711 ) ) ;
#3554 = EDGE_CURVE ( 'NONE', #3007, #571, #170, .T. ) ;
#3555 = VECTOR ( 'NONE', #1873, 39.37007874015748100 ) ;
#3556 = PRESENTATION_STYLE_ASSIGNMENT (( #2883 ) ) ;
#3557 = DIRECTION ( 'NONE',  ( 0.2588190451025215200, 0.9659258262890680900, -0.0000000000000000000 ) ) ;
#3558 = CARTESIAN_POINT ( 'NONE',  ( 0.1623499323121047300, 0.02453343270163690200, 0.04699999999999888300 ) ) ;
#3559 =( NAMED_UNIT ( * ) PLANE_ANGLE_UNIT ( ) SI_UNIT ( $, .RADIAN. ) );
#3560 = CIRCLE ( 'NONE', #1295, 0.01459467943118608100 ) ;
#3561 = ORIENTED_EDGE ( 'NONE', *, *, #3152, .T. ) ;
#3562 = DIRECTION ( 'NONE',  ( 1.182917971378669600E-016, 3.169619151431774200E-017, 1.000000000000000000 ) ) ;
#3563 = AXIS2_PLACEMENT_3D ( 'NONE', #3023, #1317, #3310 ) ;
#3564 = EDGE_LOOP ( 'NONE', ( #2906, #1964, #521, #2538 ) ) ;
#3565 = DIRECTION ( 'NONE',  ( 0.9659258262890679800, 0.2588190451025215700, 0.0000000000000000000 ) ) ;
#3566 = CARTESIAN_POINT ( 'NONE',  ( -0.1405628328110793100, 0.02260441136696421700, 0.03874325112191566400 ) ) ;
#3567 = SURFACE_STYLE_USAGE ( .BOTH. , #1591 ) ;
#3568 = UNCERTAINTY_MEASURE_WITH_UNIT (LENGTH_MEASURE( 1.000000000000000100E-005 ), #3068, 'distance_accuracy_value', 'NONE');
#3569 = DIRECTION ( 'NONE',  ( -0.9659258262890680900, -0.2588190451025215200, 0.0000000000000000000 ) ) ;
#3570 = CARTESIAN_POINT ( 'NONE',  ( -0.07155291427061515100, 0.0002044450422655923500, -0.01600000000000004200 ) ) ;
#3571 = DIMENSIONAL_EXPONENTS ( 1.000000000000000000, 0.0000000000000000000, 0.0000000000000000000, 0.0000000000000000000, 0.0000000000000000000, 0.0000000000000000000, 0.0000000000000000000 ) ;
#3572 = EDGE_CURVE ( 'NONE', #3284, #2033, #2371, .T. ) ;
#3573 = LENGTH_MEASURE_WITH_UNIT ( LENGTH_MEASURE( 0.02539999999999999900 ), #404 );
#3574 =( NAMED_UNIT ( * ) PLANE_ANGLE_UNIT ( ) SI_UNIT ( $, .RADIAN. ) );
#3575 = PRESENTATION_STYLE_ASSIGNMENT (( #96 ) ) ;
#3576 = CARTESIAN_POINT ( 'NONE',  ( -0.1591801297522013600, 0.03771776223025956300, 0.05525674887808448100 ) ) ;
#3577 = SURFACE_STYLE_FILL_AREA ( #2720 ) ;
#3578 = CIRCLE ( 'NONE', #3447, 0.01200000000000000200 ) ;
#3579 = AXIS2_PLACEMENT_3D ( 'NONE', #618, #2614, #900 ) ;
#3580 = DIRECTION ( 'NONE',  ( -0.2588190451025229000, -0.9659258262890677600, -0.0000000000000000000 ) ) ;
#3581 = CIRCLE ( 'NONE', #1598, 0.03100000000000002100 ) ;
#3582 = FILL_AREA_STYLE_COLOUR ( '', #3362 ) ;
#3583 = STYLED_ITEM ( 'NONE', ( #1541 ), #3658 ) ;
#3584 = ORIENTED_EDGE ( 'NONE', *, *, #3295, .T. ) ;
#3585 = CARTESIAN_POINT ( 'NONE',  ( -0.1623499323121046500, 0.02453343270163699600, 0.07799999999999944500 ) ) ;
#3586 = FILL_AREA_STYLE_COLOUR ( '', #1375 ) ;
#3587 = PRESENTATION_LAYER_ASSIGNMENT (  '', '', ( #3214 ) ) ;
#3588 =( CONVERSION_BASED_UNIT ( 'INCH', #832 ) LENGTH_UNIT ( ) NAMED_UNIT ( #2097 ) );
#3589 = SURFACE_STYLE_FILL_AREA ( #944 ) ;
#3590 = CARTESIAN_POINT ( 'NONE',  ( -0.1509842432936335800, 0.03552168107242914500, 0.05525674887808449500 ) ) ;
#3591 = CARTESIAN_POINT ( 'NONE',  ( -0.1439336274264407000, 0.02104144939140572800, -0.04700000000000006300 ) ) ;
#3593 = COLOUR_RGB ( '',1.000000000000000000, 0.8039215686274510100, 0.4941176470588235500 ) ;
#3592 = DIMENSIONAL_EXPONENTS ( 1.000000000000000000, 0.0000000000000000000, 0.0000000000000000000, 0.0000000000000000000, 0.0000000000000000000, 0.0000000000000000000, 0.0000000000000000000 ) ;
#3594 = CARTESIAN_POINT ( 'NONE',  ( -0.1591801297522013600, 0.03771776223025954900, 0.05525674887808446100 ) ) ;
#3595 = FILL_AREA_STYLE_COLOUR ( '', #2285 ) ;
#3596 = CARTESIAN_POINT ( 'NONE',  ( -0.1401641198655446700, 0.02297442032741993000, -0.04700000000000006300 ) ) ;
#3597 = EDGE_CURVE ( 'NONE', #3688, #2368, #946, .T. ) ;
#3598 = CARTESIAN_POINT ( 'NONE',  ( 0.1807221445045955100, 0.03089890283323588200, -0.04700000000000005600 ) ) ;
#3599 = CARTESIAN_POINT ( 'NONE',  ( -0.07310582854123028100, -0.005591109915468814000, -0.07800000000000000000 ) ) ;
#3600 = SURFACE_SIDE_STYLE ('',( #3505 ) ) ;
#3601 = ORIENTED_EDGE ( 'NONE', *, *, #1177, .T. ) ;
#3602 = CARTESIAN_POINT ( 'NONE',  ( -0.1443966255079769400, 0.03017391338828151800, 0.05525674887808449500 ) ) ;
#3603 = FILL_AREA_STYLE_COLOUR ( '', #949 ) ;
#3604 = ORIENTED_EDGE ( 'NONE', *, *, #2428, .T. ) ;
#3605 = AXIS2_PLACEMENT_3D ( 'NONE', #2076, #349, #3502 ) ;
#3606 = ORIENTED_EDGE ( 'NONE', *, *, #489, .F. ) ;
#3607 =( NAMED_UNIT ( * ) PLANE_ANGLE_UNIT ( ) SI_UNIT ( $, .RADIAN. ) );
#3608 = DIMENSIONAL_EXPONENTS ( 1.000000000000000000, 0.0000000000000000000, 0.0000000000000000000, 0.0000000000000000000, 0.0000000000000000000, 0.0000000000000000000, 0.0000000000000000000 ) ;
#3609 = PRESENTATION_LAYER_ASSIGNMENT (  '', '', ( #3047 ) ) ;
#3610 = CIRCLE ( 'NONE', #2734, 0.01459467943118608100 ) ;
#3611 = CARTESIAN_POINT ( 'NONE',  ( 0.1549940764063783800, 0.01635077996959730100, -0.02697321428689971100 ) ) ;
#3612 = CARTESIAN_POINT ( 'NONE',  ( 0.1591801297522013600, 0.03771776223025952200, 0.05525674887808446800 ) ) ;
#3613 = DIRECTION ( 'NONE',  ( 0.2588190451025216300, -0.9659258262890680900, 0.0000000000000000000 ) ) ;
#3614 = EDGE_CURVE ( 'NONE', #2368, #643, #3227, .T. ) ;
#3615 = ORIENTED_EDGE ( 'NONE', *, *, #3456, .T. ) ;
#3616 = EDGE_CURVE ( 'NONE', #1709, #2304, #859, .T. ) ;
#3617 = PRESENTATION_LAYER_ASSIGNMENT (  '', '', ( #3435 ) ) ;
#3618 =( NAMED_UNIT ( * ) PLANE_ANGLE_UNIT ( ) SI_UNIT ( $, .RADIAN. ) );
#3619 =( NAMED_UNIT ( * ) PLANE_ANGLE_UNIT ( ) SI_UNIT ( $, .RADIAN. ) );
#3620 = CARTESIAN_POINT ( 'NONE',  ( 0.1856694771522178500, 0.02457022883112957400, -0.002632174529194423700 ) ) ;
#3621 = CARTESIAN_POINT ( 'NONE',  ( -0.1829430192539159600, 0.03005133372154262700, 0.04700000000000005600 ) ) ;
#3622 = CARTESIAN_POINT ( 'NONE',  ( 0.1829140923008796000, 0.02383192568119303600, -0.03608474682119412700 ) ) ;
#3623 = AXIS2_PLACEMENT_3D ( 'NONE', #1439, #3418, #1721 ) ;
#3624 = CARTESIAN_POINT ( 'NONE',  ( 0.1597662252102079700, 0.02096332007689595200, 0.06172633217640469800 ) ) ;
#3625 = AXIS2_PLACEMENT_3D ( 'NONE', #3223, #1234, #1245 ) ;
#3626 = CARTESIAN_POINT ( 'NONE',  ( 0.1828337769366177900, 0.02381040524838278300, 0.04700000000000006900 ) ) ;
#3627 = SURFACE_STYLE_USAGE ( .BOTH. , #1655 ) ;
#3628 = CARTESIAN_POINT ( 'NONE',  ( -0.1434752019650039100, 0.01326430686531550500, -0.05251637122293556500 ) ) ;
#3629 = DIRECTION ( 'NONE',  ( -1.182917971378669600E-016, 3.169619151431774200E-017, -1.000000000000000000 ) ) ;
#3630 =( LENGTH_UNIT ( ) NAMED_UNIT ( * ) SI_UNIT ( $, .METRE. ) );
#3631 =( NAMED_UNIT ( * ) PLANE_ANGLE_UNIT ( ) SI_UNIT ( $, .RADIAN. ) );
#3632 = LINE ( 'NONE', #2303, #2897 ) ;
#3633 = VECTOR ( 'NONE', #3011, 39.37007874015748100 ) ;
#3634 = SURFACE_STYLE_FILL_AREA ( #3148 ) ;
#3635 = CARTESIAN_POINT ( 'NONE',  ( 0.1854769149748960500, 0.02451863194703991800, 0.04350529656604697200 ) ) ;
#3636 = CIRCLE ( 'NONE', #2256, 0.03100000000000002800 ) ;
#3637 = CARTESIAN_POINT ( 'NONE',  ( 0.1568390703895839700, 0.01858708264698416200, 0.03227366782359544800 ) ) ;
#3638 =( GEOMETRIC_REPRESENTATION_CONTEXT ( 3 ) GLOBAL_UNCERTAINTY_ASSIGNED_CONTEXT ( ( #2382 ) ) GLOBAL_UNIT_ASSIGNED_CONTEXT ( ( #3222, #2959, #3493 ) ) REPRESENTATION_CONTEXT ( 'NONE', 'WORKASPACE' ) );
#3639 = CIRCLE ( 'NONE', #3358, 0.01904313772181161900 ) ;
#3640 = CARTESIAN_POINT ( 'NONE',  ( 0.1830201483440818400, 0.03445765854904917600, 0.04700000000000006300 ) ) ;
#3641 = CARTESIAN_POINT ( 'NONE',  ( -0.07000000000000000700, 0.005999999999999969800, 0.01600000000000004900 ) ) ;
#3642 = CARTESIAN_POINT ( 'NONE',  ( -0.1676000319251627100, 0.01972853557067825000, -0.06899152921377310600 ) ) ;
#3643 = LINE ( 'NONE', #225, #1478 ) ;
#3644 = PRESENTATION_LAYER_ASSIGNMENT (  '', '', ( #2799 ) ) ;
#3645 = ORIENTED_EDGE ( 'NONE', *, *, #583, .F. ) ;
#3646 = PRESENTATION_STYLE_ASSIGNMENT (( #3262 ) ) ;
#3647 = CARTESIAN_POINT ( 'NONE',  ( -0.1496274375683257800, 0.02530280207860692600, 0.04067201956002123400 ) ) ;
#3648 = CARTESIAN_POINT ( 'NONE',  ( -0.1828337769366178700, 0.02381040524838278600, 0.04700000000000006300 ) ) ;
#3649 = DIRECTION ( 'NONE',  ( -0.9659258262890678700, 0.2588190451025221800, 0.0000000000000000000 ) ) ;
#3650 = FILL_AREA_STYLE ('',( #2507 ) ) ;
#3652 = ORIENTED_EDGE ( 'NONE', *, *, #2239, .T. ) ;
#3651 = AXIS2_PLACEMENT_3D ( 'NONE', #1118, #3107, #1412 ) ;
#3653 = EDGE_LOOP ( 'NONE', ( #1884, #403, #2685 ) ) ;
#3654 = VERTEX_POINT ( 'NONE', #1324 ) ;
#3655 = MECHANICAL_DESIGN_GEOMETRIC_PRESENTATION_REPRESENTATION (  '', ( #2713 ), #127 ) ;
#3656 = CARTESIAN_POINT ( 'NONE',  ( 0.1634080012417073700, 0.02193913102355125500, 0.06172633217640468400 ) ) ;
#3657 = CARTESIAN_POINT ( 'NONE',  ( -0.1623278859655180900, 0.02597017611232081300, -0.04700000000000006300 ) ) ;
#3658 = ADVANCED_FACE ( 'NONE', ( #1628 ), #1820, .T. ) ;
#3659 = CARTESIAN_POINT ( 'NONE',  ( -0.1856694771526362100, 0.02457022882956828900, -0.04700000000000009700 ) ) ;
#3660 = CARTESIAN_POINT ( 'NONE',  ( -0.1807221445045955100, 0.03089890283323589900, -0.04700000000000006900 ) ) ;
#3661 = CIRCLE ( 'NONE', #3687, 0.03100000000000002800 ) ;
#3662 = CARTESIAN_POINT ( 'NONE',  ( -0.1496274375683258300, 0.02530280207860691500, -0.05332798043997890500 ) ) ;
#3663 = EDGE_CURVE ( 'NONE', #660, #643, #1937, .T. ) ;
#3664 = EDGE_CURVE ( 'NONE', #1442, #3095, #2698, .T. ) ;
#3665 =( NAMED_UNIT ( * ) SI_UNIT ( $, .STERADIAN. ) SOLID_ANGLE_UNIT ( ) );
#3666 = LENGTH_MEASURE_WITH_UNIT ( LENGTH_MEASURE( 0.02539999999999999900 ), #3064 );
#3667 = CARTESIAN_POINT ( 'NONE',  ( 0.1470089669930939000, 0.01421117635083357600, 0.06052827685667185700 ) ) ;
#3668 =( LENGTH_UNIT ( ) NAMED_UNIT ( * ) SI_UNIT ( $, .METRE. ) );
#3669 = DIRECTION ( 'NONE',  ( -0.2588190451025217400, 0.9659258262890680900, 0.0000000000000000000 ) ) ;
#3670 = CIRCLE ( 'NONE', #1015, 0.03100000000000002100 ) ;
#3671 = CARTESIAN_POINT ( 'NONE',  ( 0.1727590661736562700, 0.02111089463128659400, -0.06736741475072588500 ) ) ;
#3672 = AXIS2_PLACEMENT_3D ( 'NONE', #1167, #3156, #1456 ) ;
#3673 = ORIENTED_EDGE ( 'NONE', *, *, #2051, .T. ) ;
#3674 = ADVANCED_FACE ( 'NONE', ( #499, #1184 ), #2851, .F. ) ;
#3675 = CARTESIAN_POINT ( 'NONE',  ( 0.1748684126858163200, 0.02167609232577727400, 0.06650658179147445100 ) ) ;
#3676 = PRODUCT_RELATED_PRODUCT_CATEGORY ( 'part', '', ( #3701 ) ) ;
#3677 = FACE_OUTER_BOUND ( 'NONE', #3173, .T. ) ;
#3678 =( BOUNDED_SURFACE ( )  B_SPLINE_SURFACE ( 3, 3, ( 
 ( #3020, #2208, #492, #2487 ),
 ( #785, #2791, #1077, #3072 ),
 ( #1364, #3354, #1654, #3626 ),
 ( #1934, #201, #2220, #502 ) ),
 .UNSPECIFIED., .F., .F., .F. ) 
 B_SPLINE_SURFACE_WITH_KNOTS ( ( 4, 4 ),
 ( 4, 4 ),
 ( 0.0000000000000000000, 1.000000000000000000 ),
 ( 0.0000000000000000000, 1.000000000000000000 ),
 .UNSPECIFIED. ) 
 GEOMETRIC_REPRESENTATION_ITEM ( )  RATIONAL_B_SPLINE_SURFACE ( (
 ( 1.000000000000000000, 0.3333333333333332000, 0.3333333333333332000, 1.000000000000000000),
 ( 0.9427141906301194100, 0.3142380635433730300, 0.3142380635433730300, 0.9427141906301194100),
 ( 0.9427141906301194100, 0.3142380635433730300, 0.3142380635433730300, 0.9427141906301194100),
 ( 1.000000000000000000, 0.3333333333333332000, 0.3333333333333332000, 1.000000000000000000) ) ) 
 REPRESENTATION_ITEM ( '' )  SURFACE ( )  );
#3679 = CARTESIAN_POINT ( 'NONE',  ( 0.1466892150844986700, 0.01950152830383892300, -0.04067201956002123400 ) ) ;
#3680 = PRESENTATION_STYLE_ASSIGNMENT (( #1695 ) ) ;
#3681 = FILL_AREA_STYLE_COLOUR ( '', #592 ) ;
#3682 = CARTESIAN_POINT ( 'NONE',  ( 0.1448970733761570100, 0.01364529616167487400, -0.05657359898238333700 ) ) ;
#3683 = PRESENTATION_STYLE_ASSIGNMENT (( #2399 ) ) ;
#3684 =( NAMED_UNIT ( * ) SI_UNIT ( $, .STERADIAN. ) SOLID_ANGLE_UNIT ( ) );
#3685 = FILL_AREA_STYLE ('',( #1096 ) ) ;
#3686 = EDGE_CURVE ( 'NONE', #3428, #1434, #379, .T. ) ;
#3687 = AXIS2_PLACEMENT_3D ( 'NONE', #2833, #2821, #2539 ) ;
#3688 = VERTEX_POINT ( 'NONE', #1201 ) ;
#3689 = ADVANCED_FACE ( 'NONE', ( #1586 ), #3525, .T. ) ;
#3690 = SURFACE_STYLE_FILL_AREA ( #3115 ) ;
#3691 = ORIENTED_EDGE ( 'NONE', *, *, #1000, .F. ) ;
#3692 = CARTESIAN_POINT ( 'NONE',  ( -0.1549940764063775200, 0.01635077996959707900, 0.02697321428689974900 ) ) ;
#3693 = CARTESIAN_POINT ( 'NONE',  ( -0.1639028465827197800, 0.01873787774390259600, 0.07799999999999890400 ) ) ;
#3694 = ORIENTED_EDGE ( 'NONE', *, *, #1172, .F. ) ;
#3695 = EDGE_LOOP ( 'NONE', ( #1213, #2099, #1215, #1657, #554, #397, #243, #1196 ) ) ;
#3696 = CARTESIAN_POINT ( 'NONE',  ( -0.1439336274264406700, 0.02104144939140570300, 0.04700000000000006300 ) ) ;
#3697 = CIRCLE ( 'NONE', #2537, 0.03100000000000002800 ) ;
#3698 = MECHANICAL_DESIGN_GEOMETRIC_PRESENTATION_REPRESENTATION (  '', ( #3325 ), #175 ) ;
#3699 = PRESENTATION_STYLE_ASSIGNMENT (( #3276 ) ) ;
#3700 = CARTESIAN_POINT ( 'NONE',  ( -0.1739298971459620500, 0.02025956414486002100, 0.06172633217640468400 ) ) ;
#3701 = PRODUCT ( '112TR', '112TR', '', ( #89 ) ) ;
#3702 = CARTESIAN_POINT ( 'NONE',  ( -0.1829140923008793500, 0.02383192568119298800, 0.03608474682119300300 ) ) ;
#3703 = CARTESIAN_POINT ( 'NONE',  ( -0.07000000000000000700, -0.006000000000000000100, 0.01600000000000004900 ) ) ;
#3704 = DIRECTION ( 'NONE',  ( -0.2588190451025216800, -0.9659258262890680900, 0.0000000000000000000 ) ) ;
#3705 = CARTESIAN_POINT ( 'NONE',  ( -0.1669530362584821800, 0.01955517360428476300, 0.06918126958837538000 ) ) ;
#3706 = CIRCLE ( 'NONE', #648, 0.03100000000000002800 ) ;
#3707 = ADVANCED_FACE ( 'NONE', ( #1, #2223 ), #355, .T. ) ;
#3708 = FACE_BOUND ( 'NONE', #1903, .T. ) ;
#3709 = AXIS2_PLACEMENT_3D ( 'NONE', #3488, #3285, #3274 ) ;
#3710 =( NAMED_UNIT ( * ) PLANE_ANGLE_UNIT ( ) SI_UNIT ( $, .RADIAN. ) );
#3711 = CARTESIAN_POINT ( 'NONE',  ( 0.1639028465827198400, 0.01873787774390249900, -0.04699999999999888300 ) ) ;
#3712 = DIRECTION ( 'NONE',  ( 0.9659258262890679800, -0.2588190451025216300, 0.0000000000000000000 ) ) ;
#3713 = CARTESIAN_POINT ( 'NONE',  ( -0.1433201161844078800, 0.01322275175564725400, 0.05256337331910395500 ) ) ;
#3714 = PRESENTATION_LAYER_ASSIGNMENT (  '', '', ( #3162 ) ) ;
#3715 = VECTOR ( 'NONE', #2615, 39.37007874015748100 ) ;
ENDSEC;
END-ISO-10303-21;
